[2026-09-06 19:21:27] 🚀 [server] Запускаем...
[2026-09-06 19:21:27] 🖥️  [server] Режим браузера: с UI
[2026-09-06 19:21:28] 🧭 [server] PORT из env: 3000
[2026-09-06 19:21:28] 🌐 [server] Health-сервер реально запущен на :3000
[2026-09-06 19:21:28] 🌐 [server] Живая страница: http://localhost:3000/controls
[2026-09-06 19:21:28] 🍪 [session] Найдена сохранённая сессия, проверяем...
[2026-09-06 19:21:28] ✅ [session] Сессия активна — логин не нужен
[2026-09-06 19:21:28] 🤖 Бот запущен. Интервал: 90с (±10%)
[2026-09-06 19:21:28] 🔘 [loop] флаги: farm=OFF (Линкор), expedition=OFF (Линкор×300e9, Броненосец×3e9, Эсминец×2e9, Крейсер×7e9), safety=ON; reserveSlots=10
[2026-09-06 19:21:30] 🔒 [loop] safety: включён → запускаем runSafetyCheck
[2026-09-06 19:21:30] 🛡️ [safety] Главная луна 1:363:6: входящие=0
[2026-09-06 19:21:30] 🛡️ [safety] Атак на главную луну нет, эвакуированных флотов нет
[2026-09-06 19:21:30] 🌾 [loop] farm: выключен → пропускаем runFarmCycle
[2026-09-06 19:21:30] 🚀 [loop] expedition: выключен → пропускаем launchExpeditions
[2026-09-06 19:21:30] 📊 [tick] миссий: 12 (unknown:5 return:5 expedition:2), атаки: 0
[2026-09-06 19:23:05] 🔘 [loop] флаги: farm=OFF (Линкор), expedition=OFF (Линкор×300e9, Броненосец×3e9, Эсминец×2e9, Крейсер×7e9), safety=ON; reserveSlots=10
[2026-09-06 19:23:06] 🔒 [loop] safety: включён → запускаем runSafetyCheck
[2026-09-06 19:23:06] 🛡️ [safety] Главная луна 1:363:6: входящие=0
[2026-09-06 19:23:06] 🛡️ [safety] Атак на главную луну нет, эвакуированных флотов нет
[2026-09-06 19:23:06] 🌾 [loop] farm: выключен → пропускаем runFarmCycle
[2026-09-06 19:23:06] 🚀 [loop] expedition: выключен → пропускаем launchExpeditions
[2026-09-06 19:23:06] 📊 [tick] миссий: 12 (unknown:5 return:5 expedition:2), атаки: 0
[2026-09-06 19:24:48] 🔘 [loop] флаги: farm=OFF (Линкор), expedition=OFF (Линкор×300e9, Броненосец×3e9, Эсминец×2e9, Крейсер×7e9), safety=ON; reserveSlots=10
[2026-09-06 19:24:50] 🔒 [loop] safety: включён → запускаем runSafetyCheck
[2026-09-06 19:24:50] 🛡️ [safety] Главная луна 1:363:6: входящие=0
[2026-09-06 19:24:50] 🛡️ [safety] Атак на главную луну нет, эвакуированных флотов нет
[2026-09-06 19:24:50] 🌾 [loop] farm: выключен → пропускаем runFarmCycle
[2026-09-06 19:24:50] 🚀 [loop] expedition: выключен → пропускаем launchExpeditions
[2026-09-06 19:24:50] 📊 [tick] миссий: 12 (unknown:5 return:5 expedition:2), атаки: 0
[2026-09-06 19:26:18] 🔘 [loop] флаги: farm=OFF (Линкор), expedition=OFF (Линкор×300e9, Броненосец×3e9, Эсминец×2e9, Крейсер×7e9), safety=ON; reserveSlots=10
[2026-09-06 19:26:19] 🔒 [loop] safety: включён → запускаем runSafetyCheck
[2026-09-06 19:26:19] 🛡️ [safety] Главная луна 1:363:6: входящие=0
[2026-09-06 19:26:19] 🛡️ [safety] Атак на главную луну нет, эвакуированных флотов нет
[2026-09-06 19:26:19] 🌾 [loop] farm: выключен → пропускаем runFarmCycle
[2026-09-06 19:26:19] 🚀 [loop] expedition: выключен → пропускаем launchExpeditions
[2026-09-06 19:26:19] 📊 [tick] миссий: 12 (unknown:5 return:5 expedition:2), атаки: 0
[2026-09-06 19:28:02] 🔘 [loop] флаги: farm=OFF (Линкор), expedition=OFF (Линкор×300e9, Броненосец×3e9, Эсминец×2e9, Крейсер×7e9), safety=ON; reserveSlots=10
[2026-09-06 19:28:03] 🔒 [loop] safety: включён → запускаем runSafetyCheck
[2026-09-06 19:28:03] 🛡️ [safety] Главная луна 1:363:6: входящие=0
[2026-09-06 19:28:03] 🛡️ [safety] Атак на главную луну нет, эвакуированных флотов нет
[2026-09-06 19:28:03] 🌾 [loop] farm: выключен → пропускаем runFarmCycle
[2026-09-06 19:28:03] 🚀 [loop] expedition: выключен → пропускаем launchExpeditions
[2026-09-06 19:28:03] 📊 [tick] миссий: 12 (unknown:5 return:5 expedition:2), атаки: 0
[2026-09-06 19:29:46] 🔘 [loop] флаги: farm=OFF (Линкор), expedition=OFF (Линкор×300e9, Броненосец×3e9, Эсминец×2e9, Крейсер×7e9), safety=ON; reserveSlots=10
[2026-09-06 19:29:47] 🔒 [loop] safety: включён → запускаем runSafetyCheck
[2026-09-06 19:29:47] 🛡️ [safety] Главная луна 1:363:6: входящие=0
[2026-09-06 19:29:47] 🛡️ [safety] Атак на главную луну нет, эвакуированных флотов нет
[2026-09-06 19:29:47] 🌾 [loop] farm: выключен → пропускаем runFarmCycle
[2026-09-06 19:29:47] 🚀 [loop] expedition: выключен → пропускаем launchExpeditions
[2026-09-06 19:29:47] 📊 [tick] миссий: 12 (unknown:5 return:5 expedition:2), атаки: 0
[2026-09-06 19:31:20] 🔘 [loop] флаги: farm=OFF (Линкор), expedition=OFF (Линкор×300e9, Броненосец×3e9, Эсминец×2e9, Крейсер×7e9), safety=ON; reserveSlots=10
[2026-09-06 19:31:21] 🔒 [loop] safety: включён → запускаем runSafetyCheck
[2026-09-06 19:31:21] 🛡️ [safety] Главная луна 1:363:6: входящие=0
[2026-09-06 19:31:21] 🛡️ [safety] Атак на главную луну нет, эвакуированных флотов нет
[2026-09-06 19:31:21] 🌾 [loop] farm: выключен → пропускаем runFarmCycle
[2026-09-06 19:31:21] 🚀 [loop] expedition: выключен → пропускаем launchExpeditions
[2026-09-06 19:31:21] 📊 [tick] миссий: 12 (unknown:5 return:5 expedition:2), атаки: 0
[2026-09-06 19:33:05] 🔘 [loop] флаги: farm=OFF (Линкор), expedition=OFF (Линкор×300e9, Броненосец×3e9, Эсминец×2e9, Крейсер×7e9), safety=ON; reserveSlots=10
[2026-09-06 19:33:07] 🔒 [loop] safety: включён → запускаем runSafetyCheck
[2026-09-06 19:33:07] 🛡️ [safety] Главная луна 1:363:6: входящие=0
[2026-09-06 19:33:07] 🛡️ [safety] Атак на главную луну нет, эвакуированных флотов нет
[2026-09-06 19:33:07] 🌾 [loop] farm: выключен → пропускаем runFarmCycle
[2026-09-06 19:33:07] 🚀 [loop] expedition: выключен → пропускаем launchExpeditions
[2026-09-06 19:33:07] 📊 [tick] миссий: 12 (unknown:5 return:5 expedition:2), атаки: 0
[2026-09-06 19:34:39] 🔘 [loop] флаги: farm=OFF (Линкор), expedition=OFF (Линкор×300e9, Броненосец×3e9, Эсминец×2e9, Крейсер×7e9), safety=ON; reserveSlots=10
[2026-09-06 19:34:40] 🔒 [loop] safety: включён → запускаем runSafetyCheck
[2026-09-06 19:34:40] 🛡️ [safety] Главная луна 1:363:6: входящие=0
[2026-09-06 19:34:40] 🛡️ [safety] Атак на главную луну нет, эвакуированных флотов нет
[2026-09-06 19:34:40] 🌾 [loop] farm: выключен → пропускаем runFarmCycle
[2026-09-06 19:34:40] 🚀 [loop] expedition: выключен → пропускаем launchExpeditions
[2026-09-06 19:34:40] 📊 [tick] миссий: 12 (unknown:5 return:5 expedition:2), атаки: 0
[2026-09-06 19:36:08] 🔘 [loop] флаги: farm=OFF (Линкор), expedition=OFF (Линкор×300e9, Броненосец×3e9, Эсминец×2e9, Крейсер×7e9), safety=ON; reserveSlots=10
[2026-09-06 19:36:09] 🔒 [loop] safety: включён → запускаем runSafetyCheck
[2026-09-06 19:36:09] 🛡️ [safety] Главная луна 1:363:6: входящие=0
[2026-09-06 19:36:09] 🛡️ [safety] Атак на главную луну нет, эвакуированных флотов нет
[2026-09-06 19:36:09] 🌾 [loop] farm: выключен → пропускаем runFarmCycle
[2026-09-06 19:36:09] 🚀 [loop] expedition: выключен → пропускаем launchExpeditions
[2026-09-06 19:36:09] 📊 [tick] миссий: 12 (unknown:5 return:5 expedition:2), атаки: 0
[2026-09-06 19:37:53] 🔘 [loop] флаги: farm=OFF (Линкор), expedition=OFF (Линкор×300e9, Броненосец×3e9, Эсминец×2e9, Крейсер×7e9), safety=ON; reserveSlots=10
[2026-09-06 19:37:55] 🔒 [loop] safety: включён → запускаем runSafetyCheck
[2026-09-06 19:37:55] 🛡️ [safety] Главная луна 1:363:6: входящие=0
[2026-09-06 19:37:55] 🛡️ [safety] Атак на главную луну нет, эвакуированных флотов нет
[2026-09-06 19:37:55] 🌾 [loop] farm: выключен → пропускаем runFarmCycle
[2026-09-06 19:37:55] 🚀 [loop] expedition: выключен → пропускаем launchExpeditions
[2026-09-06 19:37:55] 📊 [tick] миссий: 12 (unknown:5 return:5 expedition:2), атаки: 0
[2026-09-06 19:39:29] 🔘 [loop] флаги: farm=OFF (Линкор), expedition=OFF (Линкор×300e9, Броненосец×3e9, Эсминец×2e9, Крейсер×7e9), safety=ON; reserveSlots=10
[2026-09-06 19:39:30] 🔒 [loop] safety: включён → запускаем runSafetyCheck
[2026-09-06 19:39:30] 🛡️ [safety] Главная луна 1:363:6: входящие=0
[2026-09-06 19:39:30] 🛡️ [safety] Атак на главную луну нет, эвакуированных флотов нет
[2026-09-06 19:39:30] 🌾 [loop] farm: выключен → пропускаем runFarmCycle
[2026-09-06 19:39:30] 🚀 [loop] expedition: выключен → пропускаем launchExpeditions
[2026-09-06 19:39:30] 📊 [tick] миссий: 12 (unknown:5 return:5 expedition:2), атаки: 0
[2026-09-06 19:41:03] 🔘 [loop] флаги: farm=OFF (Линкор), expedition=OFF (Линкор×300e9, Броненосец×3e9, Эсминец×2e9, Крейсер×7e9), safety=ON; reserveSlots=10
[2026-09-06 19:41:04] 🔒 [loop] safety: включён → запускаем runSafetyCheck
[2026-09-06 19:41:04] 🛡️ [safety] Главная луна 1:363:6: входящие=0
[2026-09-06 19:41:04] 🛡️ [safety] Атак на главную луну нет, эвакуированных флотов нет
[2026-09-06 19:41:04] 🌾 [loop] farm: выключен → пропускаем runFarmCycle
[2026-09-06 19:41:04] 🚀 [loop] expedition: выключен → пропускаем launchExpeditions
[2026-09-06 19:41:04] 📊 [tick] миссий: 12 (unknown:5 return:5 expedition:2), атаки: 0
[2026-09-06 19:42:31] 🔘 [loop] флаги: farm=OFF (Линкор), expedition=OFF (Линкор×300e9, Броненосец×3e9, Эсминец×2e9, Крейсер×7e9), safety=ON; reserveSlots=10
[2026-09-06 19:42:33] 🔒 [loop] safety: включён → запускаем runSafetyCheck
[2026-09-06 19:42:33] 🛡️ [safety] Главная луна 1:363:6: входящие=0
[2026-09-06 19:42:33] 🛡️ [safety] Атак на главную луну нет, эвакуированных флотов нет
[2026-09-06 19:42:33] 🌾 [loop] farm: выключен → пропускаем runFarmCycle
[2026-09-06 19:42:33] 🚀 [loop] expedition: выключен → пропускаем launchExpeditions
[2026-09-06 19:42:33] 📊 [tick] миссий: 12 (unknown:5 return:5 expedition:2), атаки: 0
[2026-09-06 19:43:59] 🔘 [loop] флаги: farm=OFF (Линкор), expedition=OFF (Линкор×300e9, Броненосец×3e9, Эсминец×2e9, Крейсер×7e9), safety=ON; reserveSlots=10
[2026-09-06 19:44:01] 🔒 [loop] safety: включён → запускаем runSafetyCheck
[2026-09-06 19:44:01] 🛡️ [safety] Главная луна 1:363:6: входящие=0
[2026-09-06 19:44:01] 🛡️ [safety] Атак на главную луну нет, эвакуированных флотов нет
[2026-09-06 19:44:01] 🌾 [loop] farm: выключен → пропускаем runFarmCycle
[2026-09-06 19:44:01] 🚀 [loop] expedition: выключен → пропускаем launchExpeditions
[2026-09-06 19:44:01] 📊 [tick] миссий: 12 (unknown:5 return:5 expedition:2), атаки: 0
[2026-09-06 19:45:29] 🔘 [loop] флаги: farm=OFF (Линкор), expedition=OFF (Линкор×300e9, Броненосец×3e9, Эсминец×2e9, Крейсер×7e9), safety=ON; reserveSlots=10
[2026-09-06 19:45:30] 🔒 [loop] safety: включён → запускаем runSafetyCheck
[2026-09-06 19:45:30] 🛡️ [safety] Главная луна 1:363:6: входящие=0
[2026-09-06 19:45:30] 🛡️ [safety] Атак на главную луну нет, эвакуированных флотов нет
[2026-09-06 19:45:30] 🌾 [loop] farm: выключен → пропускаем runFarmCycle
[2026-09-06 19:45:30] 🚀 [loop] expedition: выключен → пропускаем launchExpeditions
[2026-09-06 19:45:30] 📊 [tick] миссий: 12 (unknown:5 return:5 expedition:2), атаки: 0
[2026-09-06 19:47:13] 🔘 [loop] флаги: farm=OFF (Линкор), expedition=OFF (Линкор×300e9, Броненосец×3e9, Эсминец×2e9, Крейсер×7e9), safety=ON; reserveSlots=10
[2026-09-06 19:47:14] 🔒 [loop] safety: включён → запускаем runSafetyCheck
[2026-09-06 19:47:14] 🛡️ [safety] Главная луна 1:363:6: входящие=0
[2026-09-06 19:47:14] 🛡️ [safety] Атак на главную луну нет, эвакуированных флотов нет
[2026-09-06 19:47:14] 🌾 [loop] farm: выключен → пропускаем runFarmCycle
[2026-09-06 19:47:14] 🚀 [loop] expedition: выключен → пропускаем launchExpeditions
[2026-09-06 19:47:14] 📊 [tick] миссий: 12 (unknown:5 return:5 expedition:2), атаки: 0
[2026-09-06 19:48:44] 🔘 [loop] флаги: farm=OFF (Линкор), expedition=OFF (Линкор×300e9, Броненосец×3e9, Эсминец×2e9, Крейсер×7e9), safety=ON; reserveSlots=10
[2026-09-06 19:48:45] 🔒 [loop] safety: включён → запускаем runSafetyCheck
[2026-09-06 19:48:45] 🛡️ [safety] Главная луна 1:363:6: входящие=0
[2026-09-06 19:48:45] 🛡️ [safety] Атак на главную луну нет, эвакуированных флотов нет
[2026-09-06 19:48:45] 🌾 [loop] farm: выключен → пропускаем runFarmCycle
[2026-09-06 19:48:45] 🚀 [loop] expedition: выключен → пропускаем launchExpeditions
[2026-09-06 19:48:45] 📊 [tick] миссий: 12 (unknown:5 return:5 expedition:2), атаки: 0
[2026-09-06 19:50:15] 🔘 [loop] флаги: farm=OFF (Линкор), expedition=OFF (Линкор×300e9, Броненосец×3e9, Эсминец×2e9, Крейсер×7e9), safety=ON; reserveSlots=10
[2026-09-06 19:50:16] 🔒 [loop] safety: включён → запускаем runSafetyCheck
[2026-09-06 19:50:16] 🛡️ [safety] Главная луна 1:363:6: входящие=0
[2026-09-06 19:50:16] 🛡️ [safety] Атак на главную луну нет, эвакуированных флотов нет
[2026-09-06 19:50:16] 🌾 [loop] farm: выключен → пропускаем runFarmCycle
[2026-09-06 19:50:16] 🚀 [loop] expedition: выключен → пропускаем launchExpeditions
[2026-09-06 19:50:16] 📊 [tick] миссий: 12 (unknown:5 return:5 expedition:2), атаки: 0
[2026-09-06 19:51:54] 🔘 [loop] флаги: farm=OFF (Линкор), expedition=OFF (Линкор×300e9, Броненосец×3e9, Эсминец×2e9, Крейсер×7e9), safety=ON; reserveSlots=10
[2026-09-06 19:51:55] 🔒 [loop] safety: включён → запускаем runSafetyCheck
[2026-09-06 19:51:55] 🛡️ [safety] Главная луна 1:363:6: входящие=0
[2026-09-06 19:51:55] 🛡️ [safety] Атак на главную луну нет, эвакуированных флотов нет
[2026-09-06 19:51:55] 🌾 [loop] farm: выключен → пропускаем runFarmCycle
[2026-09-06 19:51:55] 🚀 [loop] expedition: выключен → пропускаем launchExpeditions
[2026-09-06 19:51:55] 📊 [tick] миссий: 12 (unknown:5 return:5 expedition:2), атаки: 0
[2026-09-06 19:53:41] 🔘 [loop] флаги: farm=OFF (Линкор), expedition=OFF (Линкор×300e9, Броненосец×3e9, Эсминец×2e9, Крейсер×7e9), safety=ON; reserveSlots=10
[2026-09-06 19:53:42] 🔒 [loop] safety: включён → запускаем runSafetyCheck
[2026-09-06 19:53:42] 🛡️ [safety] Главная луна 1:363:6: входящие=0
[2026-09-06 19:53:42] 🛡️ [safety] Атак на главную луну нет, эвакуированных флотов нет
[2026-09-06 19:53:42] 🌾 [loop] farm: выключен → пропускаем runFarmCycle
[2026-09-06 19:53:42] 🚀 [loop] expedition: выключен → пропускаем launchExpeditions
[2026-09-06 19:53:42] 📊 [tick] миссий: 12 (unknown:5 return:5 expedition:2), атаки: 0
[2026-09-06 19:55:26] 🔘 [loop] флаги: farm=OFF (Линкор), expedition=OFF (Линкор×300e9, Броненосец×3e9, Эсминец×2e9, Крейсер×7e9), safety=ON; reserveSlots=10
[2026-09-06 19:55:27] 🔒 [loop] safety: включён → запускаем runSafetyCheck
[2026-09-06 19:55:27] 🛡️ [safety] Главная луна 1:363:6: входящие=0
[2026-09-06 19:55:27] 🛡️ [safety] Атак на главную луну нет, эвакуированных флотов нет
[2026-09-06 19:55:27] 🌾 [loop] farm: выключен → пропускаем runFarmCycle
[2026-09-06 19:55:27] 🚀 [loop] expedition: выключен → пропускаем launchExpeditions
[2026-09-06 19:55:27] 📊 [tick] миссий: 12 (unknown:5 return:5 expedition:2), атаки: 0
[2026-09-06 19:57:08] 🔘 [loop] флаги: farm=OFF (Линкор), expedition=OFF (Линкор×300e9, Броненосец×3e9, Эсминец×2e9, Крейсер×7e9), safety=ON; reserveSlots=10
[2026-09-06 19:57:09] 🔒 [loop] safety: включён → запускаем runSafetyCheck
[2026-09-06 19:57:09] 🛡️ [safety] Главная луна 1:363:6: входящие=0
[2026-09-06 19:57:09] 🛡️ [safety] Атак на главную луну нет, эвакуированных флотов нет
[2026-09-06 19:57:09] 🌾 [loop] farm: выключен → пропускаем runFarmCycle
[2026-09-06 19:57:09] 🚀 [loop] expedition: выключен → пропускаем launchExpeditions
[2026-09-06 19:57:09] 📊 [tick] миссий: 12 (unknown:5 return:5 expedition:2), атаки: 0
[2026-09-06 19:58:40] 🔘 [loop] флаги: farm=OFF (Линкор), expedition=OFF (Линкор×300e9, Броненосец×3e9, Эсминец×2e9, Крейсер×7e9), safety=ON; reserveSlots=10
[2026-09-06 19:58:41] 🔒 [loop] safety: включён → запускаем runSafetyCheck
[2026-09-06 19:58:41] 🛡️ [safety] Главная луна 1:363:6: входящие=0
[2026-09-06 19:58:41] 🛡️ [safety] Атак на главную луну нет, эвакуированных флотов нет
[2026-09-06 19:58:41] 🌾 [loop] farm: выключен → пропускаем runFarmCycle
[2026-09-06 19:58:41] 🚀 [loop] expedition: выключен → пропускаем launchExpeditions
[2026-09-06 19:58:41] 📊 [tick] миссий: 12 (unknown:5 return:5 expedition:2), атаки: 0
[2026-09-06 20:00:13] 🔘 [loop] флаги: farm=OFF (Линкор), expedition=OFF (Линкор×300e9, Броненосец×3e9, Эсминец×2e9, Крейсер×7e9), safety=ON; reserveSlots=10
[2026-09-06 20:00:19] 🔒 [loop] safety: включён → запускаем runSafetyCheck
[2026-09-06 20:00:19] 🛡️ [safety] Главная луна 1:363:6: входящие=0
[2026-09-06 20:00:19] 🛡️ [safety] Атак на главную луну нет, эвакуированных флотов нет
[2026-09-06 20:00:19] 🌾 [loop] farm: выключен → пропускаем runFarmCycle
[2026-09-06 20:00:19] 🚀 [loop] expedition: выключен → пропускаем launchExpeditions
[2026-09-06 20:00:19] 📊 [tick] миссий: 12 (unknown:5 return:5 expedition:2), атаки: 0
[2026-09-06 20:01:45] 🔘 [loop] флаги: farm=OFF (Линкор), expedition=OFF (Линкор×300e9, Броненосец×3e9, Эсминец×2e9, Крейсер×7e9), safety=ON; reserveSlots=10
[2026-09-06 20:01:46] 🔒 [loop] safety: включён → запускаем runSafetyCheck
[2026-09-06 20:01:46] 🛡️ [safety] Главная луна 1:363:6: входящие=0
[2026-09-06 20:01:46] 🛡️ [safety] Атак на главную луну нет, эвакуированных флотов нет
[2026-09-06 20:01:46] 🌾 [loop] farm: выключен → пропускаем runFarmCycle
[2026-09-06 20:01:46] 🚀 [loop] expedition: выключен → пропускаем launchExpeditions
[2026-09-06 20:01:46] 📊 [tick] миссий: 12 (unknown:5 return:5 expedition:2), атаки: 0
[2026-09-06 20:03:19] 🔘 [loop] флаги: farm=OFF (Линкор), expedition=OFF (Линкор×300e9, Броненосец×3e9, Эсминец×2e9, Крейсер×7e9), safety=ON; reserveSlots=10
[2026-09-06 20:03:20] 🔒 [loop] safety: включён → запускаем runSafetyCheck
[2026-09-06 20:03:20] 🛡️ [safety] Главная луна 1:363:6: входящие=0
[2026-09-06 20:03:20] 🛡️ [safety] Атак на главную луну нет, эвакуированных флотов нет
[2026-09-06 20:03:20] 🌾 [loop] farm: выключен → пропускаем runFarmCycle
[2026-09-06 20:03:20] 🚀 [loop] expedition: выключен → пропускаем launchExpeditions
[2026-09-06 20:03:20] 📊 [tick] миссий: 12 (unknown:5 return:5 expedition:2), атаки: 0
[2026-09-06 20:05:02] 🔘 [loop] флаги: farm=OFF (Линкор), expedition=OFF (Линкор×300e9, Броненосец×3e9, Эсминец×2e9, Крейсер×7e9), safety=ON; reserveSlots=10
[2026-09-06 20:05:02] 🔒 [loop] safety: включён → запускаем runSafetyCheck
[2026-09-06 20:05:02] 🛡️ [safety] Главная луна 1:363:6: входящие=0
[2026-09-06 20:05:02] 🛡️ [safety] Атак на главную луну нет, эвакуированных флотов нет
[2026-09-06 20:05:02] 🌾 [loop] farm: выключен → пропускаем runFarmCycle
[2026-09-06 20:05:02] 🚀 [loop] expedition: выключен → пропускаем launchExpeditions
[2026-09-06 20:05:02] 📊 [tick] миссий: 12 (unknown:5 return:5 expedition:2), атаки: 0
[2026-09-06 20:06:43] 🔘 [loop] флаги: farm=OFF (Линкор), expedition=OFF (Линкор×300e9, Броненосец×3e9, Эсминец×2e9, Крейсер×7e9), safety=ON; reserveSlots=10
[2026-09-06 20:06:44] 🔒 [loop] safety: включён → запускаем runSafetyCheck
[2026-09-06 20:06:44] 🛡️ [safety] Главная луна 1:363:6: входящие=0
[2026-09-06 20:06:44] 🛡️ [safety] Атак на главную луну нет, эвакуированных флотов нет
[2026-09-06 20:06:44] 🌾 [loop] farm: выключен → пропускаем runFarmCycle
[2026-09-06 20:06:44] 🚀 [loop] expedition: выключен → пропускаем launchExpeditions
[2026-09-06 20:06:44] 📊 [tick] миссий: 12 (unknown:5 return:5 expedition:2), атаки: 0
[2026-09-06 20:08:17] 🔘 [loop] флаги: farm=OFF (Линкор), expedition=OFF (Линкор×300e9, Броненосец×3e9, Эсминец×2e9, Крейсер×7e9), safety=ON; reserveSlots=10
[2026-09-06 20:08:18] 🔒 [loop] safety: включён → запускаем runSafetyCheck
[2026-09-06 20:08:18] 🛡️ [safety] Главная луна 1:363:6: входящие=0
[2026-09-06 20:08:18] 🛡️ [safety] Атак на главную луну нет, эвакуированных флотов нет
[2026-09-06 20:08:18] 🌾 [loop] farm: выключен → пропускаем runFarmCycle
[2026-09-06 20:08:18] 🚀 [loop] expedition: выключен → пропускаем launchExpeditions
[2026-09-06 20:08:18] 📊 [tick] миссий: 12 (unknown:5 return:5 expedition:2), атаки: 0
[2026-09-06 20:10:03] 🔘 [loop] флаги: farm=OFF (Линкор), expedition=OFF (Линкор×300e9, Броненосец×3e9, Эсминец×2e9, Крейсер×7e9), safety=ON; reserveSlots=10
[2026-09-06 20:10:05] 🔒 [loop] safety: включён → запускаем runSafetyCheck
[2026-09-06 20:10:05] 🛡️ [safety] Главная луна 1:363:6: входящие=0
[2026-09-06 20:10:05] 🛡️ [safety] Атак на главную луну нет, эвакуированных флотов нет
[2026-09-06 20:10:05] 🌾 [loop] farm: выключен → пропускаем runFarmCycle
[2026-09-06 20:10:05] 🚀 [loop] expedition: выключен → пропускаем launchExpeditions
[2026-09-06 20:10:05] 📊 [tick] миссий: 12 (unknown:5 return:5 expedition:2), атаки: 0
[2026-09-06 20:11:34] 🔘 [loop] флаги: farm=OFF (Линкор), expedition=OFF (Линкор×300e9, Броненосец×3e9, Эсминец×2e9, Крейсер×7e9), safety=ON; reserveSlots=10
[2026-09-06 20:11:35] 🔒 [loop] safety: включён → запускаем runSafetyCheck
[2026-09-06 20:11:35] 🛡️ [safety] Главная луна 1:363:6: входящие=0
[2026-09-06 20:11:35] 🛡️ [safety] Атак на главную луну нет, эвакуированных флотов нет
[2026-09-06 20:11:35] 🌾 [loop] farm: выключен → пропускаем runFarmCycle
[2026-09-06 20:11:35] 🚀 [loop] expedition: выключен → пропускаем launchExpeditions
[2026-09-06 20:11:35] 📊 [tick] миссий: 12 (unknown:5 return:5 expedition:2), атаки: 0
[2026-09-06 20:13:06] 🔘 [loop] флаги: farm=OFF (Линкор), expedition=OFF (Линкор×300e9, Броненосец×3e9, Эсминец×2e9, Крейсер×7e9), safety=ON; reserveSlots=10
[2026-09-06 20:13:06] 🔒 [loop] safety: включён → запускаем runSafetyCheck
[2026-09-06 20:13:06] 🛡️ [safety] Главная луна 1:363:6: входящие=0
[2026-09-06 20:13:06] 🛡️ [safety] Атак на главную луну нет, эвакуированных флотов нет
[2026-09-06 20:13:06] 🌾 [loop] farm: выключен → пропускаем runFarmCycle
[2026-09-06 20:13:06] 🚀 [loop] expedition: выключен → пропускаем launchExpeditions
[2026-09-06 20:13:06] 📊 [tick] миссий: 12 (unknown:5 return:5 expedition:2), атаки: 0
[2026-09-06 20:14:33] 🔘 [loop] флаги: farm=OFF (Линкор), expedition=OFF (Линкор×300e9, Броненосец×3e9, Эсминец×2e9, Крейсер×7e9), safety=ON; reserveSlots=10
[2026-09-06 20:14:35] 🔒 [loop] safety: включён → запускаем runSafetyCheck
[2026-09-06 20:14:35] 🛡️ [safety] Главная луна 1:363:6: входящие=0
[2026-09-06 20:14:35] 🛡️ [safety] Атак на главную луну нет, эвакуированных флотов нет
[2026-09-06 20:14:35] 🌾 [loop] farm: выключен → пропускаем runFarmCycle
[2026-09-06 20:14:35] 🚀 [loop] expedition: выключен → пропускаем launchExpeditions
[2026-09-06 20:14:35] 📊 [tick] миссий: 12 (unknown:5 return:5 expedition:2), атаки: 0
[2026-09-06 20:16:11] 🔘 [loop] флаги: farm=OFF (Линкор), expedition=OFF (Линкор×300e9, Броненосец×3e9, Эсминец×2e9, Крейсер×7e9), safety=ON; reserveSlots=10
[2026-09-06 20:16:12] 🔒 [loop] safety: включён → запускаем runSafetyCheck
[2026-09-06 20:16:12] 🛡️ [safety] Главная луна 1:363:6: входящие=0
[2026-09-06 20:16:12] 🛡️ [safety] Атак на главную луну нет, эвакуированных флотов нет
[2026-09-06 20:16:12] 🌾 [loop] farm: выключен → пропускаем runFarmCycle
[2026-09-06 20:16:12] 🚀 [loop] expedition: выключен → пропускаем launchExpeditions
[2026-09-06 20:16:12] 📊 [tick] миссий: 12 (unknown:5 return:5 expedition:2), атаки: 0
[2026-09-06 20:17:54] 🔘 [loop] флаги: farm=OFF (Линкор), expedition=OFF (Линкор×300e9, Броненосец×3e9, Эсминец×2e9, Крейсер×7e9), safety=ON; reserveSlots=10
[2026-09-06 20:17:55] 🔒 [loop] safety: включён → запускаем runSafetyCheck
[2026-09-06 20:17:55] 🛡️ [safety] Главная луна 1:363:6: входящие=0
[2026-09-06 20:17:55] 🛡️ [safety] Атак на главную луну нет, эвакуированных флотов нет
[2026-09-06 20:17:55] 🌾 [loop] farm: выключен → пропускаем runFarmCycle
[2026-09-06 20:17:55] 🚀 [loop] expedition: выключен → пропускаем launchExpeditions
[2026-09-06 20:17:55] 📊 [tick] миссий: 12 (unknown:5 return:5 expedition:2), атаки: 0
[2026-09-06 20:19:24] 🔘 [loop] флаги: farm=OFF (Линкор), expedition=OFF (Линкор×300e9, Броненосец×3e9, Эсминец×2e9, Крейсер×7e9), safety=ON; reserveSlots=10
[2026-09-06 20:19:25] 🔒 [loop] safety: включён → запускаем runSafetyCheck
[2026-09-06 20:19:25] 🛡️ [safety] Главная луна 1:363:6: входящие=0
[2026-09-06 20:19:25] 🛡️ [safety] Атак на главную луну нет, эвакуированных флотов нет
[2026-09-06 20:19:25] 🌾 [loop] farm: выключен → пропускаем runFarmCycle
[2026-09-06 20:19:25] 🚀 [loop] expedition: выключен → пропускаем launchExpeditions
[2026-09-06 20:19:25] 📊 [tick] миссий: 12 (unknown:5 return:5 expedition:2), атаки: 0
[2026-09-06 20:21:00] 🔘 [loop] флаги: farm=OFF (Линкор), expedition=OFF (Линкор×300e9, Броненосец×3e9, Эсминец×2e9, Крейсер×7e9), safety=ON; reserveSlots=10
[2026-09-06 20:21:01] 🔒 [loop] safety: включён → запускаем runSafetyCheck
[2026-09-06 20:21:01] 🛡️ [safety] Главная луна 1:363:6: входящие=0
[2026-09-06 20:21:01] 🛡️ [safety] Атак на главную луну нет, эвакуированных флотов нет
[2026-09-06 20:21:01] 🌾 [loop] farm: выключен → пропускаем runFarmCycle
[2026-09-06 20:21:01] 🚀 [loop] expedition: выключен → пропускаем launchExpeditions
[2026-09-06 20:21:01] 📊 [tick] миссий: 12 (unknown:5 return:5 expedition:2), атаки: 0
[2026-09-06 20:22:38] 🔘 [loop] флаги: farm=OFF (Линкор), expedition=OFF (Линкор×300e9, Броненосец×3e9, Эсминец×2e9, Крейсер×7e9), safety=ON; reserveSlots=10
[2026-09-06 20:22:39] 🔒 [loop] safety: включён → запускаем runSafetyCheck
[2026-09-06 20:22:39] 🛡️ [safety] Главная луна 1:363:6: входящие=0
[2026-09-06 20:22:39] 🛡️ [safety] Атак на главную луну нет, эвакуированных флотов нет
[2026-09-06 20:22:39] 🌾 [loop] farm: выключен → пропускаем runFarmCycle
[2026-09-06 20:22:39] 🚀 [loop] expedition: выключен → пропускаем launchExpeditions
[2026-09-06 20:22:39] 📊 [tick] миссий: 12 (unknown:5 return:5 expedition:2), атаки: 0
[2026-09-06 20:24:10] 🔘 [loop] флаги: farm=OFF (Линкор), expedition=OFF (Линкор×300e9, Броненосец×3e9, Эсминец×2e9, Крейсер×7e9), safety=ON; reserveSlots=10
[2026-09-06 20:24:11] 🔒 [loop] safety: включён → запускаем runSafetyCheck
[2026-09-06 20:24:11] 🛡️ [safety] Главная луна 1:363:6: входящие=0
[2026-09-06 20:24:11] 🛡️ [safety] Атак на главную луну нет, эвакуированных флотов нет
[2026-09-06 20:24:11] 🌾 [loop] farm: выключен → пропускаем runFarmCycle
[2026-09-06 20:24:11] 🚀 [loop] expedition: выключен → пропускаем launchExpeditions
[2026-09-06 20:24:11] 📊 [tick] миссий: 12 (unknown:5 return:5 expedition:2), атаки: 0
[2026-09-06 20:25:56] 🔘 [loop] флаги: farm=OFF (Линкор), expedition=OFF (Линкор×300e9, Броненосец×3e9, Эсминец×2e9, Крейсер×7e9), safety=ON; reserveSlots=10
[2026-09-06 20:25:58] 🔒 [loop] safety: включён → запускаем runSafetyCheck
[2026-09-06 20:25:58] 🛡️ [safety] Главная луна 1:363:6: входящие=0
[2026-09-06 20:25:58] 🛡️ [safety] Атак на главную луну нет, эвакуированных флотов нет
[2026-09-06 20:25:58] 🌾 [loop] farm: выключен → пропускаем runFarmCycle
[2026-09-06 20:25:58] 🚀 [loop] expedition: выключен → пропускаем launchExpeditions
[2026-09-06 20:25:58] 📊 [tick] миссий: 12 (unknown:5 return:5 expedition:2), атаки: 0
[2026-09-06 20:27:38] 🔘 [loop] флаги: farm=OFF (Линкор), expedition=OFF (Линкор×300e9, Броненосец×3e9, Эсминец×2e9, Крейсер×7e9), safety=ON; reserveSlots=10
[2026-09-06 20:27:39] 🔒 [loop] safety: включён → запускаем runSafetyCheck
[2026-09-06 20:27:39] 🛡️ [safety] Главная луна 1:363:6: входящие=0
[2026-09-06 20:27:39] 🛡️ [safety] Атак на главную луну нет, эвакуированных флотов нет
[2026-09-06 20:27:39] 🌾 [loop] farm: выключен → пропускаем runFarmCycle
[2026-09-06 20:27:39] 🚀 [loop] expedition: выключен → пропускаем launchExpeditions
[2026-09-06 20:27:39] 📊 [tick] миссий: 12 (unknown:5 return:5 expedition:2), атаки: 0
[2026-09-06 20:29:23] 🔘 [loop] флаги: farm=OFF (Линкор), expedition=OFF (Линкор×300e9, Броненосец×3e9, Эсминец×2e9, Крейсер×7e9), safety=ON; reserveSlots=10
[2026-09-06 20:29:24] 🔒 [loop] safety: включён → запускаем runSafetyCheck
[2026-09-06 20:29:24] 🛡️ [safety] Главная луна 1:363:6: входящие=0
[2026-09-06 20:29:24] 🛡️ [safety] Атак на главную луну нет, эвакуированных флотов нет
[2026-09-06 20:29:24] 🌾 [loop] farm: выключен → пропускаем runFarmCycle
[2026-09-06 20:29:24] 🚀 [loop] expedition: выключен → пропускаем launchExpeditions
[2026-09-06 20:29:24] 📊 [tick] миссий: 12 (unknown:5 return:5 expedition:2), атаки: 0
[2026-09-06 20:31:05] 🔘 [loop] флаги: farm=OFF (Линкор), expedition=OFF (Линкор×300e9, Броненосец×3e9, Эсминец×2e9, Крейсер×7e9), safety=ON; reserveSlots=10
[2026-09-06 20:31:07] 🔒 [loop] safety: включён → запускаем runSafetyCheck
[2026-09-06 20:31:07] 🛡️ [safety] Атака на 1:257:13 (луна) — не главная луна, игнорируем
[2026-09-06 20:31:07] 🛡️ [safety] Атака на 1:257:13 (луна) — не главная луна, игнорируем
[2026-09-06 20:31:07] 🛡️ [safety] Атака на 1:260:9 (луна) — не главная луна, игнорируем
[2026-09-06 20:31:07] 🛡️ [safety] Атака на 1:318:1 (луна) — не главная луна, игнорируем
[2026-09-06 20:31:07] 🛡️ [safety] Атака на 1:318:1 (луна) — не главная луна, игнорируем
[2026-09-06 20:31:07] 🛡️ [safety] Атака на 1:331:12 (луна) — не главная луна, игнорируем
[2026-09-06 20:31:07] 🛡️ [safety] Атака на 1:331:12 (луна) — не главная луна, игнорируем
[2026-09-06 20:31:07] 🛡️ [safety] Атака на 1:364:9 (луна) — не главная луна, игнорируем
[2026-09-06 20:31:07] 🛡️ [safety] Атака на 1:364:9 (луна) — не главная луна, игнорируем
[2026-09-06 20:31:07] 🛡️ [safety] Атака на 1:364:14 (луна) — не главная луна, игнорируем
[2026-09-06 20:31:07] 🛡️ [safety] Атака на 1:364:14 (луна) — не главная луна, игнорируем
[2026-09-06 20:31:07] 🛡️ [safety] Атака на 1:369:4 (луна) — не главная луна, игнорируем
[2026-09-06 20:31:07] 🛡️ [safety] Атака на 02:28:56 (луна) — не главная луна, игнорируем
[2026-09-06 20:31:07] 🛡️ [safety] Главная луна 1:363:6: входящие=2 [20:31:17, 20:31:18]
[2026-09-06 20:31:08] 📍 [mission] Цель: 1:331:12 (mission=4), корабли источника: {"203":"400000000000","207":"260000000000","210":"4000000000"}
[2026-09-06 20:31:09] 🎯 [mission] Цель (стадия 2): {"galaxy":"1","system":"331","planet":"12","planet_type":"3"}
[2026-09-06 20:31:09] 🐢 [mission] Скорость флота: 10%
[2026-09-06 20:31:11] 📦 [mission] Ресурсы «Взять все» (уран −100000000000000): {"resource2":0,"resource3":0,"resource1":0}
[2026-09-06 20:31:11] 📍 [fleet] Основной флот: 1:331:12 (cp=31749) — эвакуирован с 1:363:6
[2026-09-06 20:31:11] 🛡️ [safety] ЭВАКУАЦИЯ 1:363:6* → 1:331:12*, скорость 10%, «Оставить» [sent]
[2026-09-06 20:31:11] 🌾 [loop] farm: выключен → пропускаем runFarmCycle
[2026-09-06 20:31:11] 🚀 [loop] expedition: выключен → пропускаем launchExpeditions
[2026-09-06 20:31:11] 📊 [tick] миссий: 28 (spy:16 unknown:5 return:5 expedition:2), атаки: 2
[2026-09-06 20:32:36] 🔘 [loop] флаги: farm=OFF (Линкор), expedition=OFF (Линкор×300e9, Броненосец×3e9, Эсминец×2e9, Крейсер×7e9), safety=ON; reserveSlots=10
[2026-09-06 20:32:37] 🔒 [loop] safety: включён → запускаем runSafetyCheck
[2026-09-06 20:32:37] 🛡️ [safety] Главная луна 1:363:6: входящие=0
[2026-09-06 20:32:39] 📍 [mission] Цель: 1:363:6 (mission=4), корабли источника: {"203":null,"207":null,"210":null}
[2026-09-06 20:32:39] 🛡️ [safety] 1:363:6*: запись «эвакуирован» устарела (на 1:331:12 флота нет) — удаляю
[2026-09-06 20:32:39] 🛡️ [safety] Атак на главную луну нет, эвакуированных флотов нет
[2026-09-06 20:32:39] 🌾 [loop] farm: выключен → пропускаем runFarmCycle
[2026-09-06 20:32:39] 🚀 [loop] expedition: выключен → пропускаем launchExpeditions
[2026-09-06 20:32:39] 📊 [tick] миссий: 13 (transport:1 unknown:5 return:5 expedition:2), атаки: 0
[2026-09-06 20:34:09] 🔘 [loop] флаги: farm=OFF (Линкор), expedition=OFF (Линкор×300e9, Броненосец×3e9, Эсминец×2e9, Крейсер×7e9), safety=ON; reserveSlots=10
[2026-09-06 20:34:10] 🔒 [loop] safety: включён → запускаем runSafetyCheck
[2026-09-06 20:34:10] 🛡️ [safety] Главная луна 1:363:6: входящие=0
[2026-09-06 20:34:10] 🛡️ [safety] Атак на главную луну нет, эвакуированных флотов нет
[2026-09-06 20:34:10] 🌾 [loop] farm: выключен → пропускаем runFarmCycle
[2026-09-06 20:34:10] 🚀 [loop] expedition: выключен → пропускаем launchExpeditions
[2026-09-06 20:34:10] 📊 [tick] миссий: 13 (transport:1 unknown:5 return:5 expedition:2), атаки: 0
[2026-09-06 20:35:50] 🔘 [loop] флаги: farm=OFF (Линкор), expedition=OFF (Линкор×300e9, Броненосец×3e9, Эсминец×2e9, Крейсер×7e9), safety=ON; reserveSlots=10
[2026-09-06 20:35:52] 🔒 [loop] safety: включён → запускаем runSafetyCheck
[2026-09-06 20:35:52] 🛡️ [safety] Главная луна 1:363:6: входящие=1 [21:15:11]
[2026-09-06 20:35:52] 🛡️ [safety] Атака на главную луну, прибытие 21:15:11 — пока не срочно (< 15 мин)
[2026-09-06 20:35:52] 🌾 [loop] farm: выключен → пропускаем runFarmCycle
[2026-09-06 20:35:52] 🚀 [loop] expedition: выключен → пропускаем launchExpeditions
[2026-09-06 20:35:52] 📊 [tick] миссий: 14 (attack:1 transport:1 unknown:5 return:5 expedition:2), атаки: 1
[2026-09-06 20:37:27] 🔘 [loop] флаги: farm=OFF (Линкор), expedition=OFF (Линкор×300e9, Броненосец×3e9, Эсминец×2e9, Крейсер×7e9), safety=ON; reserveSlots=10
[2026-09-06 20:37:29] 🔒 [loop] safety: включён → запускаем runSafetyCheck
[2026-09-06 20:37:29] 🛡️ [safety] Главная луна 1:363:6: входящие=1 [21:15:11]
[2026-09-06 20:37:29] 🛡️ [safety] Атака на главную луну, прибытие 21:15:11 — пока не срочно (< 15 мин)
[2026-09-06 20:37:29] 🌾 [loop] farm: выключен → пропускаем runFarmCycle
[2026-09-06 20:37:29] 🚀 [loop] expedition: выключен → пропускаем launchExpeditions
[2026-09-06 20:37:29] 📊 [tick] миссий: 14 (attack:1 transport:1 unknown:5 return:5 expedition:2), атаки: 1
[2026-09-06 20:39:07] 🔘 [loop] флаги: farm=OFF (Линкор), expedition=OFF (Линкор×300e9, Броненосец×3e9, Эсминец×2e9, Крейсер×7e9), safety=ON; reserveSlots=10
[2026-09-06 20:39:09] 🔒 [loop] safety: включён → запускаем runSafetyCheck
[2026-09-06 20:39:09] 🛡️ [safety] Атака на 1:331:12 (луна) — не главная луна, игнорируем
[2026-09-06 20:39:09] 🛡️ [safety] Главная луна 1:363:6: входящие=1 [21:15:11]
[2026-09-06 20:39:09] 🛡️ [safety] Атака на главную луну, прибытие 21:15:11 — пока не срочно (< 15 мин)
[2026-09-06 20:39:09] 🌾 [loop] farm: выключен → пропускаем runFarmCycle
[2026-09-06 20:39:09] 🚀 [loop] expedition: выключен → пропускаем launchExpeditions
[2026-09-06 20:39:09] 📊 [tick] миссий: 15 (attack:2 transport:1 unknown:5 return:5 expedition:2), атаки: 1
[2026-09-06 20:40:53] 🔘 [loop] флаги: farm=OFF (Линкор), expedition=OFF (Линкор×300e9, Броненосец×3e9, Эсминец×2e9, Крейсер×7e9), safety=ON; reserveSlots=10
[2026-09-06 20:40:54] 🔒 [loop] safety: включён → запускаем runSafetyCheck
[2026-09-06 20:40:54] 🛡️ [safety] Атака на 1:331:12 (луна) — не главная луна, игнорируем
[2026-09-06 20:40:54] 🛡️ [safety] Главная луна 1:363:6: входящие=1 [21:15:11]
[2026-09-06 20:40:54] 🛡️ [safety] Атака на главную луну, прибытие 21:15:11 — пока не срочно (< 15 мин)
[2026-09-06 20:40:54] 🌾 [loop] farm: выключен → пропускаем runFarmCycle
[2026-09-06 20:40:54] 🚀 [loop] expedition: выключен → пропускаем launchExpeditions
[2026-09-06 20:40:54] 📊 [tick] миссий: 15 (attack:2 transport:1 unknown:5 return:5 expedition:2), атаки: 1
[2026-09-06 20:42:23] 🔘 [loop] флаги: farm=OFF (Линкор), expedition=OFF (Линкор×300e9, Броненосец×3e9, Эсминец×2e9, Крейсер×7e9), safety=ON; reserveSlots=10
[2026-09-06 20:42:24] 🔒 [loop] safety: включён → запускаем runSafetyCheck
[2026-09-06 20:42:24] 🛡️ [safety] Атака на 1:331:12 (луна) — не главная луна, игнорируем
[2026-09-06 20:42:24] 🛡️ [safety] Главная луна 1:363:6: входящие=1 [21:15:11]
[2026-09-06 20:42:24] 🛡️ [safety] Атака на главную луну, прибытие 21:15:11 — пока не срочно (< 15 мин)
[2026-09-06 20:42:24] 🌾 [loop] farm: выключен → пропускаем runFarmCycle
[2026-09-06 20:42:24] 🚀 [loop] expedition: выключен → пропускаем launchExpeditions
[2026-09-06 20:42:24] 📊 [tick] миссий: 15 (attack:2 transport:1 unknown:5 return:5 expedition:2), атаки: 1
[2026-09-06 20:44:02] 🔘 [loop] флаги: farm=OFF (Линкор), expedition=OFF (Линкор×300e9, Броненосец×3e9, Эсминец×2e9, Крейсер×7e9), safety=ON; reserveSlots=10
[2026-09-06 20:44:03] 🔒 [loop] safety: включён → запускаем runSafetyCheck
[2026-09-06 20:44:03] 🛡️ [safety] Главная луна 1:363:6: входящие=1 [21:15:11]
[2026-09-06 20:44:03] 🛡️ [safety] Атака на главную луну, прибытие 21:15:11 — пока не срочно (< 15 мин)
[2026-09-06 20:44:03] 🌾 [loop] farm: выключен → пропускаем runFarmCycle
[2026-09-06 20:44:03] 🚀 [loop] expedition: выключен → пропускаем launchExpeditions
[2026-09-06 20:44:03] 📊 [tick] миссий: 14 (attack:1 transport:1 unknown:5 return:5 expedition:2), атаки: 1
[2026-09-06 20:45:38] 🔘 [loop] флаги: farm=OFF (Линкор), expedition=OFF (Линкор×300e9, Броненосец×3e9, Эсминец×2e9, Крейсер×7e9), safety=ON; reserveSlots=10
[2026-09-06 20:45:39] 🔒 [loop] safety: включён → запускаем runSafetyCheck
[2026-09-06 20:45:39] 🛡️ [safety] Главная луна 1:363:6: входящие=0
[2026-09-06 20:45:39] 🛡️ [safety] Атак на главную луну нет, эвакуированных флотов нет
[2026-09-06 20:45:39] 🌾 [loop] farm: выключен → пропускаем runFarmCycle
[2026-09-06 20:45:39] 🚀 [loop] expedition: выключен → пропускаем launchExpeditions
[2026-09-06 20:45:39] 📊 [tick] миссий: 13 (transport:1 unknown:5 return:5 expedition:2), атаки: 0
[2026-09-06 20:47:09] 🔘 [loop] флаги: farm=OFF (Линкор), expedition=OFF (Линкор×300e9, Броненосец×3e9, Эсминец×2e9, Крейсер×7e9), safety=ON; reserveSlots=10
[2026-09-06 20:47:10] 🔒 [loop] safety: включён → запускаем runSafetyCheck
[2026-09-06 20:47:10] 🛡️ [safety] Главная луна 1:363:6: входящие=0
[2026-09-06 20:47:10] 🛡️ [safety] Атак на главную луну нет, эвакуированных флотов нет
[2026-09-06 20:47:10] 🌾 [loop] farm: выключен → пропускаем runFarmCycle
[2026-09-06 20:47:10] 🚀 [loop] expedition: выключен → пропускаем launchExpeditions
[2026-09-06 20:47:10] 📊 [tick] миссий: 13 (transport:1 unknown:5 return:5 expedition:2), атаки: 0
[2026-09-06 20:48:50] 🔘 [loop] флаги: farm=OFF (Линкор), expedition=OFF (Линкор×300e9, Броненосец×3e9, Эсминец×2e9, Крейсер×7e9), safety=ON; reserveSlots=10
[2026-09-06 20:48:53] 🔒 [loop] safety: включён → запускаем runSafetyCheck
[2026-09-06 20:48:53] 🛡️ [safety] Главная луна 1:363:6: входящие=0
[2026-09-06 20:48:53] 🛡️ [safety] Атак на главную луну нет, эвакуированных флотов нет
[2026-09-06 20:48:53] 🌾 [loop] farm: выключен → пропускаем runFarmCycle
[2026-09-06 20:48:53] 🚀 [loop] expedition: выключен → пропускаем launchExpeditions
[2026-09-06 20:48:53] 📊 [tick] миссий: 13 (transport:1 unknown:5 return:5 expedition:2), атаки: 0
[2026-09-06 20:50:36] 🔘 [loop] флаги: farm=OFF (Линкор), expedition=OFF (Линкор×300e9, Броненосец×3e9, Эсминец×2e9, Крейсер×7e9), safety=ON; reserveSlots=10
[2026-09-06 20:50:37] 🔒 [loop] safety: включён → запускаем runSafetyCheck
[2026-09-06 20:50:37] 🛡️ [safety] Главная луна 1:363:6: входящие=0
[2026-09-06 20:50:37] 🛡️ [safety] Атак на главную луну нет, эвакуированных флотов нет
[2026-09-06 20:50:37] 🌾 [loop] farm: выключен → пропускаем runFarmCycle
[2026-09-06 20:50:37] 🚀 [loop] expedition: выключен → пропускаем launchExpeditions
[2026-09-06 20:50:37] 📊 [tick] миссий: 13 (transport:1 unknown:5 return:5 expedition:2), атаки: 0
[2026-09-06 20:52:10] 🔘 [loop] флаги: farm=OFF (Линкор), expedition=OFF (Линкор×300e9, Броненосец×3e9, Эсминец×2e9, Крейсер×7e9), safety=ON; reserveSlots=10
[2026-09-06 20:52:11] 🔒 [loop] safety: включён → запускаем runSafetyCheck
[2026-09-06 20:52:11] 🛡️ [safety] Главная луна 1:363:6: входящие=0
[2026-09-06 20:52:11] 🛡️ [safety] Атак на главную луну нет, эвакуированных флотов нет
[2026-09-06 20:52:11] 🌾 [loop] farm: выключен → пропускаем runFarmCycle
[2026-09-06 20:52:11] 🚀 [loop] expedition: выключен → пропускаем launchExpeditions
[2026-09-06 20:52:11] 📊 [tick] миссий: 13 (transport:1 unknown:5 return:5 expedition:2), атаки: 0
[2026-09-06 20:53:50] 🔘 [loop] флаги: farm=OFF (Линкор), expedition=OFF (Линкор×300e9, Броненосец×3e9, Эсминец×2e9, Крейсер×7e9), safety=ON; reserveSlots=10
[2026-09-06 20:53:51] 🔒 [loop] safety: включён → запускаем runSafetyCheck
[2026-09-06 20:53:51] 🛡️ [safety] Главная луна 1:363:6: входящие=0
[2026-09-06 20:53:51] 🛡️ [safety] Атак на главную луну нет, эвакуированных флотов нет
[2026-09-06 20:53:51] 🌾 [loop] farm: выключен → пропускаем runFarmCycle
[2026-09-06 20:53:51] 🚀 [loop] expedition: выключен → пропускаем launchExpeditions
[2026-09-06 20:53:51] 📊 [tick] миссий: 13 (transport:1 unknown:5 return:5 expedition:2), атаки: 0
[2026-09-06 20:55:36] 🔘 [loop] флаги: farm=OFF (Линкор), expedition=OFF (Линкор×300e9, Броненосец×3e9, Эсминец×2e9, Крейсер×7e9), safety=ON; reserveSlots=10
[2026-09-06 20:55:37] 🔒 [loop] safety: включён → запускаем runSafetyCheck
[2026-09-06 20:55:37] 🛡️ [safety] Главная луна 1:363:6: входящие=0
[2026-09-06 20:55:37] 🛡️ [safety] Атак на главную луну нет, эвакуированных флотов нет
[2026-09-06 20:55:37] 🌾 [loop] farm: выключен → пропускаем runFarmCycle
[2026-09-06 20:55:37] 🚀 [loop] expedition: выключен → пропускаем launchExpeditions
[2026-09-06 20:55:37] 📊 [tick] миссий: 13 (transport:1 unknown:5 return:5 expedition:2), атаки: 0
[2026-09-06 20:57:07] 🔘 [loop] флаги: farm=OFF (Линкор), expedition=OFF (Линкор×300e9, Броненосец×3e9, Эсминец×2e9, Крейсер×7e9), safety=ON; reserveSlots=10
[2026-09-06 20:57:08] 🔒 [loop] safety: включён → запускаем runSafetyCheck
[2026-09-06 20:57:08] 🛡️ [safety] Главная луна 1:363:6: входящие=0
[2026-09-06 20:57:08] 🛡️ [safety] Атак на главную луну нет, эвакуированных флотов нет
[2026-09-06 20:57:08] 🌾 [loop] farm: выключен → пропускаем runFarmCycle
[2026-09-06 20:57:08] 🚀 [loop] expedition: выключен → пропускаем launchExpeditions
[2026-09-06 20:57:08] 📊 [tick] миссий: 13 (transport:1 unknown:5 return:5 expedition:2), атаки: 0
[2026-09-06 20:58:47] 🔘 [loop] флаги: farm=OFF (Линкор), expedition=OFF (Линкор×300e9, Броненосец×3e9, Эсминец×2e9, Крейсер×7e9), safety=ON; reserveSlots=10
[2026-09-06 20:58:48] 🔒 [loop] safety: включён → запускаем runSafetyCheck
[2026-09-06 20:58:48] 🛡️ [safety] Главная луна 1:363:6: входящие=0
[2026-09-06 20:58:48] 🛡️ [safety] Атак на главную луну нет, эвакуированных флотов нет
[2026-09-06 20:58:48] 🌾 [loop] farm: выключен → пропускаем runFarmCycle
[2026-09-06 20:58:48] 🚀 [loop] expedition: выключен → пропускаем launchExpeditions
[2026-09-06 20:58:48] 📊 [tick] миссий: 13 (transport:1 unknown:5 return:5 expedition:2), атаки: 0
[2026-09-06 21:00:31] 🔘 [loop] флаги: farm=OFF (Линкор), expedition=OFF (Линкор×300e9, Броненосец×3e9, Эсминец×2e9, Крейсер×7e9), safety=ON; reserveSlots=10
[2026-09-06 21:00:37] 🔒 [loop] safety: включён → запускаем runSafetyCheck
[2026-09-06 21:00:37] 🛡️ [safety] Главная луна 1:363:6: входящие=0
[2026-09-06 21:00:37] 🛡️ [safety] Атак на главную луну нет, эвакуированных флотов нет
[2026-09-06 21:00:37] 🌾 [loop] farm: выключен → пропускаем runFarmCycle
[2026-09-06 21:00:37] 🚀 [loop] expedition: выключен → пропускаем launchExpeditions
[2026-09-06 21:00:37] 📊 [tick] миссий: 13 (transport:1 unknown:5 return:5 expedition:2), атаки: 0
[2026-09-06 21:02:13] 🔘 [loop] флаги: farm=OFF (Линкор), expedition=OFF (Линкор×300e9, Броненосец×3e9, Эсминец×2e9, Крейсер×7e9), safety=ON; reserveSlots=10
[2026-09-06 21:02:15] 🔒 [loop] safety: включён → запускаем runSafetyCheck
[2026-09-06 21:02:15] 🛡️ [safety] Главная луна 1:363:6: входящие=0
[2026-09-06 21:02:15] 🛡️ [safety] Атак на главную луну нет, эвакуированных флотов нет
[2026-09-06 21:02:15] 🌾 [loop] farm: выключен → пропускаем runFarmCycle
[2026-09-06 21:02:15] 🚀 [loop] expedition: выключен → пропускаем launchExpeditions
[2026-09-06 21:02:15] 📊 [tick] миссий: 13 (transport:1 unknown:5 return:5 expedition:2), атаки: 0
[2026-09-06 21:03:44] 🔘 [loop] флаги: farm=OFF (Линкор), expedition=OFF (Линкор×300e9, Броненосец×3e9, Эсминец×2e9, Крейсер×7e9), safety=ON; reserveSlots=10
[2026-09-06 21:03:46] 🔒 [loop] safety: включён → запускаем runSafetyCheck
[2026-09-06 21:03:46] 🛡️ [safety] Главная луна 1:363:6: входящие=0
[2026-09-06 21:03:46] 🛡️ [safety] Атак на главную луну нет, эвакуированных флотов нет
[2026-09-06 21:03:46] 🌾 [loop] farm: выключен → пропускаем runFarmCycle
[2026-09-06 21:03:46] 🚀 [loop] expedition: выключен → пропускаем launchExpeditions
[2026-09-06 21:03:46] 📊 [tick] миссий: 13 (transport:1 unknown:5 return:5 expedition:2), атаки: 0
[2026-09-06 21:05:19] 🔘 [loop] флаги: farm=OFF (Линкор), expedition=OFF (Линкор×300e9, Броненосец×3e9, Эсминец×2e9, Крейсер×7e9), safety=ON; reserveSlots=10
[2026-09-06 21:05:21] 🔒 [loop] safety: включён → запускаем runSafetyCheck
[2026-09-06 21:05:21] 🛡️ [safety] Главная луна 1:363:6: входящие=0
[2026-09-06 21:05:21] 🛡️ [safety] Атак на главную луну нет, эвакуированных флотов нет
[2026-09-06 21:05:21] 🌾 [loop] farm: выключен → пропускаем runFarmCycle
[2026-09-06 21:05:21] 🚀 [loop] expedition: выключен → пропускаем launchExpeditions
[2026-09-06 21:05:21] 📊 [tick] миссий: 13 (transport:1 unknown:5 return:5 expedition:2), атаки: 0
[2026-09-06 21:06:50] 🔘 [loop] флаги: farm=OFF (Линкор), expedition=OFF (Линкор×300e9, Броненосец×3e9, Эсминец×2e9, Крейсер×7e9), safety=ON; reserveSlots=10
[2026-09-06 21:06:51] 🔒 [loop] safety: включён → запускаем runSafetyCheck
[2026-09-06 21:06:51] 🛡️ [safety] Главная луна 1:363:6: входящие=0
[2026-09-06 21:06:51] 🛡️ [safety] Атак на главную луну нет, эвакуированных флотов нет
[2026-09-06 21:06:51] 🌾 [loop] farm: выключен → пропускаем runFarmCycle
[2026-09-06 21:06:51] 🚀 [loop] expedition: выключен → пропускаем launchExpeditions
[2026-09-06 21:06:51] 📊 [tick] миссий: 13 (transport:1 unknown:5 return:5 expedition:2), атаки: 0
[2026-09-06 21:08:27] 🔘 [loop] флаги: farm=OFF (Линкор), expedition=OFF (Линкор×300e9, Броненосец×3e9, Эсминец×2e9, Крейсер×7e9), safety=ON; reserveSlots=10
[2026-09-06 21:08:29] 🔒 [loop] safety: включён → запускаем runSafetyCheck
[2026-09-06 21:08:29] 🛡️ [safety] Главная луна 1:363:6: входящие=0
[2026-09-06 21:08:29] 🛡️ [safety] Атак на главную луну нет, эвакуированных флотов нет
[2026-09-06 21:08:29] 🌾 [loop] farm: выключен → пропускаем runFarmCycle
[2026-09-06 21:08:29] 🚀 [loop] expedition: выключен → пропускаем launchExpeditions
[2026-09-06 21:08:29] 📊 [tick] миссий: 13 (transport:1 unknown:5 return:5 expedition:2), атаки: 0
[2026-09-06 21:10:01] 🔘 [loop] флаги: farm=OFF (Линкор), expedition=OFF (Линкор×300e9, Броненосец×3e9, Эсминец×2e9, Крейсер×7e9), safety=ON; reserveSlots=10
[2026-09-06 21:10:02] 🔒 [loop] safety: включён → запускаем runSafetyCheck
[2026-09-06 21:10:02] 🛡️ [safety] Главная луна 1:363:6: входящие=0
[2026-09-06 21:10:02] 🛡️ [safety] Атак на главную луну нет, эвакуированных флотов нет
[2026-09-06 21:10:02] 🌾 [loop] farm: выключен → пропускаем runFarmCycle
[2026-09-06 21:10:02] 🚀 [loop] expedition: выключен → пропускаем launchExpeditions
[2026-09-06 21:10:02] 📊 [tick] миссий: 13 (transport:1 unknown:5 return:5 expedition:2), атаки: 0
[2026-09-06 21:11:32] 🔘 [loop] флаги: farm=OFF (Линкор), expedition=OFF (Линкор×300e9, Броненосец×3e9, Эсминец×2e9, Крейсер×7e9), safety=ON; reserveSlots=10
[2026-09-06 21:11:34] 🔒 [loop] safety: включён → запускаем runSafetyCheck
[2026-09-06 21:11:34] 🛡️ [safety] Главная луна 1:363:6: входящие=0
[2026-09-06 21:11:34] 🛡️ [safety] Атак на главную луну нет, эвакуированных флотов нет
[2026-09-06 21:11:34] 🌾 [loop] farm: выключен → пропускаем runFarmCycle
[2026-09-06 21:11:34] 🚀 [loop] expedition: выключен → пропускаем launchExpeditions
[2026-09-06 21:11:34] 📊 [tick] миссий: 13 (transport:1 unknown:5 return:5 expedition:2), атаки: 0
[2026-09-06 21:13:05] 🔘 [loop] флаги: farm=OFF (Линкор), expedition=OFF (Линкор×300e9, Броненосец×3e9, Эсминец×2e9, Крейсер×7e9), safety=ON; reserveSlots=10
[2026-09-06 21:13:06] 🔒 [loop] safety: включён → запускаем runSafetyCheck
[2026-09-06 21:13:06] 🛡️ [safety] Главная луна 1:363:6: входящие=0
[2026-09-06 21:13:06] 🛡️ [safety] Атак на главную луну нет, эвакуированных флотов нет
[2026-09-06 21:13:06] 🌾 [loop] farm: выключен → пропускаем runFarmCycle
[2026-09-06 21:13:06] 🚀 [loop] expedition: выключен → пропускаем launchExpeditions
[2026-09-06 21:13:06] 📊 [tick] миссий: 13 (transport:1 unknown:5 return:5 expedition:2), атаки: 0
[2026-09-06 21:14:43] 🔘 [loop] флаги: farm=OFF (Линкор), expedition=OFF (Линкор×300e9, Броненосец×3e9, Эсминец×2e9, Крейсер×7e9), safety=ON; reserveSlots=10
[2026-09-06 21:14:44] 🔒 [loop] safety: включён → запускаем runSafetyCheck
[2026-09-06 21:14:44] 🛡️ [safety] Главная луна 1:363:6: входящие=0
[2026-09-06 21:14:44] 🛡️ [safety] Атак на главную луну нет, эвакуированных флотов нет
[2026-09-06 21:14:44] 🌾 [loop] farm: выключен → пропускаем runFarmCycle
[2026-09-06 21:14:44] 🚀 [loop] expedition: выключен → пропускаем launchExpeditions
[2026-09-06 21:14:44] 📊 [tick] миссий: 13 (transport:1 unknown:5 return:5 expedition:2), атаки: 0
[2026-09-06 21:16:23] 🔘 [loop] флаги: farm=OFF (Линкор), expedition=OFF (Линкор×300e9, Броненосец×3e9, Эсминец×2e9, Крейсер×7e9), safety=ON; reserveSlots=10
[2026-09-06 21:16:24] 🔒 [loop] safety: включён → запускаем runSafetyCheck
[2026-09-06 21:16:24] 🛡️ [safety] Главная луна 1:363:6: входящие=0
[2026-09-06 21:16:24] 🛡️ [safety] Атак на главную луну нет, эвакуированных флотов нет
[2026-09-06 21:16:24] 🌾 [loop] farm: выключен → пропускаем runFarmCycle
[2026-09-06 21:16:24] 🚀 [loop] expedition: выключен → пропускаем launchExpeditions
[2026-09-06 21:16:24] 📊 [tick] миссий: 12 (unknown:5 return:5 expedition:2), атаки: 0
[2026-09-06 21:17:58] 🔘 [loop] флаги: farm=OFF (Линкор), expedition=OFF (Линкор×300e9, Броненосец×3e9, Эсминец×2e9, Крейсер×7e9), safety=ON; reserveSlots=10
[2026-09-06 21:18:00] 🔒 [loop] safety: включён → запускаем runSafetyCheck
[2026-09-06 21:18:00] 🛡️ [safety] Главная луна 1:363:6: входящие=0
[2026-09-06 21:18:00] 🛡️ [safety] Атак на главную луну нет, эвакуированных флотов нет
[2026-09-06 21:18:00] 🌾 [loop] farm: выключен → пропускаем runFarmCycle
[2026-09-06 21:18:00] 🚀 [loop] expedition: выключен → пропускаем launchExpeditions
[2026-09-06 21:18:00] 📊 [tick] миссий: 12 (unknown:5 return:5 expedition:2), атаки: 0
[2026-09-06 21:19:45] 🔘 [loop] флаги: farm=OFF (Линкор), expedition=OFF (Линкор×300e9, Броненосец×3e9, Эсминец×2e9, Крейсер×7e9), safety=ON; reserveSlots=10
[2026-09-06 21:19:46] 🔒 [loop] safety: включён → запускаем runSafetyCheck
[2026-09-06 21:19:46] 🛡️ [safety] Главная луна 1:363:6: входящие=0
[2026-09-06 21:19:46] 🛡️ [safety] Атак на главную луну нет, эвакуированных флотов нет
[2026-09-06 21:19:46] 🌾 [loop] farm: выключен → пропускаем runFarmCycle
[2026-09-06 21:19:46] 🚀 [loop] expedition: выключен → пропускаем launchExpeditions
[2026-09-06 21:19:46] 📊 [tick] миссий: 12 (unknown:5 return:5 expedition:2), атаки: 0
[2026-09-06 21:21:27] 🔘 [loop] флаги: farm=OFF (Линкор), expedition=OFF (Линкор×300e9, Броненосец×3e9, Эсминец×2e9, Крейсер×7e9), safety=ON; reserveSlots=10
[2026-09-06 21:21:28] 🔒 [loop] safety: включён → запускаем runSafetyCheck
[2026-09-06 21:21:28] 🛡️ [safety] Главная луна 1:363:6: входящие=0
[2026-09-06 21:21:28] 🛡️ [safety] Атак на главную луну нет, эвакуированных флотов нет
[2026-09-06 21:21:28] 🌾 [loop] farm: выключен → пропускаем runFarmCycle
[2026-09-06 21:21:28] 🚀 [loop] expedition: выключен → пропускаем launchExpeditions
[2026-09-06 21:21:28] 📊 [tick] миссий: 12 (unknown:5 return:5 expedition:2), атаки: 0
[2026-09-06 21:23:10] 🔘 [loop] флаги: farm=OFF (Линкор), expedition=OFF (Линкор×300e9, Броненосец×3e9, Эсминец×2e9, Крейсер×7e9), safety=ON; reserveSlots=10
[2026-09-06 21:23:12] 🔒 [loop] safety: включён → запускаем runSafetyCheck
[2026-09-06 21:23:12] 🛡️ [safety] Главная луна 1:363:6: входящие=0
[2026-09-06 21:23:12] 🛡️ [safety] Атак на главную луну нет, эвакуированных флотов нет
[2026-09-06 21:23:12] 🌾 [loop] farm: выключен → пропускаем runFarmCycle
[2026-09-06 21:23:12] 🚀 [loop] expedition: выключен → пропускаем launchExpeditions
[2026-09-06 21:23:12] 📊 [tick] миссий: 12 (unknown:5 return:5 expedition:2), атаки: 0
[2026-09-06 21:24:39] 🔘 [loop] флаги: farm=OFF (Линкор), expedition=OFF (Линкор×300e9, Броненосец×3e9, Эсминец×2e9, Крейсер×7e9), safety=ON; reserveSlots=10
[2026-09-06 21:24:40] 🔒 [loop] safety: включён → запускаем runSafetyCheck
[2026-09-06 21:24:40] 🛡️ [safety] Главная луна 1:363:6: входящие=0
[2026-09-06 21:24:40] 🛡️ [safety] Атак на главную луну нет, эвакуированных флотов нет
[2026-09-06 21:24:40] 🌾 [loop] farm: выключен → пропускаем runFarmCycle
[2026-09-06 21:24:40] 🚀 [loop] expedition: выключен → пропускаем launchExpeditions
[2026-09-06 21:24:40] 📊 [tick] миссий: 12 (unknown:5 return:5 expedition:2), атаки: 0
[2026-09-06 21:26:25] 🔘 [loop] флаги: farm=OFF (Линкор), expedition=OFF (Линкор×300e9, Броненосец×3e9, Эсминец×2e9, Крейсер×7e9), safety=ON; reserveSlots=10
[2026-09-06 21:26:26] 🔒 [loop] safety: включён → запускаем runSafetyCheck
[2026-09-06 21:26:26] 🛡️ [safety] Главная луна 1:363:6: входящие=0
[2026-09-06 21:26:26] 🛡️ [safety] Атак на главную луну нет, эвакуированных флотов нет
[2026-09-06 21:26:26] 🌾 [loop] farm: выключен → пропускаем runFarmCycle
[2026-09-06 21:26:26] 🚀 [loop] expedition: выключен → пропускаем launchExpeditions
[2026-09-06 21:26:26] 📊 [tick] миссий: 12 (unknown:5 return:5 expedition:2), атаки: 0
[2026-09-06 21:28:03] 🔘 [loop] флаги: farm=OFF (Линкор), expedition=OFF (Линкор×300e9, Броненосец×3e9, Эсминец×2e9, Крейсер×7e9), safety=ON; reserveSlots=10
[2026-09-06 21:28:04] 🔒 [loop] safety: включён → запускаем runSafetyCheck
[2026-09-06 21:28:04] 🛡️ [safety] Главная луна 1:363:6: входящие=0
[2026-09-06 21:28:04] 🛡️ [safety] Атак на главную луну нет, эвакуированных флотов нет
[2026-09-06 21:28:04] 🌾 [loop] farm: выключен → пропускаем runFarmCycle
[2026-09-06 21:28:04] 🚀 [loop] expedition: выключен → пропускаем launchExpeditions
[2026-09-06 21:28:04] 📊 [tick] миссий: 12 (unknown:5 return:5 expedition:2), атаки: 0
[2026-09-06 21:29:39] 🔘 [loop] флаги: farm=OFF (Линкор), expedition=OFF (Линкор×300e9, Броненосец×3e9, Эсминец×2e9, Крейсер×7e9), safety=ON; reserveSlots=10
[2026-09-06 21:29:40] 🔒 [loop] safety: включён → запускаем runSafetyCheck
[2026-09-06 21:29:40] 🛡️ [safety] Главная луна 1:363:6: входящие=0
[2026-09-06 21:29:40] 🛡️ [safety] Атак на главную луну нет, эвакуированных флотов нет
[2026-09-06 21:29:40] 🌾 [loop] farm: выключен → пропускаем runFarmCycle
[2026-09-06 21:29:40] 🚀 [loop] expedition: выключен → пропускаем launchExpeditions
[2026-09-06 21:29:40] 📊 [tick] миссий: 12 (unknown:5 return:5 expedition:2), атаки: 0
[2026-09-06 21:31:10] 🔘 [loop] флаги: farm=OFF (Линкор), expedition=OFF (Линкор×300e9, Броненосец×3e9, Эсминец×2e9, Крейсер×7e9), safety=ON; reserveSlots=10
[2026-09-06 21:31:12] 🔒 [loop] safety: включён → запускаем runSafetyCheck
[2026-09-06 21:31:12] 🛡️ [safety] Главная луна 1:363:6: входящие=0
[2026-09-06 21:31:12] 🛡️ [safety] Атак на главную луну нет, эвакуированных флотов нет
[2026-09-06 21:31:12] 🌾 [loop] farm: выключен → пропускаем runFarmCycle
[2026-09-06 21:31:12] 🚀 [loop] expedition: выключен → пропускаем launchExpeditions
[2026-09-06 21:31:12] 📊 [tick] миссий: 12 (unknown:5 return:5 expedition:2), атаки: 0
[2026-09-06 21:32:43] 🔘 [loop] флаги: farm=OFF (Линкор), expedition=OFF (Линкор×300e9, Броненосец×3e9, Эсминец×2e9, Крейсер×7e9), safety=ON; reserveSlots=10
[2026-09-06 21:32:44] 🔒 [loop] safety: включён → запускаем runSafetyCheck
[2026-09-06 21:32:44] 🛡️ [safety] Главная луна 1:363:6: входящие=0
[2026-09-06 21:32:44] 🛡️ [safety] Атак на главную луну нет, эвакуированных флотов нет
[2026-09-06 21:32:44] 🌾 [loop] farm: выключен → пропускаем runFarmCycle
[2026-09-06 21:32:44] 🚀 [loop] expedition: выключен → пропускаем launchExpeditions
[2026-09-06 21:32:44] 📊 [tick] миссий: 12 (unknown:5 return:5 expedition:2), атаки: 0
[2026-09-06 21:34:25] 🔘 [loop] флаги: farm=OFF (Линкор), expedition=OFF (Линкор×300e9, Броненосец×3e9, Эсминец×2e9, Крейсер×7e9), safety=ON; reserveSlots=10
[2026-09-06 21:34:27] 🔒 [loop] safety: включён → запускаем runSafetyCheck
[2026-09-06 21:34:27] 🛡️ [safety] Главная луна 1:363:6: входящие=0
[2026-09-06 21:34:27] 🛡️ [safety] Атак на главную луну нет, эвакуированных флотов нет
[2026-09-06 21:34:27] 🌾 [loop] farm: выключен → пропускаем runFarmCycle
[2026-09-06 21:34:27] 🚀 [loop] expedition: выключен → пропускаем launchExpeditions
[2026-09-06 21:34:27] 📊 [tick] миссий: 12 (unknown:5 return:5 expedition:2), атаки: 0
[2026-09-06 21:35:58] 🔘 [loop] флаги: farm=OFF (Линкор), expedition=OFF (Линкор×300e9, Броненосец×3e9, Эсминец×2e9, Крейсер×7e9), safety=ON; reserveSlots=10
[2026-09-06 21:35:59] 🔒 [loop] safety: включён → запускаем runSafetyCheck
[2026-09-06 21:35:59] 🛡️ [safety] Главная луна 1:363:6: входящие=0
[2026-09-06 21:35:59] 🛡️ [safety] Атак на главную луну нет, эвакуированных флотов нет
[2026-09-06 21:35:59] 🌾 [loop] farm: выключен → пропускаем runFarmCycle
[2026-09-06 21:35:59] 🚀 [loop] expedition: выключен → пропускаем launchExpeditions
[2026-09-06 21:35:59] 📊 [tick] миссий: 12 (unknown:5 return:5 expedition:2), атаки: 0
[2026-09-06 21:37:27] 🔘 [loop] флаги: farm=OFF (Линкор), expedition=OFF (Линкор×300e9, Броненосец×3e9, Эсминец×2e9, Крейсер×7e9), safety=ON; reserveSlots=10
[2026-09-06 21:37:28] 🔒 [loop] safety: включён → запускаем runSafetyCheck
[2026-09-06 21:37:28] 🛡️ [safety] Главная луна 1:363:6: входящие=0
[2026-09-06 21:37:28] 🛡️ [safety] Атак на главную луну нет, эвакуированных флотов нет
[2026-09-06 21:37:28] 🌾 [loop] farm: выключен → пропускаем runFarmCycle
[2026-09-06 21:37:28] 🚀 [loop] expedition: выключен → пропускаем launchExpeditions
[2026-09-06 21:37:28] 📊 [tick] миссий: 12 (unknown:5 return:5 expedition:2), атаки: 0
[2026-09-06 21:39:02] 🔘 [loop] флаги: farm=OFF (Линкор), expedition=OFF (Линкор×300e9, Броненосец×3e9, Эсминец×2e9, Крейсер×7e9), safety=ON; reserveSlots=10
[2026-09-06 21:39:03] 🔒 [loop] safety: включён → запускаем runSafetyCheck
[2026-09-06 21:39:03] 🛡️ [safety] Главная луна 1:363:6: входящие=0
[2026-09-06 21:39:03] 🛡️ [safety] Атак на главную луну нет, эвакуированных флотов нет
[2026-09-06 21:39:03] 🌾 [loop] farm: выключен → пропускаем runFarmCycle
[2026-09-06 21:39:03] 🚀 [loop] expedition: выключен → пропускаем launchExpeditions
[2026-09-06 21:39:03] 📊 [tick] миссий: 12 (unknown:5 return:5 expedition:2), атаки: 0
[2026-09-06 21:40:45] 🔘 [loop] флаги: farm=OFF (Линкор), expedition=OFF (Линкор×300e9, Броненосец×3e9, Эсминец×2e9, Крейсер×7e9), safety=ON; reserveSlots=10
[2026-09-06 21:40:46] 🔒 [loop] safety: включён → запускаем runSafetyCheck
[2026-09-06 21:40:46] 🛡️ [safety] Главная луна 1:363:6: входящие=0
[2026-09-06 21:40:46] 🛡️ [safety] Атак на главную луну нет, эвакуированных флотов нет
[2026-09-06 21:40:46] 🌾 [loop] farm: выключен → пропускаем runFarmCycle
[2026-09-06 21:40:46] 🚀 [loop] expedition: выключен → пропускаем launchExpeditions
[2026-09-06 21:40:46] 📊 [tick] миссий: 12 (unknown:5 return:5 expedition:2), атаки: 0
[2026-09-06 21:42:28] 🔘 [loop] флаги: farm=OFF (Линкор), expedition=OFF (Линкор×300e9, Броненосец×3e9, Эсминец×2e9, Крейсер×7e9), safety=ON; reserveSlots=10
[2026-09-06 21:42:29] 🔒 [loop] safety: включён → запускаем runSafetyCheck
[2026-09-06 21:42:29] 🛡️ [safety] Главная луна 1:363:6: входящие=0
[2026-09-06 21:42:29] 🛡️ [safety] Атак на главную луну нет, эвакуированных флотов нет
[2026-09-06 21:42:29] 🌾 [loop] farm: выключен → пропускаем runFarmCycle
[2026-09-06 21:42:29] 🚀 [loop] expedition: выключен → пропускаем launchExpeditions
[2026-09-06 21:42:29] 📊 [tick] миссий: 12 (unknown:5 return:5 expedition:2), атаки: 0
[2026-09-06 21:44:00] 🔘 [loop] флаги: farm=OFF (Линкор), expedition=OFF (Линкор×300e9, Броненосец×3e9, Эсминец×2e9, Крейсер×7e9), safety=ON; reserveSlots=10
[2026-09-06 21:44:01] 🔒 [loop] safety: включён → запускаем runSafetyCheck
[2026-09-06 21:44:01] 🛡️ [safety] Главная луна 1:363:6: входящие=0
[2026-09-06 21:44:01] 🛡️ [safety] Атак на главную луну нет, эвакуированных флотов нет
[2026-09-06 21:44:01] 🌾 [loop] farm: выключен → пропускаем runFarmCycle
[2026-09-06 21:44:01] 🚀 [loop] expedition: выключен → пропускаем launchExpeditions
[2026-09-06 21:44:01] 📊 [tick] миссий: 12 (unknown:5 return:5 expedition:2), атаки: 0
[2026-09-06 21:45:34] 🔘 [loop] флаги: farm=OFF (Линкор), expedition=OFF (Линкор×300e9, Броненосец×3e9, Эсминец×2e9, Крейсер×7e9), safety=ON; reserveSlots=10
[2026-09-06 21:45:37] 🔒 [loop] safety: включён → запускаем runSafetyCheck
[2026-09-06 21:45:37] 🛡️ [safety] Главная луна 1:363:6: входящие=0
[2026-09-06 21:45:37] 🛡️ [safety] Атак на главную луну нет, эвакуированных флотов нет
[2026-09-06 21:45:37] 🌾 [loop] farm: выключен → пропускаем runFarmCycle
[2026-09-06 21:45:37] 🚀 [loop] expedition: выключен → пропускаем launchExpeditions
[2026-09-06 21:45:37] 📊 [tick] миссий: 12 (unknown:5 return:5 expedition:2), атаки: 0
[2026-09-06 21:47:08] 🔘 [loop] флаги: farm=OFF (Линкор), expedition=OFF (Линкор×300e9, Броненосец×3e9, Эсминец×2e9, Крейсер×7e9), safety=ON; reserveSlots=10
[2026-09-06 21:47:09] 🔒 [loop] safety: включён → запускаем runSafetyCheck
[2026-09-06 21:47:09] 🛡️ [safety] Главная луна 1:363:6: входящие=0
[2026-09-06 21:47:09] 🛡️ [safety] Атак на главную луну нет, эвакуированных флотов нет
[2026-09-06 21:47:09] 🌾 [loop] farm: выключен → пропускаем runFarmCycle
[2026-09-06 21:47:09] 🚀 [loop] expedition: выключен → пропускаем launchExpeditions
[2026-09-06 21:47:09] 📊 [tick] миссий: 12 (unknown:5 return:5 expedition:2), атаки: 0
[2026-09-06 21:48:43] 🔘 [loop] флаги: farm=OFF (Линкор), expedition=OFF (Линкор×300e9, Броненосец×3e9, Эсминец×2e9, Крейсер×7e9), safety=ON; reserveSlots=10
[2026-09-06 21:48:44] 🔒 [loop] safety: включён → запускаем runSafetyCheck
[2026-09-06 21:48:44] 🛡️ [safety] Главная луна 1:363:6: входящие=0
[2026-09-06 21:48:44] 🛡️ [safety] Атак на главную луну нет, эвакуированных флотов нет
[2026-09-06 21:48:44] 🌾 [loop] farm: выключен → пропускаем runFarmCycle
[2026-09-06 21:48:44] 🚀 [loop] expedition: выключен → пропускаем launchExpeditions
[2026-09-06 21:48:44] 📊 [tick] миссий: 12 (unknown:5 return:5 expedition:2), атаки: 0
[2026-09-06 21:50:20] 🔘 [loop] флаги: farm=OFF (Линкор), expedition=OFF (Линкор×300e9, Броненосец×3e9, Эсминец×2e9, Крейсер×7e9), safety=ON; reserveSlots=10
[2026-09-06 21:50:21] 🔒 [loop] safety: включён → запускаем runSafetyCheck
[2026-09-06 21:50:21] 🛡️ [safety] Главная луна 1:363:6: входящие=0
[2026-09-06 21:50:21] 🛡️ [safety] Атак на главную луну нет, эвакуированных флотов нет
[2026-09-06 21:50:21] 🌾 [loop] farm: выключен → пропускаем runFarmCycle
[2026-09-06 21:50:21] 🚀 [loop] expedition: выключен → пропускаем launchExpeditions
[2026-09-06 21:50:21] 📊 [tick] миссий: 12 (unknown:5 return:5 expedition:2), атаки: 0
[2026-09-06 21:52:04] 🔘 [loop] флаги: farm=OFF (Линкор), expedition=OFF (Линкор×300e9, Броненосец×3e9, Эсминец×2e9, Крейсер×7e9), safety=ON; reserveSlots=10
[2026-09-06 21:52:05] 🔒 [loop] safety: включён → запускаем runSafetyCheck
[2026-09-06 21:52:05] 🛡️ [safety] Главная луна 1:363:6: входящие=0
[2026-09-06 21:52:05] 🛡️ [safety] Атак на главную луну нет, эвакуированных флотов нет
[2026-09-06 21:52:05] 🌾 [loop] farm: выключен → пропускаем runFarmCycle
[2026-09-06 21:52:05] 🚀 [loop] expedition: выключен → пропускаем launchExpeditions
[2026-09-06 21:52:05] 📊 [tick] миссий: 12 (unknown:5 return:5 expedition:2), атаки: 0
[2026-09-06 21:53:37] 🔘 [loop] флаги: farm=OFF (Линкор), expedition=OFF (Линкор×300e9, Броненосец×3e9, Эсминец×2e9, Крейсер×7e9), safety=ON; reserveSlots=10
[2026-09-06 21:53:38] 🔒 [loop] safety: включён → запускаем runSafetyCheck
[2026-09-06 21:53:38] 🛡️ [safety] Главная луна 1:363:6: входящие=0
[2026-09-06 21:53:38] 🛡️ [safety] Атак на главную луну нет, эвакуированных флотов нет
[2026-09-06 21:53:38] 🌾 [loop] farm: выключен → пропускаем runFarmCycle
[2026-09-06 21:53:38] 🚀 [loop] expedition: выключен → пропускаем launchExpeditions
[2026-09-06 21:53:38] 📊 [tick] миссий: 12 (unknown:5 return:5 expedition:2), атаки: 0
[2026-09-06 21:55:11] 🔘 [loop] флаги: farm=OFF (Линкор), expedition=OFF (Линкор×300e9, Броненосец×3e9, Эсминец×2e9, Крейсер×7e9), safety=ON; reserveSlots=10
[2026-09-06 21:55:12] 🔒 [loop] safety: включён → запускаем runSafetyCheck
[2026-09-06 21:55:12] 🛡️ [safety] Главная луна 1:363:6: входящие=0
[2026-09-06 21:55:12] 🛡️ [safety] Атак на главную луну нет, эвакуированных флотов нет
[2026-09-06 21:55:12] 🌾 [loop] farm: выключен → пропускаем runFarmCycle
[2026-09-06 21:55:12] 🚀 [loop] expedition: выключен → пропускаем launchExpeditions
[2026-09-06 21:55:12] 📊 [tick] миссий: 12 (unknown:5 return:5 expedition:2), атаки: 0
[2026-09-06 21:56:47] 🔘 [loop] флаги: farm=OFF (Линкор), expedition=OFF (Линкор×300e9, Броненосец×3e9, Эсминец×2e9, Крейсер×7e9), safety=ON; reserveSlots=10
[2026-09-06 21:56:49] 🔒 [loop] safety: включён → запускаем runSafetyCheck
[2026-09-06 21:56:49] 🛡️ [safety] Главная луна 1:363:6: входящие=0
[2026-09-06 21:56:49] 🛡️ [safety] Атак на главную луну нет, эвакуированных флотов нет
[2026-09-06 21:56:49] 🌾 [loop] farm: выключен → пропускаем runFarmCycle
[2026-09-06 21:56:49] 🚀 [loop] expedition: выключен → пропускаем launchExpeditions
[2026-09-06 21:56:49] 📊 [tick] миссий: 12 (unknown:5 return:5 expedition:2), атаки: 0
[2026-09-06 21:58:22] 🔘 [loop] флаги: farm=OFF (Линкор), expedition=OFF (Линкор×300e9, Броненосец×3e9, Эсминец×2e9, Крейсер×7e9), safety=ON; reserveSlots=10
[2026-09-06 21:58:23] 🔒 [loop] safety: включён → запускаем runSafetyCheck
[2026-09-06 21:58:23] 🛡️ [safety] Главная луна 1:363:6: входящие=0
[2026-09-06 21:58:23] 🛡️ [safety] Атак на главную луну нет, эвакуированных флотов нет
[2026-09-06 21:58:23] 🌾 [loop] farm: выключен → пропускаем runFarmCycle
[2026-09-06 21:58:23] 🚀 [loop] expedition: выключен → пропускаем launchExpeditions
[2026-09-06 21:58:23] 📊 [tick] миссий: 12 (unknown:5 return:5 expedition:2), атаки: 0
[2026-09-06 21:59:50] 🔘 [loop] флаги: farm=OFF (Линкор), expedition=OFF (Линкор×300e9, Броненосец×3e9, Эсминец×2e9, Крейсер×7e9), safety=ON; reserveSlots=10
[2026-09-06 21:59:51] 🔒 [loop] safety: включён → запускаем runSafetyCheck
[2026-09-06 21:59:51] 🛡️ [safety] Главная луна 1:363:6: входящие=0
[2026-09-06 21:59:51] 🛡️ [safety] Атак на главную луну нет, эвакуированных флотов нет
[2026-09-06 21:59:51] 🌾 [loop] farm: выключен → пропускаем runFarmCycle
[2026-09-06 21:59:51] 🚀 [loop] expedition: выключен → пропускаем launchExpeditions
[2026-09-06 21:59:51] 📊 [tick] миссий: 12 (unknown:5 return:5 expedition:2), атаки: 0
[2026-09-06 22:01:36] 🔘 [loop] флаги: farm=OFF (Линкор), expedition=OFF (Линкор×300e9, Броненосец×3e9, Эсминец×2e9, Крейсер×7e9), safety=ON; reserveSlots=10
[2026-09-06 22:01:43] 🔒 [loop] safety: включён → запускаем runSafetyCheck
[2026-09-06 22:01:43] 🛡️ [safety] Главная луна 1:363:6: входящие=0
[2026-09-06 22:01:43] 🛡️ [safety] Атак на главную луну нет, эвакуированных флотов нет
[2026-09-06 22:01:43] 🌾 [loop] farm: выключен → пропускаем runFarmCycle
[2026-09-06 22:01:43] 🚀 [loop] expedition: выключен → пропускаем launchExpeditions
[2026-09-06 22:01:43] 📊 [tick] миссий: 12 (unknown:5 return:5 expedition:2), атаки: 0
[2026-09-06 22:03:11] 🔘 [loop] флаги: farm=OFF (Линкор), expedition=OFF (Линкор×300e9, Броненосец×3e9, Эсминец×2e9, Крейсер×7e9), safety=ON; reserveSlots=10
[2026-09-06 22:03:12] 🔒 [loop] safety: включён → запускаем runSafetyCheck
[2026-09-06 22:03:12] 🛡️ [safety] Главная луна 1:363:6: входящие=0
[2026-09-06 22:03:12] 🛡️ [safety] Атак на главную луну нет, эвакуированных флотов нет
[2026-09-06 22:03:12] 🌾 [loop] farm: выключен → пропускаем runFarmCycle
[2026-09-06 22:03:12] 🚀 [loop] expedition: выключен → пропускаем launchExpeditions
[2026-09-06 22:03:12] 📊 [tick] миссий: 12 (unknown:5 return:5 expedition:2), атаки: 0
[2026-09-06 22:04:52] 🔘 [loop] флаги: farm=OFF (Линкор), expedition=OFF (Линкор×300e9, Броненосец×3e9, Эсминец×2e9, Крейсер×7e9), safety=ON; reserveSlots=10
[2026-09-06 22:04:52] 🔒 [loop] safety: включён → запускаем runSafetyCheck
[2026-09-06 22:04:52] 🛡️ [safety] Главная луна 1:363:6: входящие=0
[2026-09-06 22:04:52] 🛡️ [safety] Атак на главную луну нет, эвакуированных флотов нет
[2026-09-06 22:04:53] 🌾 [loop] farm: выключен → пропускаем runFarmCycle
[2026-09-06 22:04:53] 🚀 [loop] expedition: выключен → пропускаем launchExpeditions
[2026-09-06 22:04:53] 📊 [tick] миссий: 12 (unknown:5 return:5 expedition:2), атаки: 0
[2026-09-06 22:06:24] 🔘 [loop] флаги: farm=OFF (Линкор), expedition=OFF (Линкор×300e9, Броненосец×3e9, Эсминец×2e9, Крейсер×7e9), safety=ON; reserveSlots=10
[2026-09-06 22:06:25] 🔒 [loop] safety: включён → запускаем runSafetyCheck
[2026-09-06 22:06:25] 🛡️ [safety] Главная луна 1:363:6: входящие=0
[2026-09-06 22:06:25] 🛡️ [safety] Атак на главную луну нет, эвакуированных флотов нет
[2026-09-06 22:06:25] 🌾 [loop] farm: выключен → пропускаем runFarmCycle
[2026-09-06 22:06:25] 🚀 [loop] expedition: выключен → пропускаем launchExpeditions
[2026-09-06 22:06:25] 📊 [tick] миссий: 12 (unknown:5 return:5 expedition:2), атаки: 0
[2026-09-06 22:08:08] 🔘 [loop] флаги: farm=OFF (Линкор), expedition=OFF (Линкор×300e9, Броненосец×3e9, Эсминец×2e9, Крейсер×7e9), safety=ON; reserveSlots=10
[2026-09-06 22:08:10] 🔒 [loop] safety: включён → запускаем runSafetyCheck
[2026-09-06 22:08:10] 🛡️ [safety] Главная луна 1:363:6: входящие=0
[2026-09-06 22:08:10] 🛡️ [safety] Атак на главную луну нет, эвакуированных флотов нет
[2026-09-06 22:08:10] 🌾 [loop] farm: выключен → пропускаем runFarmCycle
[2026-09-06 22:08:10] 🚀 [loop] expedition: выключен → пропускаем launchExpeditions
[2026-09-06 22:08:10] 📊 [tick] миссий: 12 (unknown:5 return:5 expedition:2), атаки: 0
[2026-09-06 22:09:48] 🔘 [loop] флаги: farm=OFF (Линкор), expedition=OFF (Линкор×300e9, Броненосец×3e9, Эсминец×2e9, Крейсер×7e9), safety=ON; reserveSlots=10
[2026-09-06 22:09:49] 🔒 [loop] safety: включён → запускаем runSafetyCheck
[2026-09-06 22:09:49] 🛡️ [safety] Главная луна 1:363:6: входящие=0
[2026-09-06 22:09:49] 🛡️ [safety] Атак на главную луну нет, эвакуированных флотов нет
[2026-09-06 22:09:49] 🌾 [loop] farm: выключен → пропускаем runFarmCycle
[2026-09-06 22:09:49] 🚀 [loop] expedition: выключен → пропускаем launchExpeditions
[2026-09-06 22:09:49] 📊 [tick] миссий: 11 (return:5 expedition:2 unknown:4), атаки: 0
[2026-09-06 22:11:34] 🔘 [loop] флаги: farm=OFF (Линкор), expedition=OFF (Линкор×300e9, Броненосец×3e9, Эсминец×2e9, Крейсер×7e9), safety=ON; reserveSlots=10
[2026-09-06 22:11:35] 🔒 [loop] safety: включён → запускаем runSafetyCheck
[2026-09-06 22:11:35] 🛡️ [safety] Главная луна 1:363:6: входящие=0
[2026-09-06 22:11:35] 🛡️ [safety] Атак на главную луну нет, эвакуированных флотов нет
[2026-09-06 22:11:35] 🌾 [loop] farm: выключен → пропускаем runFarmCycle
[2026-09-06 22:11:35] 🚀 [loop] expedition: выключен → пропускаем launchExpeditions
[2026-09-06 22:11:35] 📊 [tick] миссий: 11 (return:5 expedition:2 unknown:4), атаки: 0
[2026-09-06 22:13:18] 🔘 [loop] флаги: farm=OFF (Линкор), expedition=OFF (Линкор×300e9, Броненосец×3e9, Эсминец×2e9, Крейсер×7e9), safety=ON; reserveSlots=10
[2026-09-06 22:13:19] 🔒 [loop] safety: включён → запускаем runSafetyCheck
[2026-09-06 22:13:19] 🛡️ [safety] Главная луна 1:363:6: входящие=0
[2026-09-06 22:13:19] 🛡️ [safety] Атак на главную луну нет, эвакуированных флотов нет
[2026-09-06 22:13:19] 🌾 [loop] farm: выключен → пропускаем runFarmCycle
[2026-09-06 22:13:19] 🚀 [loop] expedition: выключен → пропускаем launchExpeditions
[2026-09-06 22:13:19] 📊 [tick] миссий: 11 (return:5 expedition:2 unknown:4), атаки: 0
[2026-09-06 22:15:01] 🔘 [loop] флаги: farm=OFF (Линкор), expedition=OFF (Линкор×300e9, Броненосец×3e9, Эсминец×2e9, Крейсер×7e9), safety=ON; reserveSlots=10
[2026-09-06 22:15:02] 🔒 [loop] safety: включён → запускаем runSafetyCheck
[2026-09-06 22:15:02] 🛡️ [safety] Главная луна 1:363:6: входящие=0
[2026-09-06 22:15:02] 🛡️ [safety] Атак на главную луну нет, эвакуированных флотов нет
[2026-09-06 22:15:02] 🌾 [loop] farm: выключен → пропускаем runFarmCycle
[2026-09-06 22:15:02] 🚀 [loop] expedition: выключен → пропускаем launchExpeditions
[2026-09-06 22:15:02] 📊 [tick] миссий: 11 (return:5 expedition:2 unknown:4), атаки: 0
[2026-09-06 22:16:30] 🔘 [loop] флаги: farm=OFF (Линкор), expedition=OFF (Линкор×300e9, Броненосец×3e9, Эсминец×2e9, Крейсер×7e9), safety=ON; reserveSlots=10
[2026-09-06 22:16:31] 🔒 [loop] safety: включён → запускаем runSafetyCheck
[2026-09-06 22:16:31] 🛡️ [safety] Главная луна 1:363:6: входящие=0
[2026-09-06 22:16:31] 🛡️ [safety] Атак на главную луну нет, эвакуированных флотов нет
[2026-09-06 22:16:31] 🌾 [loop] farm: выключен → пропускаем runFarmCycle
[2026-09-06 22:16:31] 🚀 [loop] expedition: выключен → пропускаем launchExpeditions
[2026-09-06 22:16:31] 📊 [tick] миссий: 11 (return:5 expedition:2 unknown:4), атаки: 0
[2026-09-06 22:18:15] 🔘 [loop] флаги: farm=OFF (Линкор), expedition=OFF (Линкор×300e9, Броненосец×3e9, Эсминец×2e9, Крейсер×7e9), safety=ON; reserveSlots=10
[2026-09-06 22:18:17] 🔒 [loop] safety: включён → запускаем runSafetyCheck
[2026-09-06 22:18:17] 🛡️ [safety] Главная луна 1:363:6: входящие=0
[2026-09-06 22:18:17] 🛡️ [safety] Атак на главную луну нет, эвакуированных флотов нет
[2026-09-06 22:18:17] 🌾 [loop] farm: выключен → пропускаем runFarmCycle
[2026-09-06 22:18:17] 🚀 [loop] expedition: выключен → пропускаем launchExpeditions
[2026-09-06 22:18:17] 📊 [tick] миссий: 11 (return:5 expedition:2 unknown:4), атаки: 0
[2026-09-06 22:20:02] 🔘 [loop] флаги: farm=OFF (Линкор), expedition=OFF (Линкор×300e9, Броненосец×3e9, Эсминец×2e9, Крейсер×7e9), safety=ON; reserveSlots=10
[2026-09-06 22:20:03] 🔒 [loop] safety: включён → запускаем runSafetyCheck
[2026-09-06 22:20:03] 🛡️ [safety] Главная луна 1:363:6: входящие=0
[2026-09-06 22:20:03] 🛡️ [safety] Атак на главную луну нет, эвакуированных флотов нет
[2026-09-06 22:20:03] 🌾 [loop] farm: выключен → пропускаем runFarmCycle
[2026-09-06 22:20:03] 🚀 [loop] expedition: выключен → пропускаем launchExpeditions
[2026-09-06 22:20:03] 📊 [tick] миссий: 11 (return:5 expedition:2 unknown:4), атаки: 0
[2026-09-06 22:21:37] 🔘 [loop] флаги: farm=OFF (Линкор), expedition=OFF (Линкор×300e9, Броненосец×3e9, Эсминец×2e9, Крейсер×7e9), safety=ON; reserveSlots=10
[2026-09-06 22:21:38] 🔒 [loop] safety: включён → запускаем runSafetyCheck
[2026-09-06 22:21:38] 🛡️ [safety] Главная луна 1:363:6: входящие=0
[2026-09-06 22:21:38] 🛡️ [safety] Атак на главную луну нет, эвакуированных флотов нет
[2026-09-06 22:21:38] 🌾 [loop] farm: выключен → пропускаем runFarmCycle
[2026-09-06 22:21:38] 🚀 [loop] expedition: выключен → пропускаем launchExpeditions
[2026-09-06 22:21:38] 📊 [tick] миссий: 11 (return:5 expedition:2 unknown:4), атаки: 0
[2026-09-06 22:23:13] 🔘 [loop] флаги: farm=OFF (Линкор), expedition=OFF (Линкор×300e9, Броненосец×3e9, Эсминец×2e9, Крейсер×7e9), safety=ON; reserveSlots=10
[2026-09-06 22:23:14] 🔒 [loop] safety: включён → запускаем runSafetyCheck
[2026-09-06 22:23:14] 🛡️ [safety] Главная луна 1:363:6: входящие=0
[2026-09-06 22:23:14] 🛡️ [safety] Атак на главную луну нет, эвакуированных флотов нет
[2026-09-06 22:23:14] 🌾 [loop] farm: выключен → пропускаем runFarmCycle
[2026-09-06 22:23:14] 🚀 [loop] expedition: выключен → пропускаем launchExpeditions
[2026-09-06 22:23:14] 📊 [tick] миссий: 11 (return:5 expedition:2 unknown:4), атаки: 0
[2026-09-06 22:24:54] 🔘 [loop] флаги: farm=OFF (Линкор), expedition=OFF (Линкор×300e9, Броненосец×3e9, Эсминец×2e9, Крейсер×7e9), safety=ON; reserveSlots=10
[2026-09-06 22:24:56] 🔒 [loop] safety: включён → запускаем runSafetyCheck
[2026-09-06 22:24:56] 🛡️ [safety] Главная луна 1:363:6: входящие=0
[2026-09-06 22:24:56] 🛡️ [safety] Атак на главную луну нет, эвакуированных флотов нет
[2026-09-06 22:24:56] 🌾 [loop] farm: выключен → пропускаем runFarmCycle
[2026-09-06 22:24:56] 🚀 [loop] expedition: выключен → пропускаем launchExpeditions
[2026-09-06 22:24:56] 📊 [tick] миссий: 11 (return:5 expedition:2 unknown:4), атаки: 0
[2026-09-06 22:26:35] 🔘 [loop] флаги: farm=OFF (Линкор), expedition=OFF (Линкор×300e9, Броненосец×3e9, Эсминец×2e9, Крейсер×7e9), safety=ON; reserveSlots=10
[2026-09-06 22:26:36] 🔒 [loop] safety: включён → запускаем runSafetyCheck
[2026-09-06 22:26:36] 🛡️ [safety] Главная луна 1:363:6: входящие=0
[2026-09-06 22:26:36] 🛡️ [safety] Атак на главную луну нет, эвакуированных флотов нет
[2026-09-06 22:26:36] 🌾 [loop] farm: выключен → пропускаем runFarmCycle
[2026-09-06 22:26:36] 🚀 [loop] expedition: выключен → пропускаем launchExpeditions
[2026-09-06 22:26:36] 📊 [tick] миссий: 10 (expedition:2 unknown:4 return:4), атаки: 0
[2026-09-06 22:28:18] 🔘 [loop] флаги: farm=OFF (Линкор), expedition=OFF (Линкор×300e9, Броненосец×3e9, Эсминец×2e9, Крейсер×7e9), safety=ON; reserveSlots=10
[2026-09-06 22:28:19] 🔒 [loop] safety: включён → запускаем runSafetyCheck
[2026-09-06 22:28:19] 🛡️ [safety] Главная луна 1:363:6: входящие=0
[2026-09-06 22:28:19] 🛡️ [safety] Атак на главную луну нет, эвакуированных флотов нет
[2026-09-06 22:28:19] 🌾 [loop] farm: выключен → пропускаем runFarmCycle
[2026-09-06 22:28:19] 🚀 [loop] expedition: выключен → пропускаем launchExpeditions
[2026-09-06 22:28:19] 📊 [tick] миссий: 10 (expedition:2 unknown:4 return:4), атаки: 0
[2026-09-06 22:30:05] 🔘 [loop] флаги: farm=OFF (Линкор), expedition=OFF (Линкор×300e9, Броненосец×3e9, Эсминец×2e9, Крейсер×7e9), safety=ON; reserveSlots=10
[2026-09-06 22:30:06] 🔒 [loop] safety: включён → запускаем runSafetyCheck
[2026-09-06 22:30:06] 🛡️ [safety] Главная луна 1:363:6: входящие=0
[2026-09-06 22:30:06] 🛡️ [safety] Атак на главную луну нет, эвакуированных флотов нет
[2026-09-06 22:30:06] 🌾 [loop] farm: выключен → пропускаем runFarmCycle
[2026-09-06 22:30:06] 🚀 [loop] expedition: выключен → пропускаем launchExpeditions
[2026-09-06 22:30:06] 📊 [tick] миссий: 10 (expedition:2 unknown:4 return:4), атаки: 0
[2026-09-06 22:31:40] 🔘 [loop] флаги: farm=OFF (Линкор), expedition=OFF (Линкор×300e9, Броненосец×3e9, Эсминец×2e9, Крейсер×7e9), safety=ON; reserveSlots=10
[2026-09-06 22:31:41] 🔒 [loop] safety: включён → запускаем runSafetyCheck
[2026-09-06 22:31:41] 🛡️ [safety] Главная луна 1:363:6: входящие=0
[2026-09-06 22:31:41] 🛡️ [safety] Атак на главную луну нет, эвакуированных флотов нет
[2026-09-06 22:31:41] 🌾 [loop] farm: выключен → пропускаем runFarmCycle
[2026-09-06 22:31:41] 🚀 [loop] expedition: выключен → пропускаем launchExpeditions
[2026-09-06 22:31:41] 📊 [tick] миссий: 10 (expedition:2 unknown:4 return:4), атаки: 0
[2026-09-06 22:33:10] 🔘 [loop] флаги: farm=OFF (Линкор), expedition=OFF (Линкор×300e9, Броненосец×3e9, Эсминец×2e9, Крейсер×7e9), safety=ON; reserveSlots=10
[2026-09-06 22:33:11] 🔒 [loop] safety: включён → запускаем runSafetyCheck
[2026-09-06 22:33:11] 🛡️ [safety] Главная луна 1:363:6: входящие=0
[2026-09-06 22:33:11] 🛡️ [safety] Атак на главную луну нет, эвакуированных флотов нет
[2026-09-06 22:33:11] 🌾 [loop] farm: выключен → пропускаем runFarmCycle
[2026-09-06 22:33:11] 🚀 [loop] expedition: выключен → пропускаем launchExpeditions
[2026-09-06 22:33:11] 📊 [tick] миссий: 10 (expedition:2 unknown:4 return:4), атаки: 0
[2026-09-06 22:34:41] 🔘 [loop] флаги: farm=OFF (Линкор), expedition=OFF (Линкор×300e9, Броненосец×3e9, Эсминец×2e9, Крейсер×7e9), safety=ON; reserveSlots=10
[2026-09-06 22:34:43] 🔒 [loop] safety: включён → запускаем runSafetyCheck
[2026-09-06 22:34:43] 🛡️ [safety] Главная луна 1:363:6: входящие=0
[2026-09-06 22:34:43] 🛡️ [safety] Атак на главную луну нет, эвакуированных флотов нет
[2026-09-06 22:34:43] 🌾 [loop] farm: выключен → пропускаем runFarmCycle
[2026-09-06 22:34:43] 🚀 [loop] expedition: выключен → пропускаем launchExpeditions
[2026-09-06 22:34:43] 📊 [tick] миссий: 10 (expedition:2 unknown:4 return:4), атаки: 0
[2026-09-06 22:36:22] 🔘 [loop] флаги: farm=OFF (Линкор), expedition=OFF (Линкор×300e9, Броненосец×3e9, Эсминец×2e9, Крейсер×7e9), safety=ON; reserveSlots=10
[2026-09-06 22:36:23] 🔒 [loop] safety: включён → запускаем runSafetyCheck
[2026-09-06 22:36:23] 🛡️ [safety] Главная луна 1:363:6: входящие=0
[2026-09-06 22:36:23] 🛡️ [safety] Атак на главную луну нет, эвакуированных флотов нет
[2026-09-06 22:36:23] 🌾 [loop] farm: выключен → пропускаем runFarmCycle
[2026-09-06 22:36:23] 🚀 [loop] expedition: выключен → пропускаем launchExpeditions
[2026-09-06 22:36:23] 📊 [tick] миссий: 10 (expedition:2 unknown:4 return:4), атаки: 0
[2026-09-06 22:38:08] 🔘 [loop] флаги: farm=OFF (Линкор), expedition=OFF (Линкор×300e9, Броненосец×3e9, Эсминец×2e9, Крейсер×7e9), safety=ON; reserveSlots=10
[2026-09-06 22:38:10] 🔒 [loop] safety: включён → запускаем runSafetyCheck
[2026-09-06 22:38:10] 🛡️ [safety] Главная луна 1:363:6: входящие=0
[2026-09-06 22:38:10] 🛡️ [safety] Атак на главную луну нет, эвакуированных флотов нет
[2026-09-06 22:38:10] 🌾 [loop] farm: выключен → пропускаем runFarmCycle
[2026-09-06 22:38:10] 🚀 [loop] expedition: выключен → пропускаем launchExpeditions
[2026-09-06 22:38:10] 📊 [tick] миссий: 10 (expedition:2 unknown:4 return:4), атаки: 0
[2026-09-06 22:39:37] 🔘 [loop] флаги: farm=OFF (Линкор), expedition=OFF (Линкор×300e9, Броненосец×3e9, Эсминец×2e9, Крейсер×7e9), safety=ON; reserveSlots=10
[2026-09-06 22:39:38] 🔒 [loop] safety: включён → запускаем runSafetyCheck
[2026-09-06 22:39:38] 🛡️ [safety] Главная луна 1:363:6: входящие=0
[2026-09-06 22:39:38] 🛡️ [safety] Атак на главную луну нет, эвакуированных флотов нет
[2026-09-06 22:39:38] 🌾 [loop] farm: выключен → пропускаем runFarmCycle
[2026-09-06 22:39:38] 🚀 [loop] expedition: выключен → пропускаем launchExpeditions
[2026-09-06 22:39:38] 📊 [tick] миссий: 10 (expedition:2 unknown:4 return:4), атаки: 0
[2026-09-06 22:41:22] 🔘 [loop] флаги: farm=OFF (Линкор), expedition=OFF (Линкор×300e9, Броненосец×3e9, Эсминец×2e9, Крейсер×7e9), safety=ON; reserveSlots=10
[2026-09-06 22:41:22] 🔒 [loop] safety: включён → запускаем runSafetyCheck
[2026-09-06 22:41:22] 🛡️ [safety] Главная луна 1:363:6: входящие=0
[2026-09-06 22:41:22] 🛡️ [safety] Атак на главную луну нет, эвакуированных флотов нет
[2026-09-06 22:41:22] 🌾 [loop] farm: выключен → пропускаем runFarmCycle
[2026-09-06 22:41:22] 🚀 [loop] expedition: выключен → пропускаем launchExpeditions
[2026-09-06 22:41:22] 📊 [tick] миссий: 10 (expedition:2 unknown:4 return:4), атаки: 0
[2026-09-06 22:42:51] 🔘 [loop] флаги: farm=OFF (Линкор), expedition=OFF (Линкор×300e9, Броненосец×3e9, Эсминец×2e9, Крейсер×7e9), safety=ON; reserveSlots=10
[2026-09-06 22:42:52] 🔒 [loop] safety: включён → запускаем runSafetyCheck
[2026-09-06 22:42:52] 🛡️ [safety] Главная луна 1:363:6: входящие=0
[2026-09-06 22:42:52] 🛡️ [safety] Атак на главную луну нет, эвакуированных флотов нет
[2026-09-06 22:42:52] 🌾 [loop] farm: выключен → пропускаем runFarmCycle
[2026-09-06 22:42:52] 🚀 [loop] expedition: выключен → пропускаем launchExpeditions
[2026-09-06 22:42:52] 📊 [tick] миссий: 10 (expedition:2 unknown:4 return:4), атаки: 0
[2026-09-06 22:44:32] 🔘 [loop] флаги: farm=OFF (Линкор), expedition=OFF (Линкор×300e9, Броненосец×3e9, Эсминец×2e9, Крейсер×7e9), safety=ON; reserveSlots=10
[2026-09-06 22:44:34] 🔒 [loop] safety: включён → запускаем runSafetyCheck
[2026-09-06 22:44:34] 🛡️ [safety] Главная луна 1:363:6: входящие=0
[2026-09-06 22:44:34] 🛡️ [safety] Атак на главную луну нет, эвакуированных флотов нет
[2026-09-06 22:44:34] 🌾 [loop] farm: выключен → пропускаем runFarmCycle
[2026-09-06 22:44:34] 🚀 [loop] expedition: выключен → пропускаем launchExpeditions
[2026-09-06 22:44:34] 📊 [tick] миссий: 10 (expedition:2 unknown:4 return:4), атаки: 0
[2026-09-06 22:46:14] 🔘 [loop] флаги: farm=OFF (Линкор), expedition=OFF (Линкор×300e9, Броненосец×3e9, Эсминец×2e9, Крейсер×7e9), safety=ON; reserveSlots=10
[2026-09-06 22:46:16] 🔒 [loop] safety: включён → запускаем runSafetyCheck
[2026-09-06 22:46:16] 🛡️ [safety] Главная луна 1:363:6: входящие=0
[2026-09-06 22:46:16] 🛡️ [safety] Атак на главную луну нет, эвакуированных флотов нет
[2026-09-06 22:46:16] 🌾 [loop] farm: выключен → пропускаем runFarmCycle
[2026-09-06 22:46:16] 🚀 [loop] expedition: выключен → пропускаем launchExpeditions
[2026-09-06 22:46:16] 📊 [tick] миссий: 10 (expedition:2 unknown:4 return:4), атаки: 0
[2026-09-06 22:47:54] 🔘 [loop] флаги: farm=OFF (Линкор), expedition=OFF (Линкор×300e9, Броненосец×3e9, Эсминец×2e9, Крейсер×7e9), safety=ON; reserveSlots=10
[2026-09-06 22:47:55] 🔒 [loop] safety: включён → запускаем runSafetyCheck
[2026-09-06 22:47:55] 🛡️ [safety] Главная луна 1:363:6: входящие=0
[2026-09-06 22:47:55] 🛡️ [safety] Атак на главную луну нет, эвакуированных флотов нет
[2026-09-06 22:47:55] 🌾 [loop] farm: выключен → пропускаем runFarmCycle
[2026-09-06 22:47:55] 🚀 [loop] expedition: выключен → пропускаем launchExpeditions
[2026-09-06 22:47:55] 📊 [tick] миссий: 10 (expedition:2 unknown:4 return:4), атаки: 0
[2026-09-06 22:49:38] 🔘 [loop] флаги: farm=OFF (Линкор), expedition=OFF (Линкор×300e9, Броненосец×3e9, Эсминец×2e9, Крейсер×7e9), safety=ON; reserveSlots=10
[2026-09-06 22:49:39] 🔒 [loop] safety: включён → запускаем runSafetyCheck
[2026-09-06 22:49:39] 🛡️ [safety] Главная луна 1:363:6: входящие=0
[2026-09-06 22:49:39] 🛡️ [safety] Атак на главную луну нет, эвакуированных флотов нет
[2026-09-06 22:49:39] 🌾 [loop] farm: выключен → пропускаем runFarmCycle
[2026-09-06 22:49:39] 🚀 [loop] expedition: выключен → пропускаем launchExpeditions
[2026-09-06 22:49:39] 📊 [tick] миссий: 10 (expedition:2 unknown:4 return:4), атаки: 0
[2026-09-06 22:51:13] 🔘 [loop] флаги: farm=OFF (Линкор), expedition=OFF (Линкор×300e9, Броненосец×3e9, Эсминец×2e9, Крейсер×7e9), safety=ON; reserveSlots=10
[2026-09-06 22:51:15] 🔒 [loop] safety: включён → запускаем runSafetyCheck
[2026-09-06 22:51:15] 🛡️ [safety] Главная луна 1:363:6: входящие=0
[2026-09-06 22:51:15] 🛡️ [safety] Атак на главную луну нет, эвакуированных флотов нет
[2026-09-06 22:51:15] 🌾 [loop] farm: выключен → пропускаем runFarmCycle
[2026-09-06 22:51:15] 🚀 [loop] expedition: выключен → пропускаем launchExpeditions
[2026-09-06 22:51:15] 📊 [tick] миссий: 10 (expedition:2 unknown:4 return:4), атаки: 0
[2026-09-06 22:52:43] 🔘 [loop] флаги: farm=OFF (Линкор), expedition=OFF (Линкор×300e9, Броненосец×3e9, Эсминец×2e9, Крейсер×7e9), safety=ON; reserveSlots=10
[2026-09-06 22:52:44] 🔒 [loop] safety: включён → запускаем runSafetyCheck
[2026-09-06 22:52:44] 🛡️ [safety] Главная луна 1:363:6: входящие=0
[2026-09-06 22:52:44] 🛡️ [safety] Атак на главную луну нет, эвакуированных флотов нет
[2026-09-06 22:52:44] 🌾 [loop] farm: выключен → пропускаем runFarmCycle
[2026-09-06 22:52:44] 🚀 [loop] expedition: выключен → пропускаем launchExpeditions
[2026-09-06 22:52:44] 📊 [tick] миссий: 10 (expedition:2 unknown:4 return:4), атаки: 0
[2026-09-06 22:54:29] 🔘 [loop] флаги: farm=OFF (Линкор), expedition=OFF (Линкор×300e9, Броненосец×3e9, Эсминец×2e9, Крейсер×7e9), safety=ON; reserveSlots=10
[2026-09-06 22:54:30] 🔒 [loop] safety: включён → запускаем runSafetyCheck
[2026-09-06 22:54:30] 🛡️ [safety] Главная луна 1:363:6: входящие=0
[2026-09-06 22:54:30] 🛡️ [safety] Атак на главную луну нет, эвакуированных флотов нет
[2026-09-06 22:54:30] 🌾 [loop] farm: выключен → пропускаем runFarmCycle
[2026-09-06 22:54:30] 🚀 [loop] expedition: выключен → пропускаем launchExpeditions
[2026-09-06 22:54:30] 📊 [tick] миссий: 10 (expedition:2 unknown:4 return:4), атаки: 0
[2026-09-06 22:56:16] 🔘 [loop] флаги: farm=OFF (Линкор), expedition=OFF (Линкор×300e9, Броненосец×3e9, Эсминец×2e9, Крейсер×7e9), safety=ON; reserveSlots=10
[2026-09-06 22:56:17] 🔒 [loop] safety: включён → запускаем runSafetyCheck
[2026-09-06 22:56:17] 🛡️ [safety] Главная луна 1:363:6: входящие=0
[2026-09-06 22:56:17] 🛡️ [safety] Атак на главную луну нет, эвакуированных флотов нет
[2026-09-06 22:56:17] 🌾 [loop] farm: выключен → пропускаем runFarmCycle
[2026-09-06 22:56:17] 🚀 [loop] expedition: выключен → пропускаем launchExpeditions
[2026-09-06 22:56:17] 📊 [tick] миссий: 10 (expedition:2 unknown:4 return:4), атаки: 0
[2026-09-06 22:57:47] 🔘 [loop] флаги: farm=OFF (Линкор), expedition=OFF (Линкор×300e9, Броненосец×3e9, Эсминец×2e9, Крейсер×7e9), safety=ON; reserveSlots=10
[2026-09-06 22:57:47] 🔒 [loop] safety: включён → запускаем runSafetyCheck
[2026-09-06 22:57:47] 🛡️ [safety] Главная луна 1:363:6: входящие=0
[2026-09-06 22:57:47] 🛡️ [safety] Атак на главную луну нет, эвакуированных флотов нет
[2026-09-06 22:57:47] 🌾 [loop] farm: выключен → пропускаем runFarmCycle
[2026-09-06 22:57:47] 🚀 [loop] expedition: выключен → пропускаем launchExpeditions
[2026-09-06 22:57:47] 📊 [tick] миссий: 10 (expedition:2 unknown:4 return:4), атаки: 0
[2026-09-06 22:59:26] 🔘 [loop] флаги: farm=OFF (Линкор), expedition=OFF (Линкор×300e9, Броненосец×3e9, Эсминец×2e9, Крейсер×7e9), safety=ON; reserveSlots=10
[2026-09-06 22:59:28] 🔒 [loop] safety: включён → запускаем runSafetyCheck
[2026-09-06 22:59:28] 🛡️ [safety] Главная луна 1:363:6: входящие=0
[2026-09-06 22:59:28] 🛡️ [safety] Атак на главную луну нет, эвакуированных флотов нет
[2026-09-06 22:59:28] 🌾 [loop] farm: выключен → пропускаем runFarmCycle
[2026-09-06 22:59:28] 🚀 [loop] expedition: выключен → пропускаем launchExpeditions
[2026-09-06 22:59:28] 📊 [tick] миссий: 10 (expedition:2 unknown:4 return:4), атаки: 0
[2026-09-06 23:01:12] 🔘 [loop] флаги: farm=OFF (Линкор), expedition=OFF (Линкор×300e9, Броненосец×3e9, Эсминец×2e9, Крейсер×7e9), safety=ON; reserveSlots=10
[2026-09-06 23:01:13] 🔒 [loop] safety: включён → запускаем runSafetyCheck
[2026-09-06 23:01:13] 🛡️ [safety] Главная луна 1:363:6: входящие=0
[2026-09-06 23:01:13] 🛡️ [safety] Атак на главную луну нет, эвакуированных флотов нет
[2026-09-06 23:01:13] 🌾 [loop] farm: выключен → пропускаем runFarmCycle
[2026-09-06 23:01:13] 🚀 [loop] expedition: выключен → пропускаем launchExpeditions
[2026-09-06 23:01:13] 📊 [tick] миссий: 10 (expedition:2 unknown:4 return:4), атаки: 0
[2026-09-06 23:02:52] 🔘 [loop] флаги: farm=OFF (Линкор), expedition=OFF (Линкор×300e9, Броненосец×3e9, Эсминец×2e9, Крейсер×7e9), safety=ON; reserveSlots=10
[2026-09-06 23:02:59] 🔒 [loop] safety: включён → запускаем runSafetyCheck
[2026-09-06 23:02:59] 🛡️ [safety] Главная луна 1:363:6: входящие=0
[2026-09-06 23:02:59] 🛡️ [safety] Атак на главную луну нет, эвакуированных флотов нет
[2026-09-06 23:02:59] 🌾 [loop] farm: выключен → пропускаем runFarmCycle
[2026-09-06 23:02:59] 🚀 [loop] expedition: выключен → пропускаем launchExpeditions
[2026-09-06 23:02:59] 📊 [tick] миссий: 10 (expedition:2 unknown:4 return:4), атаки: 0
[2026-09-06 23:04:29] 🔘 [loop] флаги: farm=OFF (Линкор), expedition=OFF (Линкор×300e9, Броненосец×3e9, Эсминец×2e9, Крейсер×7e9), safety=ON; reserveSlots=10
[2026-09-06 23:04:30] 🔒 [loop] safety: включён → запускаем runSafetyCheck
[2026-09-06 23:04:30] 🛡️ [safety] Главная луна 1:363:6: входящие=0
[2026-09-06 23:04:30] 🛡️ [safety] Атак на главную луну нет, эвакуированных флотов нет
[2026-09-06 23:04:30] 🌾 [loop] farm: выключен → пропускаем runFarmCycle
[2026-09-06 23:04:30] 🚀 [loop] expedition: выключен → пропускаем launchExpeditions
[2026-09-06 23:04:30] 📊 [tick] миссий: 10 (expedition:2 unknown:4 return:4), атаки: 0
[2026-09-06 23:06:15] 🔘 [loop] флаги: farm=OFF (Линкор), expedition=OFF (Линкор×300e9, Броненосец×3e9, Эсминец×2e9, Крейсер×7e9), safety=ON; reserveSlots=10
[2026-09-06 23:06:16] 🔒 [loop] safety: включён → запускаем runSafetyCheck
[2026-09-06 23:06:16] 🛡️ [safety] Главная луна 1:363:6: входящие=0
[2026-09-06 23:06:16] 🛡️ [safety] Атак на главную луну нет, эвакуированных флотов нет
[2026-09-06 23:06:16] 🌾 [loop] farm: выключен → пропускаем runFarmCycle
[2026-09-06 23:06:16] 🚀 [loop] expedition: выключен → пропускаем launchExpeditions
[2026-09-06 23:06:16] 📊 [tick] миссий: 10 (expedition:2 unknown:4 return:4), атаки: 0
[2026-09-06 23:07:43] 🔘 [loop] флаги: farm=OFF (Линкор), expedition=OFF (Линкор×300e9, Броненосец×3e9, Эсминец×2e9, Крейсер×7e9), safety=ON; reserveSlots=10
[2026-09-06 23:07:44] 🔒 [loop] safety: включён → запускаем runSafetyCheck
[2026-09-06 23:07:44] 🛡️ [safety] Главная луна 1:363:6: входящие=0
[2026-09-06 23:07:44] 🛡️ [safety] Атак на главную луну нет, эвакуированных флотов нет
[2026-09-06 23:07:44] 🌾 [loop] farm: выключен → пропускаем runFarmCycle
[2026-09-06 23:07:44] 🚀 [loop] expedition: выключен → пропускаем launchExpeditions
[2026-09-06 23:07:44] 📊 [tick] миссий: 10 (expedition:2 unknown:4 return:4), атаки: 0
[2026-09-06 23:09:16] 🔘 [loop] флаги: farm=OFF (Линкор), expedition=OFF (Линкор×300e9, Броненосец×3e9, Эсминец×2e9, Крейсер×7e9), safety=ON; reserveSlots=10
[2026-09-06 23:09:17] 🔒 [loop] safety: включён → запускаем runSafetyCheck
[2026-09-06 23:09:17] 🛡️ [safety] Главная луна 1:363:6: входящие=0
[2026-09-06 23:09:17] 🛡️ [safety] Атак на главную луну нет, эвакуированных флотов нет
[2026-09-06 23:09:17] 🌾 [loop] farm: выключен → пропускаем runFarmCycle
[2026-09-06 23:09:17] 🚀 [loop] expedition: выключен → пропускаем launchExpeditions
[2026-09-06 23:09:17] 📊 [tick] миссий: 10 (expedition:2 unknown:4 return:4), атаки: 0
[2026-09-06 23:11:00] 🔘 [loop] флаги: farm=OFF (Линкор), expedition=OFF (Линкор×300e9, Броненосец×3e9, Эсминец×2e9, Крейсер×7e9), safety=ON; reserveSlots=10
[2026-09-06 23:11:02] 🔒 [loop] safety: включён → запускаем runSafetyCheck
[2026-09-06 23:11:02] 🛡️ [safety] Главная луна 1:363:6: входящие=0
[2026-09-06 23:11:02] 🛡️ [safety] Атак на главную луну нет, эвакуированных флотов нет
[2026-09-06 23:11:02] 🌾 [loop] farm: выключен → пропускаем runFarmCycle
[2026-09-06 23:11:02] 🚀 [loop] expedition: выключен → пропускаем launchExpeditions
[2026-09-06 23:11:02] 📊 [tick] миссий: 10 (expedition:2 unknown:4 return:4), атаки: 0
[2026-09-06 23:12:40] 🔘 [loop] флаги: farm=OFF (Линкор), expedition=OFF (Линкор×300e9, Броненосец×3e9, Эсминец×2e9, Крейсер×7e9), safety=ON; reserveSlots=10
[2026-09-06 23:12:41] 🔒 [loop] safety: включён → запускаем runSafetyCheck
[2026-09-06 23:12:41] 🛡️ [safety] Главная луна 1:363:6: входящие=0
[2026-09-06 23:12:41] 🛡️ [safety] Атак на главную луну нет, эвакуированных флотов нет
[2026-09-06 23:12:41] 🌾 [loop] farm: выключен → пропускаем runFarmCycle
[2026-09-06 23:12:41] 🚀 [loop] expedition: выключен → пропускаем launchExpeditions
[2026-09-06 23:12:41] 📊 [tick] миссий: 10 (expedition:2 unknown:4 return:4), атаки: 0
[2026-09-06 23:14:08] 🔘 [loop] флаги: farm=OFF (Линкор), expedition=OFF (Линкор×300e9, Броненосец×3e9, Эсминец×2e9, Крейсер×7e9), safety=ON; reserveSlots=10
[2026-09-06 23:14:09] 🔒 [loop] safety: включён → запускаем runSafetyCheck
[2026-09-06 23:14:09] 🛡️ [safety] Главная луна 1:363:6: входящие=0
[2026-09-06 23:14:09] 🛡️ [safety] Атак на главную луну нет, эвакуированных флотов нет
[2026-09-06 23:14:09] 🌾 [loop] farm: выключен → пропускаем runFarmCycle
[2026-09-06 23:14:09] 🚀 [loop] expedition: выключен → пропускаем launchExpeditions
[2026-09-06 23:14:09] 📊 [tick] миссий: 10 (expedition:2 unknown:4 return:4), атаки: 0
[2026-09-06 23:15:37] 🔘 [loop] флаги: farm=OFF (Линкор), expedition=OFF (Линкор×300e9, Броненосец×3e9, Эсминец×2e9, Крейсер×7e9), safety=ON; reserveSlots=10
[2026-09-06 23:15:39] 🔒 [loop] safety: включён → запускаем runSafetyCheck
[2026-09-06 23:15:39] 🛡️ [safety] Главная луна 1:363:6: входящие=0
[2026-09-06 23:15:39] 🛡️ [safety] Атак на главную луну нет, эвакуированных флотов нет
[2026-09-06 23:15:39] 🌾 [loop] farm: выключен → пропускаем runFarmCycle
[2026-09-06 23:15:39] 🚀 [loop] expedition: выключен → пропускаем launchExpeditions
[2026-09-06 23:15:39] 📊 [tick] миссий: 10 (expedition:2 unknown:4 return:4), атаки: 0
[2026-09-06 23:17:23] 🔘 [loop] флаги: farm=OFF (Линкор), expedition=OFF (Линкор×300e9, Броненосец×3e9, Эсминец×2e9, Крейсер×7e9), safety=ON; reserveSlots=10
[2026-09-06 23:17:24] 🔒 [loop] safety: включён → запускаем runSafetyCheck
[2026-09-06 23:17:24] 🛡️ [safety] Главная луна 1:363:6: входящие=0
[2026-09-06 23:17:24] 🛡️ [safety] Атак на главную луну нет, эвакуированных флотов нет
[2026-09-06 23:17:24] 🌾 [loop] farm: выключен → пропускаем runFarmCycle
[2026-09-06 23:17:24] 🚀 [loop] expedition: выключен → пропускаем launchExpeditions
[2026-09-06 23:17:24] 📊 [tick] миссий: 10 (expedition:2 unknown:4 return:4), атаки: 0
[2026-09-06 23:19:00] 🔘 [loop] флаги: farm=OFF (Линкор), expedition=OFF (Линкор×300e9, Броненосец×3e9, Эсминец×2e9, Крейсер×7e9), safety=ON; reserveSlots=10
[2026-09-06 23:19:01] 🔒 [loop] safety: включён → запускаем runSafetyCheck
[2026-09-06 23:19:01] 🛡️ [safety] Главная луна 1:363:6: входящие=0
[2026-09-06 23:19:01] 🛡️ [safety] Атак на главную луну нет, эвакуированных флотов нет
[2026-09-06 23:19:01] 🌾 [loop] farm: выключен → пропускаем runFarmCycle
[2026-09-06 23:19:01] 🚀 [loop] expedition: выключен → пропускаем launchExpeditions
[2026-09-06 23:19:01] 📊 [tick] миссий: 10 (expedition:2 unknown:4 return:4), атаки: 0
[2026-09-06 23:20:33] 🔘 [loop] флаги: farm=OFF (Линкор), expedition=OFF (Линкор×300e9, Броненосец×3e9, Эсминец×2e9, Крейсер×7e9), safety=ON; reserveSlots=10
[2026-09-06 23:20:34] 🔒 [loop] safety: включён → запускаем runSafetyCheck
[2026-09-06 23:20:34] 🛡️ [safety] Главная луна 1:363:6: входящие=0
[2026-09-06 23:20:34] 🛡️ [safety] Атак на главную луну нет, эвакуированных флотов нет
[2026-09-06 23:20:34] 🌾 [loop] farm: выключен → пропускаем runFarmCycle
[2026-09-06 23:20:34] 🚀 [loop] expedition: выключен → пропускаем launchExpeditions
[2026-09-06 23:20:34] 📊 [tick] миссий: 10 (expedition:2 unknown:4 return:4), атаки: 0
[2026-09-06 23:22:16] 🔘 [loop] флаги: farm=OFF (Линкор), expedition=OFF (Линкор×300e9, Броненосец×3e9, Эсминец×2e9, Крейсер×7e9), safety=ON; reserveSlots=10
[2026-09-06 23:22:17] 🔒 [loop] safety: включён → запускаем runSafetyCheck
[2026-09-06 23:22:17] 🛡️ [safety] Главная луна 1:363:6: входящие=0
[2026-09-06 23:22:17] 🛡️ [safety] Атак на главную луну нет, эвакуированных флотов нет
[2026-09-06 23:22:17] 🌾 [loop] farm: выключен → пропускаем runFarmCycle
[2026-09-06 23:22:17] 🚀 [loop] expedition: выключен → пропускаем launchExpeditions
[2026-09-06 23:22:17] 📊 [tick] миссий: 10 (expedition:2 unknown:4 return:4), атаки: 0
[2026-09-06 23:23:53] 🔘 [loop] флаги: farm=OFF (Линкор), expedition=OFF (Линкор×300e9, Броненосец×3e9, Эсминец×2e9, Крейсер×7e9), safety=ON; reserveSlots=10
[2026-09-06 23:23:54] 🔒 [loop] safety: включён → запускаем runSafetyCheck
[2026-09-06 23:23:54] 🛡️ [safety] Главная луна 1:363:6: входящие=0
[2026-09-06 23:23:54] 🛡️ [safety] Атак на главную луну нет, эвакуированных флотов нет
[2026-09-06 23:23:54] 🌾 [loop] farm: выключен → пропускаем runFarmCycle
[2026-09-06 23:23:54] 🚀 [loop] expedition: выключен → пропускаем launchExpeditions
[2026-09-06 23:23:54] 📊 [tick] миссий: 10 (expedition:2 unknown:4 return:4), атаки: 0
[2026-09-06 23:25:32] 🔘 [loop] флаги: farm=OFF (Линкор), expedition=OFF (Линкор×300e9, Броненосец×3e9, Эсминец×2e9, Крейсер×7e9), safety=ON; reserveSlots=10
[2026-09-06 23:25:33] 🔒 [loop] safety: включён → запускаем runSafetyCheck
[2026-09-06 23:25:33] 🛡️ [safety] Главная луна 1:363:6: входящие=0
[2026-09-06 23:25:33] 🛡️ [safety] Атак на главную луну нет, эвакуированных флотов нет
[2026-09-06 23:25:33] 🌾 [loop] farm: выключен → пропускаем runFarmCycle
[2026-09-06 23:25:33] 🚀 [loop] expedition: выключен → пропускаем launchExpeditions
[2026-09-06 23:25:33] 📊 [tick] миссий: 10 (expedition:2 unknown:4 return:4), атаки: 0
[2026-09-06 23:27:11] 🔘 [loop] флаги: farm=OFF (Линкор), expedition=OFF (Линкор×300e9, Броненосец×3e9, Эсминец×2e9, Крейсер×7e9), safety=ON; reserveSlots=10
[2026-09-06 23:27:13] 🔒 [loop] safety: включён → запускаем runSafetyCheck
[2026-09-06 23:27:13] 🛡️ [safety] Главная луна 1:363:6: входящие=0
[2026-09-06 23:27:13] 🛡️ [safety] Атак на главную луну нет, эвакуированных флотов нет
[2026-09-06 23:27:13] 🌾 [loop] farm: выключен → пропускаем runFarmCycle
[2026-09-06 23:27:13] 🚀 [loop] expedition: выключен → пропускаем launchExpeditions
[2026-09-06 23:27:13] 📊 [tick] миссий: 10 (expedition:2 unknown:4 return:4), атаки: 0
[2026-09-06 23:28:52] 🔘 [loop] флаги: farm=OFF (Линкор), expedition=OFF (Линкор×300e9, Броненосец×3e9, Эсминец×2e9, Крейсер×7e9), safety=ON; reserveSlots=10
[2026-09-06 23:28:53] 🔒 [loop] safety: включён → запускаем runSafetyCheck
[2026-09-06 23:28:53] 🛡️ [safety] Главная луна 1:363:6: входящие=0
[2026-09-06 23:28:53] 🛡️ [safety] Атак на главную луну нет, эвакуированных флотов нет
[2026-09-06 23:28:53] 🌾 [loop] farm: выключен → пропускаем runFarmCycle
[2026-09-06 23:28:53] 🚀 [loop] expedition: выключен → пропускаем launchExpeditions
[2026-09-06 23:28:53] 📊 [tick] миссий: 10 (expedition:2 unknown:4 return:4), атаки: 0
[2026-09-06 23:30:27] 🔘 [loop] флаги: farm=OFF (Линкор), expedition=OFF (Линкор×300e9, Броненосец×3e9, Эсминец×2e9, Крейсер×7e9), safety=ON; reserveSlots=10
[2026-09-06 23:30:28] 🔒 [loop] safety: включён → запускаем runSafetyCheck
[2026-09-06 23:30:28] 🛡️ [safety] Главная луна 1:363:6: входящие=0
[2026-09-06 23:30:28] 🛡️ [safety] Атак на главную луну нет, эвакуированных флотов нет
[2026-09-06 23:30:28] 🌾 [loop] farm: выключен → пропускаем runFarmCycle
[2026-09-06 23:30:28] 🚀 [loop] expedition: выключен → пропускаем launchExpeditions
[2026-09-06 23:30:28] 📊 [tick] миссий: 10 (expedition:2 unknown:4 return:4), атаки: 0
[2026-09-06 23:32:04] 🔘 [loop] флаги: farm=OFF (Линкор), expedition=OFF (Линкор×300e9, Броненосец×3e9, Эсминец×2e9, Крейсер×7e9), safety=ON; reserveSlots=10
[2026-09-06 23:32:05] 🔒 [loop] safety: включён → запускаем runSafetyCheck
[2026-09-06 23:32:05] 🛡️ [safety] Главная луна 1:363:6: входящие=0
[2026-09-06 23:32:05] 🛡️ [safety] Атак на главную луну нет, эвакуированных флотов нет
[2026-09-06 23:32:05] 🌾 [loop] farm: выключен → пропускаем runFarmCycle
[2026-09-06 23:32:05] 🚀 [loop] expedition: выключен → пропускаем launchExpeditions
[2026-09-06 23:32:05] 📊 [tick] миссий: 10 (expedition:2 unknown:4 return:4), атаки: 0
[2026-09-06 23:33:36] 🔘 [loop] флаги: farm=OFF (Линкор), expedition=OFF (Линкор×300e9, Броненосец×3e9, Эсминец×2e9, Крейсер×7e9), safety=ON; reserveSlots=10
[2026-09-06 23:33:37] 🔒 [loop] safety: включён → запускаем runSafetyCheck
[2026-09-06 23:33:37] 🛡️ [safety] Главная луна 1:363:6: входящие=0
[2026-09-06 23:33:37] 🛡️ [safety] Атак на главную луну нет, эвакуированных флотов нет
[2026-09-06 23:33:37] 🌾 [loop] farm: выключен → пропускаем runFarmCycle
[2026-09-06 23:33:37] 🚀 [loop] expedition: выключен → пропускаем launchExpeditions
[2026-09-06 23:33:37] 📊 [tick] миссий: 10 (expedition:2 unknown:4 return:4), атаки: 0
[2026-09-06 23:35:13] 🔘 [loop] флаги: farm=OFF (Линкор), expedition=OFF (Линкор×300e9, Броненосец×3e9, Эсминец×2e9, Крейсер×7e9), safety=ON; reserveSlots=10
[2026-09-06 23:35:15] 🔒 [loop] safety: включён → запускаем runSafetyCheck
[2026-09-06 23:35:15] 🛡️ [safety] Главная луна 1:363:6: входящие=0
[2026-09-06 23:35:15] 🛡️ [safety] Атак на главную луну нет, эвакуированных флотов нет
[2026-09-06 23:35:15] 🌾 [loop] farm: выключен → пропускаем runFarmCycle
[2026-09-06 23:35:15] 🚀 [loop] expedition: выключен → пропускаем launchExpeditions
[2026-09-06 23:35:15] 📊 [tick] миссий: 10 (expedition:2 unknown:4 return:4), атаки: 0
[2026-09-06 23:36:50] 🔘 [loop] флаги: farm=OFF (Линкор), expedition=OFF (Линкор×300e9, Броненосец×3e9, Эсминец×2e9, Крейсер×7e9), safety=ON; reserveSlots=10
[2026-09-06 23:36:51] 🔒 [loop] safety: включён → запускаем runSafetyCheck
[2026-09-06 23:36:51] 🛡️ [safety] Главная луна 1:363:6: входящие=0
[2026-09-06 23:36:51] 🛡️ [safety] Атак на главную луну нет, эвакуированных флотов нет
[2026-09-06 23:36:51] 🌾 [loop] farm: выключен → пропускаем runFarmCycle
[2026-09-06 23:36:51] 🚀 [loop] expedition: выключен → пропускаем launchExpeditions
[2026-09-06 23:36:51] 📊 [tick] миссий: 10 (expedition:2 unknown:4 return:4), атаки: 0
[2026-09-06 23:38:31] 🔘 [loop] флаги: farm=OFF (Линкор), expedition=OFF (Линкор×300e9, Броненосец×3e9, Эсминец×2e9, Крейсер×7e9), safety=ON; reserveSlots=10
[2026-09-06 23:38:32] 🔒 [loop] safety: включён → запускаем runSafetyCheck
[2026-09-06 23:38:32] 🛡️ [safety] Главная луна 1:363:6: входящие=0
[2026-09-06 23:38:32] 🛡️ [safety] Атак на главную луну нет, эвакуированных флотов нет
[2026-09-06 23:38:32] 🌾 [loop] farm: выключен → пропускаем runFarmCycle
[2026-09-06 23:38:32] 🚀 [loop] expedition: выключен → пропускаем launchExpeditions
[2026-09-06 23:38:32] 📊 [tick] миссий: 10 (expedition:2 unknown:4 return:4), атаки: 0
[2026-09-06 23:40:03] 🔘 [loop] флаги: farm=OFF (Линкор), expedition=OFF (Линкор×300e9, Броненосец×3e9, Эсминец×2e9, Крейсер×7e9), safety=ON; reserveSlots=10
[2026-09-06 23:40:04] 🔒 [loop] safety: включён → запускаем runSafetyCheck
[2026-09-06 23:40:04] 🛡️ [safety] Главная луна 1:363:6: входящие=0
[2026-09-06 23:40:04] 🛡️ [safety] Атак на главную луну нет, эвакуированных флотов нет
[2026-09-06 23:40:04] 🌾 [loop] farm: выключен → пропускаем runFarmCycle
[2026-09-06 23:40:04] 🚀 [loop] expedition: выключен → пропускаем launchExpeditions
[2026-09-06 23:40:04] 📊 [tick] миссий: 10 (expedition:2 unknown:4 return:4), атаки: 0
[2026-09-06 23:41:38] 🔘 [loop] флаги: farm=OFF (Линкор), expedition=OFF (Линкор×300e9, Броненосец×3e9, Эсминец×2e9, Крейсер×7e9), safety=ON; reserveSlots=10
[2026-09-06 23:41:39] 🔒 [loop] safety: включён → запускаем runSafetyCheck
[2026-09-06 23:41:39] 🛡️ [safety] Главная луна 1:363:6: входящие=0
[2026-09-06 23:41:39] 🛡️ [safety] Атак на главную луну нет, эвакуированных флотов нет
[2026-09-06 23:41:39] 🌾 [loop] farm: выключен → пропускаем runFarmCycle
[2026-09-06 23:41:39] 🚀 [loop] expedition: выключен → пропускаем launchExpeditions
[2026-09-06 23:41:39] 📊 [tick] миссий: 10 (expedition:2 unknown:4 return:4), атаки: 0
[2026-09-06 23:43:20] 🔘 [loop] флаги: farm=OFF (Линкор), expedition=OFF (Линкор×300e9, Броненосец×3e9, Эсминец×2e9, Крейсер×7e9), safety=ON; reserveSlots=10
[2026-09-06 23:43:21] 🔒 [loop] safety: включён → запускаем runSafetyCheck
[2026-09-06 23:43:21] 🛡️ [safety] Главная луна 1:363:6: входящие=0
[2026-09-06 23:43:21] 🛡️ [safety] Атак на главную луну нет, эвакуированных флотов нет
[2026-09-06 23:43:21] 🌾 [loop] farm: выключен → пропускаем runFarmCycle
[2026-09-06 23:43:21] 🚀 [loop] expedition: выключен → пропускаем launchExpeditions
[2026-09-06 23:43:21] 📊 [tick] миссий: 10 (expedition:2 unknown:4 return:4), атаки: 0
[2026-09-06 23:44:50] 🔘 [loop] флаги: farm=OFF (Линкор), expedition=OFF (Линкор×300e9, Броненосец×3e9, Эсминец×2e9, Крейсер×7e9), safety=ON; reserveSlots=10
[2026-09-06 23:44:51] 🔒 [loop] safety: включён → запускаем runSafetyCheck
[2026-09-06 23:44:51] 🛡️ [safety] Главная луна 1:363:6: входящие=0
[2026-09-06 23:44:51] 🛡️ [safety] Атак на главную луну нет, эвакуированных флотов нет
[2026-09-06 23:44:51] 🌾 [loop] farm: выключен → пропускаем runFarmCycle
[2026-09-06 23:44:51] 🚀 [loop] expedition: выключен → пропускаем launchExpeditions
[2026-09-06 23:44:51] 📊 [tick] миссий: 10 (expedition:2 unknown:4 return:4), атаки: 0
[2026-09-06 23:46:31] 🔘 [loop] флаги: farm=OFF (Линкор), expedition=OFF (Линкор×300e9, Броненосец×3e9, Эсминец×2e9, Крейсер×7e9), safety=ON; reserveSlots=10
[2026-09-06 23:46:33] 🔒 [loop] safety: включён → запускаем runSafetyCheck
[2026-09-06 23:46:33] 🛡️ [safety] Главная луна 1:363:6: входящие=0
[2026-09-06 23:46:33] 🛡️ [safety] Атак на главную луну нет, эвакуированных флотов нет
[2026-09-06 23:46:33] 🌾 [loop] farm: выключен → пропускаем runFarmCycle
[2026-09-06 23:46:33] 🚀 [loop] expedition: выключен → пропускаем launchExpeditions
[2026-09-06 23:46:33] 📊 [tick] миссий: 10 (expedition:2 unknown:4 return:4), атаки: 0
[2026-09-06 23:47:59] 🔘 [loop] флаги: farm=OFF (Линкор), expedition=OFF (Линкор×300e9, Броненосец×3e9, Эсминец×2e9, Крейсер×7e9), safety=ON; reserveSlots=10
[2026-09-06 23:48:00] 🔒 [loop] safety: включён → запускаем runSafetyCheck
[2026-09-06 23:48:00] 🛡️ [safety] Главная луна 1:363:6: входящие=0
[2026-09-06 23:48:00] 🛡️ [safety] Атак на главную луну нет, эвакуированных флотов нет
[2026-09-06 23:48:00] 🌾 [loop] farm: выключен → пропускаем runFarmCycle
[2026-09-06 23:48:00] 🚀 [loop] expedition: выключен → пропускаем launchExpeditions
[2026-09-06 23:48:00] 📊 [tick] миссий: 10 (expedition:2 unknown:4 return:4), атаки: 0
[2026-09-06 23:49:32] 🔘 [loop] флаги: farm=OFF (Линкор), expedition=OFF (Линкор×300e9, Броненосец×3e9, Эсминец×2e9, Крейсер×7e9), safety=ON; reserveSlots=10
[2026-09-06 23:49:33] 🔒 [loop] safety: включён → запускаем runSafetyCheck
[2026-09-06 23:49:33] 🛡️ [safety] Главная луна 1:363:6: входящие=0
[2026-09-06 23:49:33] 🛡️ [safety] Атак на главную луну нет, эвакуированных флотов нет
[2026-09-06 23:49:33] 🌾 [loop] farm: выключен → пропускаем runFarmCycle
[2026-09-06 23:49:33] 🚀 [loop] expedition: выключен → пропускаем launchExpeditions
[2026-09-06 23:49:33] 📊 [tick] миссий: 10 (expedition:2 unknown:4 return:4), атаки: 0
[2026-09-06 23:51:14] 🔘 [loop] флаги: farm=OFF (Линкор), expedition=OFF (Линкор×300e9, Броненосец×3e9, Эсминец×2e9, Крейсер×7e9), safety=ON; reserveSlots=10
[2026-09-06 23:51:15] 🔒 [loop] safety: включён → запускаем runSafetyCheck
[2026-09-06 23:51:15] 🛡️ [safety] Главная луна 1:363:6: входящие=0
[2026-09-06 23:51:15] 🛡️ [safety] Атак на главную луну нет, эвакуированных флотов нет
[2026-09-06 23:51:15] 🌾 [loop] farm: выключен → пропускаем runFarmCycle
[2026-09-06 23:51:15] 🚀 [loop] expedition: выключен → пропускаем launchExpeditions
[2026-09-06 23:51:15] 📊 [tick] миссий: 10 (expedition:2 unknown:4 return:4), атаки: 0
[2026-09-06 23:52:54] 🔘 [loop] флаги: farm=OFF (Линкор), expedition=OFF (Линкор×300e9, Броненосец×3e9, Эсминец×2e9, Крейсер×7e9), safety=ON; reserveSlots=10
[2026-09-06 23:52:56] 🔒 [loop] safety: включён → запускаем runSafetyCheck
[2026-09-06 23:52:56] 🛡️ [safety] Главная луна 1:363:6: входящие=0
[2026-09-06 23:52:56] 🛡️ [safety] Атак на главную луну нет, эвакуированных флотов нет
[2026-09-06 23:52:56] 🌾 [loop] farm: выключен → пропускаем runFarmCycle
[2026-09-06 23:52:56] 🚀 [loop] expedition: выключен → пропускаем launchExpeditions
[2026-09-06 23:52:56] 📊 [tick] миссий: 10 (expedition:2 unknown:4 return:4), атаки: 0
[2026-09-06 23:54:39] 🔘 [loop] флаги: farm=OFF (Линкор), expedition=OFF (Линкор×300e9, Броненосец×3e9, Эсминец×2e9, Крейсер×7e9), safety=ON; reserveSlots=10
[2026-09-06 23:54:40] 🔒 [loop] safety: включён → запускаем runSafetyCheck
[2026-09-06 23:54:40] 🛡️ [safety] Главная луна 1:363:6: входящие=0
[2026-09-06 23:54:40] 🛡️ [safety] Атак на главную луну нет, эвакуированных флотов нет
[2026-09-06 23:54:40] 🌾 [loop] farm: выключен → пропускаем runFarmCycle
[2026-09-06 23:54:40] 🚀 [loop] expedition: выключен → пропускаем launchExpeditions
[2026-09-06 23:54:40] 📊 [tick] миссий: 10 (expedition:2 unknown:4 return:4), атаки: 0
[2026-09-06 23:56:20] 🔘 [loop] флаги: farm=OFF (Линкор), expedition=OFF (Линкор×300e9, Броненосец×3e9, Эсминец×2e9, Крейсер×7e9), safety=ON; reserveSlots=10
[2026-09-06 23:56:21] 🔒 [loop] safety: включён → запускаем runSafetyCheck
[2026-09-06 23:56:21] 🛡️ [safety] Главная луна 1:363:6: входящие=0
[2026-09-06 23:56:21] 🛡️ [safety] Атак на главную луну нет, эвакуированных флотов нет
[2026-09-06 23:56:21] 🌾 [loop] farm: выключен → пропускаем runFarmCycle
[2026-09-06 23:56:21] 🚀 [loop] expedition: выключен → пропускаем launchExpeditions
[2026-09-06 23:56:21] 📊 [tick] миссий: 10 (expedition:2 unknown:4 return:4), атаки: 0
[2026-09-06 23:57:58] 🔘 [loop] флаги: farm=OFF (Линкор), expedition=OFF (Линкор×300e9, Броненосец×3e9, Эсминец×2e9, Крейсер×7e9), safety=ON; reserveSlots=10
[2026-09-06 23:57:59] 🔒 [loop] safety: включён → запускаем runSafetyCheck
[2026-09-06 23:57:59] 🛡️ [safety] Главная луна 1:363:6: входящие=0
[2026-09-06 23:57:59] 🛡️ [safety] Атак на главную луну нет, эвакуированных флотов нет
[2026-09-06 23:57:59] 🌾 [loop] farm: выключен → пропускаем runFarmCycle
[2026-09-06 23:57:59] 🚀 [loop] expedition: выключен → пропускаем launchExpeditions
[2026-09-06 23:57:59] 📊 [tick] миссий: 10 (expedition:2 unknown:4 return:4), атаки: 0
[2026-09-06 23:59:34] 🔘 [loop] флаги: farm=OFF (Линкор), expedition=OFF (Линкор×300e9, Броненосец×3e9, Эсминец×2e9, Крейсер×7e9), safety=ON; reserveSlots=10
[2026-09-06 23:59:35] 🔒 [loop] safety: включён → запускаем runSafetyCheck
[2026-09-06 23:59:35] 🛡️ [safety] Главная луна 1:363:6: входящие=0
[2026-09-06 23:59:35] 🛡️ [safety] Атак на главную луну нет, эвакуированных флотов нет
[2026-09-06 23:59:35] 🌾 [loop] farm: выключен → пропускаем runFarmCycle
[2026-09-06 23:59:35] 🚀 [loop] expedition: выключен → пропускаем launchExpeditions
[2026-09-06 23:59:35] 📊 [tick] миссий: 10 (expedition:2 unknown:4 return:4), атаки: 0
[2026-09-07 00:01:04] 🔘 [loop] флаги: farm=OFF (Линкор), expedition=OFF (Линкор×300e9, Броненосец×3e9, Эсминец×2e9, Крейсер×7e9), safety=ON; reserveSlots=10
[2026-09-07 00:01:05] 🔒 [loop] safety: включён → запускаем runSafetyCheck
[2026-09-07 00:01:05] 🛡️ [safety] Главная луна 1:363:6: входящие=0
[2026-09-07 00:01:05] 🛡️ [safety] Атак на главную луну нет, эвакуированных флотов нет
[2026-09-07 00:01:05] 🌾 [loop] farm: выключен → пропускаем runFarmCycle
[2026-09-07 00:01:05] 🚀 [loop] expedition: выключен → пропускаем launchExpeditions
[2026-09-07 00:01:05] 📊 [tick] миссий: 10 (expedition:2 unknown:4 return:4), атаки: 0
[2026-09-07 00:02:43] 🔘 [loop] флаги: farm=OFF (Линкор), expedition=OFF (Линкор×300e9, Броненосец×3e9, Эсминец×2e9, Крейсер×7e9), safety=ON; reserveSlots=10
[2026-09-07 00:02:44] 🔒 [loop] safety: включён → запускаем runSafetyCheck
[2026-09-07 00:02:44] 🛡️ [safety] Главная луна 1:363:6: входящие=0
[2026-09-07 00:02:44] 🛡️ [safety] Атак на главную луну нет, эвакуированных флотов нет
[2026-09-07 00:02:44] 🌾 [loop] farm: выключен → пропускаем runFarmCycle
[2026-09-07 00:02:44] 🚀 [loop] expedition: выключен → пропускаем launchExpeditions
[2026-09-07 00:02:44] 📊 [tick] миссий: 10 (expedition:2 unknown:4 return:4), атаки: 0
[2026-09-07 00:04:25] 🔘 [loop] флаги: farm=OFF (Линкор), expedition=OFF (Линкор×300e9, Броненосец×3e9, Эсминец×2e9, Крейсер×7e9), safety=ON; reserveSlots=10
[2026-09-07 00:04:31] 🔒 [loop] safety: включён → запускаем runSafetyCheck
[2026-09-07 00:04:31] 🛡️ [safety] Главная луна 1:363:6: входящие=0
[2026-09-07 00:04:31] 🛡️ [safety] Атак на главную луну нет, эвакуированных флотов нет
[2026-09-07 00:04:31] 🌾 [loop] farm: выключен → пропускаем runFarmCycle
[2026-09-07 00:04:31] 🚀 [loop] expedition: выключен → пропускаем launchExpeditions
[2026-09-07 00:04:31] 📊 [tick] миссий: 10 (expedition:2 unknown:4 return:4), атаки: 0
[2026-09-07 00:06:08] 🔘 [loop] флаги: farm=OFF (Линкор), expedition=OFF (Линкор×300e9, Броненосец×3e9, Эсминец×2e9, Крейсер×7e9), safety=ON; reserveSlots=10
[2026-09-07 00:06:09] 🔒 [loop] safety: включён → запускаем runSafetyCheck
[2026-09-07 00:06:09] 🛡️ [safety] Главная луна 1:363:6: входящие=0
[2026-09-07 00:06:09] 🛡️ [safety] Атак на главную луну нет, эвакуированных флотов нет
[2026-09-07 00:06:09] 🌾 [loop] farm: выключен → пропускаем runFarmCycle
[2026-09-07 00:06:09] 🚀 [loop] expedition: выключен → пропускаем launchExpeditions
[2026-09-07 00:06:09] 📊 [tick] миссий: 10 (expedition:2 unknown:4 return:4), атаки: 0
[2026-09-07 00:07:51] 🔘 [loop] флаги: farm=OFF (Линкор), expedition=OFF (Линкор×300e9, Броненосец×3e9, Эсминец×2e9, Крейсер×7e9), safety=ON; reserveSlots=10
[2026-09-07 00:07:52] 🔒 [loop] safety: включён → запускаем runSafetyCheck
[2026-09-07 00:07:52] 🛡️ [safety] Главная луна 1:363:6: входящие=0
[2026-09-07 00:07:52] 🛡️ [safety] Атак на главную луну нет, эвакуированных флотов нет
[2026-09-07 00:07:52] 🌾 [loop] farm: выключен → пропускаем runFarmCycle
[2026-09-07 00:07:52] 🚀 [loop] expedition: выключен → пропускаем launchExpeditions
[2026-09-07 00:07:52] 📊 [tick] миссий: 10 (expedition:2 unknown:4 return:4), атаки: 0
[2026-09-07 00:09:29] 🔘 [loop] флаги: farm=OFF (Линкор), expedition=OFF (Линкор×300e9, Броненосец×3e9, Эсминец×2e9, Крейсер×7e9), safety=ON; reserveSlots=10
[2026-09-07 00:09:30] 🔒 [loop] safety: включён → запускаем runSafetyCheck
[2026-09-07 00:09:30] 🛡️ [safety] Главная луна 1:363:6: входящие=0
[2026-09-07 00:09:30] 🛡️ [safety] Атак на главную луну нет, эвакуированных флотов нет
[2026-09-07 00:09:30] 🌾 [loop] farm: выключен → пропускаем runFarmCycle
[2026-09-07 00:09:30] 🚀 [loop] expedition: выключен → пропускаем launchExpeditions
[2026-09-07 00:09:30] 📊 [tick] миссий: 10 (expedition:2 unknown:4 return:4), атаки: 0
[2026-09-07 00:11:09] 🔘 [loop] флаги: farm=OFF (Линкор), expedition=OFF (Линкор×300e9, Броненосец×3e9, Эсминец×2e9, Крейсер×7e9), safety=ON; reserveSlots=10
[2026-09-07 00:11:10] 🔒 [loop] safety: включён → запускаем runSafetyCheck
[2026-09-07 00:11:10] 🛡️ [safety] Главная луна 1:363:6: входящие=0
[2026-09-07 00:11:10] 🛡️ [safety] Атак на главную луну нет, эвакуированных флотов нет
[2026-09-07 00:11:10] 🌾 [loop] farm: выключен → пропускаем runFarmCycle
[2026-09-07 00:11:10] 🚀 [loop] expedition: выключен → пропускаем launchExpeditions
[2026-09-07 00:11:10] 📊 [tick] миссий: 10 (expedition:2 unknown:4 return:4), атаки: 0
[2026-09-07 00:12:47] 🔘 [loop] флаги: farm=OFF (Линкор), expedition=OFF (Линкор×300e9, Броненосец×3e9, Эсминец×2e9, Крейсер×7e9), safety=ON; reserveSlots=10
[2026-09-07 00:12:48] 🔒 [loop] safety: включён → запускаем runSafetyCheck
[2026-09-07 00:12:48] 🛡️ [safety] Главная луна 1:363:6: входящие=0
[2026-09-07 00:12:48] 🛡️ [safety] Атак на главную луну нет, эвакуированных флотов нет
[2026-09-07 00:12:48] 🌾 [loop] farm: выключен → пропускаем runFarmCycle
[2026-09-07 00:12:48] 🚀 [loop] expedition: выключен → пропускаем launchExpeditions
[2026-09-07 00:12:48] 📊 [tick] миссий: 10 (expedition:2 unknown:4 return:4), атаки: 0
[2026-09-07 00:14:18] 🔘 [loop] флаги: farm=OFF (Линкор), expedition=OFF (Линкор×300e9, Броненосец×3e9, Эсминец×2e9, Крейсер×7e9), safety=ON; reserveSlots=10
[2026-09-07 00:14:19] 🔒 [loop] safety: включён → запускаем runSafetyCheck
[2026-09-07 00:14:19] 🛡️ [safety] Главная луна 1:363:6: входящие=0
[2026-09-07 00:14:19] 🛡️ [safety] Атак на главную луну нет, эвакуированных флотов нет
[2026-09-07 00:14:19] 🌾 [loop] farm: выключен → пропускаем runFarmCycle
[2026-09-07 00:14:19] 🚀 [loop] expedition: выключен → пропускаем launchExpeditions
[2026-09-07 00:14:19] 📊 [tick] миссий: 10 (expedition:2 unknown:4 return:4), атаки: 0
[2026-09-07 00:16:01] 🔘 [loop] флаги: farm=OFF (Линкор), expedition=OFF (Линкор×300e9, Броненосец×3e9, Эсминец×2e9, Крейсер×7e9), safety=ON; reserveSlots=10
[2026-09-07 00:16:02] 🔒 [loop] safety: включён → запускаем runSafetyCheck
[2026-09-07 00:16:02] 🛡️ [safety] Главная луна 1:363:6: входящие=0
[2026-09-07 00:16:02] 🛡️ [safety] Атак на главную луну нет, эвакуированных флотов нет
[2026-09-07 00:16:02] 🌾 [loop] farm: выключен → пропускаем runFarmCycle
[2026-09-07 00:16:02] 🚀 [loop] expedition: выключен → пропускаем launchExpeditions
[2026-09-07 00:16:02] 📊 [tick] миссий: 10 (expedition:2 unknown:4 return:4), атаки: 0
[2026-09-07 00:17:45] 🔘 [loop] флаги: farm=OFF (Линкор), expedition=OFF (Линкор×300e9, Броненосец×3e9, Эсминец×2e9, Крейсер×7e9), safety=ON; reserveSlots=10
[2026-09-07 00:17:46] 🔒 [loop] safety: включён → запускаем runSafetyCheck
[2026-09-07 00:17:46] 🛡️ [safety] Главная луна 1:363:6: входящие=0
[2026-09-07 00:17:46] 🛡️ [safety] Атак на главную луну нет, эвакуированных флотов нет
[2026-09-07 00:17:46] 🌾 [loop] farm: выключен → пропускаем runFarmCycle
[2026-09-07 00:17:46] 🚀 [loop] expedition: выключен → пропускаем launchExpeditions
[2026-09-07 00:17:46] 📊 [tick] миссий: 10 (expedition:2 unknown:4 return:4), атаки: 0
[2026-09-07 00:19:20] 🔘 [loop] флаги: farm=OFF (Линкор), expedition=OFF (Линкор×300e9, Броненосец×3e9, Эсминец×2e9, Крейсер×7e9), safety=ON; reserveSlots=10
[2026-09-07 00:19:21] 🔒 [loop] safety: включён → запускаем runSafetyCheck
[2026-09-07 00:19:21] 🛡️ [safety] Главная луна 1:363:6: входящие=0
[2026-09-07 00:19:21] 🛡️ [safety] Атак на главную луну нет, эвакуированных флотов нет
[2026-09-07 00:19:21] 🌾 [loop] farm: выключен → пропускаем runFarmCycle
[2026-09-07 00:19:21] 🚀 [loop] expedition: выключен → пропускаем launchExpeditions
[2026-09-07 00:19:21] 📊 [tick] миссий: 10 (expedition:2 unknown:4 return:4), атаки: 0
[2026-09-07 00:21:04] 🔘 [loop] флаги: farm=OFF (Линкор), expedition=OFF (Линкор×300e9, Броненосец×3e9, Эсминец×2e9, Крейсер×7e9), safety=ON; reserveSlots=10
[2026-09-07 00:21:05] 🔒 [loop] safety: включён → запускаем runSafetyCheck
[2026-09-07 00:21:05] 🛡️ [safety] Главная луна 1:363:6: входящие=0
[2026-09-07 00:21:05] 🛡️ [safety] Атак на главную луну нет, эвакуированных флотов нет
[2026-09-07 00:21:05] 🌾 [loop] farm: выключен → пропускаем runFarmCycle
[2026-09-07 00:21:05] 🚀 [loop] expedition: выключен → пропускаем launchExpeditions
[2026-09-07 00:21:05] 📊 [tick] миссий: 10 (expedition:2 unknown:4 return:4), атаки: 0
[2026-09-07 00:22:33] 🔘 [loop] флаги: farm=OFF (Линкор), expedition=OFF (Линкор×300e9, Броненосец×3e9, Эсминец×2e9, Крейсер×7e9), safety=ON; reserveSlots=10
[2026-09-07 00:22:34] 🔒 [loop] safety: включён → запускаем runSafetyCheck
[2026-09-07 00:22:34] 🛡️ [safety] Главная луна 1:363:6: входящие=0
[2026-09-07 00:22:34] 🛡️ [safety] Атак на главную луну нет, эвакуированных флотов нет
[2026-09-07 00:22:34] 🌾 [loop] farm: выключен → пропускаем runFarmCycle
[2026-09-07 00:22:34] 🚀 [loop] expedition: выключен → пропускаем launchExpeditions
[2026-09-07 00:22:34] 📊 [tick] миссий: 10 (expedition:2 unknown:4 return:4), атаки: 0
[2026-09-07 00:24:14] 🔘 [loop] флаги: farm=OFF (Линкор), expedition=OFF (Линкор×300e9, Броненосец×3e9, Эсминец×2e9, Крейсер×7e9), safety=ON; reserveSlots=10
[2026-09-07 00:24:15] 🔒 [loop] safety: включён → запускаем runSafetyCheck
[2026-09-07 00:24:15] 🛡️ [safety] Главная луна 1:363:6: входящие=0
[2026-09-07 00:24:15] 🛡️ [safety] Атак на главную луну нет, эвакуированных флотов нет
[2026-09-07 00:24:15] 🌾 [loop] farm: выключен → пропускаем runFarmCycle
[2026-09-07 00:24:15] 🚀 [loop] expedition: выключен → пропускаем launchExpeditions
[2026-09-07 00:24:15] 📊 [tick] миссий: 10 (expedition:2 unknown:4 return:4), атаки: 0
[2026-09-07 00:25:57] 🔘 [loop] флаги: farm=OFF (Линкор), expedition=OFF (Линкор×300e9, Броненосец×3e9, Эсминец×2e9, Крейсер×7e9), safety=ON; reserveSlots=10
[2026-09-07 00:25:59] 🔒 [loop] safety: включён → запускаем runSafetyCheck
[2026-09-07 00:25:59] 🛡️ [safety] Главная луна 1:363:6: входящие=0
[2026-09-07 00:25:59] 🛡️ [safety] Атак на главную луну нет, эвакуированных флотов нет
[2026-09-07 00:25:59] 🌾 [loop] farm: выключен → пропускаем runFarmCycle
[2026-09-07 00:25:59] 🚀 [loop] expedition: выключен → пропускаем launchExpeditions
[2026-09-07 00:25:59] 📊 [tick] миссий: 10 (expedition:2 unknown:4 return:4), атаки: 0
[2026-09-07 00:27:38] 🔘 [loop] флаги: farm=OFF (Линкор), expedition=OFF (Линкор×300e9, Броненосец×3e9, Эсминец×2e9, Крейсер×7e9), safety=ON; reserveSlots=10
[2026-09-07 00:27:39] 🔒 [loop] safety: включён → запускаем runSafetyCheck
[2026-09-07 00:27:39] 🛡️ [safety] Главная луна 1:363:6: входящие=0
[2026-09-07 00:27:39] 🛡️ [safety] Атак на главную луну нет, эвакуированных флотов нет
[2026-09-07 00:27:39] 🌾 [loop] farm: выключен → пропускаем runFarmCycle
[2026-09-07 00:27:39] 🚀 [loop] expedition: выключен → пропускаем launchExpeditions
[2026-09-07 00:27:39] 📊 [tick] миссий: 10 (expedition:2 unknown:4 return:4), атаки: 0
[2026-09-07 00:29:11] 🔘 [loop] флаги: farm=OFF (Линкор), expedition=OFF (Линкор×300e9, Броненосец×3e9, Эсминец×2e9, Крейсер×7e9), safety=ON; reserveSlots=10
[2026-09-07 00:29:12] 🔒 [loop] safety: включён → запускаем runSafetyCheck
[2026-09-07 00:29:12] 🛡️ [safety] Главная луна 1:363:6: входящие=0
[2026-09-07 00:29:12] 🛡️ [safety] Атак на главную луну нет, эвакуированных флотов нет
[2026-09-07 00:29:12] 🌾 [loop] farm: выключен → пропускаем runFarmCycle
[2026-09-07 00:29:12] 🚀 [loop] expedition: выключен → пропускаем launchExpeditions
[2026-09-07 00:29:12] 📊 [tick] миссий: 10 (expedition:2 unknown:4 return:4), атаки: 0
[2026-09-07 00:30:53] 🔘 [loop] флаги: farm=OFF (Линкор), expedition=OFF (Линкор×300e9, Броненосец×3e9, Эсминец×2e9, Крейсер×7e9), safety=ON; reserveSlots=10
[2026-09-07 00:30:54] 🔒 [loop] safety: включён → запускаем runSafetyCheck
[2026-09-07 00:30:54] 🛡️ [safety] Главная луна 1:363:6: входящие=0
[2026-09-07 00:30:54] 🛡️ [safety] Атак на главную луну нет, эвакуированных флотов нет
[2026-09-07 00:30:54] 🌾 [loop] farm: выключен → пропускаем runFarmCycle
[2026-09-07 00:30:54] 🚀 [loop] expedition: выключен → пропускаем launchExpeditions
[2026-09-07 00:30:54] 📊 [tick] миссий: 10 (expedition:2 unknown:4 return:4), атаки: 0
[2026-09-07 00:32:21] 🔘 [loop] флаги: farm=OFF (Линкор), expedition=OFF (Линкор×300e9, Броненосец×3e9, Эсминец×2e9, Крейсер×7e9), safety=ON; reserveSlots=10
[2026-09-07 00:32:22] 🔒 [loop] safety: включён → запускаем runSafetyCheck
[2026-09-07 00:32:22] 🛡️ [safety] Главная луна 1:363:6: входящие=0
[2026-09-07 00:32:22] 🛡️ [safety] Атак на главную луну нет, эвакуированных флотов нет
[2026-09-07 00:32:22] 🌾 [loop] farm: выключен → пропускаем runFarmCycle
[2026-09-07 00:32:22] 🚀 [loop] expedition: выключен → пропускаем launchExpeditions
[2026-09-07 00:32:22] 📊 [tick] миссий: 10 (expedition:2 unknown:4 return:4), атаки: 0
[2026-09-07 00:34:04] 🔘 [loop] флаги: farm=OFF (Линкор), expedition=OFF (Линкор×300e9, Броненосец×3e9, Эсминец×2e9, Крейсер×7e9), safety=ON; reserveSlots=10
[2026-09-07 00:34:05] 🔒 [loop] safety: включён → запускаем runSafetyCheck
[2026-09-07 00:34:05] 🛡️ [safety] Главная луна 1:363:6: входящие=0
[2026-09-07 00:34:05] 🛡️ [safety] Атак на главную луну нет, эвакуированных флотов нет
[2026-09-07 00:34:05] 🌾 [loop] farm: выключен → пропускаем runFarmCycle
[2026-09-07 00:34:05] 🚀 [loop] expedition: выключен → пропускаем launchExpeditions
[2026-09-07 00:34:05] 📊 [tick] миссий: 10 (expedition:2 unknown:4 return:4), атаки: 0
[2026-09-07 00:35:48] 🔘 [loop] флаги: farm=OFF (Линкор), expedition=OFF (Линкор×300e9, Броненосец×3e9, Эсминец×2e9, Крейсер×7e9), safety=ON; reserveSlots=10
[2026-09-07 00:35:49] 🔒 [loop] safety: включён → запускаем runSafetyCheck
[2026-09-07 00:35:49] 🛡️ [safety] Главная луна 1:363:6: входящие=0
[2026-09-07 00:35:49] 🛡️ [safety] Атак на главную луну нет, эвакуированных флотов нет
[2026-09-07 00:35:49] 🌾 [loop] farm: выключен → пропускаем runFarmCycle
[2026-09-07 00:35:49] 🚀 [loop] expedition: выключен → пропускаем launchExpeditions
[2026-09-07 00:35:49] 📊 [tick] миссий: 10 (expedition:2 unknown:4 return:4), атаки: 0
[2026-09-07 00:37:18] 🔘 [loop] флаги: farm=OFF (Линкор), expedition=OFF (Линкор×300e9, Броненосец×3e9, Эсминец×2e9, Крейсер×7e9), safety=ON; reserveSlots=10
[2026-09-07 00:37:19] 🔒 [loop] safety: включён → запускаем runSafetyCheck
[2026-09-07 00:37:19] 🛡️ [safety] Главная луна 1:363:6: входящие=0
[2026-09-07 00:37:19] 🛡️ [safety] Атак на главную луну нет, эвакуированных флотов нет
[2026-09-07 00:37:19] 🌾 [loop] farm: выключен → пропускаем runFarmCycle
[2026-09-07 00:37:19] 🚀 [loop] expedition: выключен → пропускаем launchExpeditions
[2026-09-07 00:37:19] 📊 [tick] миссий: 10 (expedition:2 unknown:4 return:4), атаки: 0
[2026-09-07 00:38:54] 🔘 [loop] флаги: farm=OFF (Линкор), expedition=OFF (Линкор×300e9, Броненосец×3e9, Эсминец×2e9, Крейсер×7e9), safety=ON; reserveSlots=10
[2026-09-07 00:38:55] 🔒 [loop] safety: включён → запускаем runSafetyCheck
[2026-09-07 00:38:55] 🛡️ [safety] Главная луна 1:363:6: входящие=0
[2026-09-07 00:38:55] 🛡️ [safety] Атак на главную луну нет, эвакуированных флотов нет
[2026-09-07 00:38:55] 🌾 [loop] farm: выключен → пропускаем runFarmCycle
[2026-09-07 00:38:55] 🚀 [loop] expedition: выключен → пропускаем launchExpeditions
[2026-09-07 00:38:55] 📊 [tick] миссий: 10 (expedition:2 unknown:4 return:4), атаки: 0
[2026-09-07 00:40:39] 🔘 [loop] флаги: farm=OFF (Линкор), expedition=OFF (Линкор×300e9, Броненосец×3e9, Эсминец×2e9, Крейсер×7e9), safety=ON; reserveSlots=10
[2026-09-07 00:40:41] 🔒 [loop] safety: включён → запускаем runSafetyCheck
[2026-09-07 00:40:41] 🛡️ [safety] Главная луна 1:363:6: входящие=0
[2026-09-07 00:40:41] 🛡️ [safety] Атак на главную луну нет, эвакуированных флотов нет
[2026-09-07 00:40:41] 🌾 [loop] farm: выключен → пропускаем runFarmCycle
[2026-09-07 00:40:41] 🚀 [loop] expedition: выключен → пропускаем launchExpeditions
[2026-09-07 00:40:41] 📊 [tick] миссий: 10 (expedition:2 unknown:4 return:4), атаки: 0
[2026-09-07 00:42:24] 🔘 [loop] флаги: farm=OFF (Линкор), expedition=OFF (Линкор×300e9, Броненосец×3e9, Эсминец×2e9, Крейсер×7e9), safety=ON; reserveSlots=10
[2026-09-07 00:42:25] 🔒 [loop] safety: включён → запускаем runSafetyCheck
[2026-09-07 00:42:25] 🛡️ [safety] Главная луна 1:363:6: входящие=0
[2026-09-07 00:42:25] 🛡️ [safety] Атак на главную луну нет, эвакуированных флотов нет
[2026-09-07 00:42:25] 🌾 [loop] farm: выключен → пропускаем runFarmCycle
[2026-09-07 00:42:25] 🚀 [loop] expedition: выключен → пропускаем launchExpeditions
[2026-09-07 00:42:25] 📊 [tick] миссий: 10 (expedition:2 unknown:4 return:4), атаки: 0
[2026-09-07 00:43:54] 🔘 [loop] флаги: farm=OFF (Линкор), expedition=OFF (Линкор×300e9, Броненосец×3e9, Эсминец×2e9, Крейсер×7e9), safety=ON; reserveSlots=10
[2026-09-07 00:43:55] 🔒 [loop] safety: включён → запускаем runSafetyCheck
[2026-09-07 00:43:55] 🛡️ [safety] Главная луна 1:363:6: входящие=0
[2026-09-07 00:43:55] 🛡️ [safety] Атак на главную луну нет, эвакуированных флотов нет
[2026-09-07 00:43:55] 🌾 [loop] farm: выключен → пропускаем runFarmCycle
[2026-09-07 00:43:55] 🚀 [loop] expedition: выключен → пропускаем launchExpeditions
[2026-09-07 00:43:55] 📊 [tick] миссий: 10 (expedition:2 unknown:4 return:4), атаки: 0
[2026-09-07 00:45:37] 🔘 [loop] флаги: farm=OFF (Линкор), expedition=OFF (Линкор×300e9, Броненосец×3e9, Эсминец×2e9, Крейсер×7e9), safety=ON; reserveSlots=10
[2026-09-07 00:45:38] 🔒 [loop] safety: включён → запускаем runSafetyCheck
[2026-09-07 00:45:38] 🛡️ [safety] Главная луна 1:363:6: входящие=0
[2026-09-07 00:45:38] 🛡️ [safety] Атак на главную луну нет, эвакуированных флотов нет
[2026-09-07 00:45:38] 🌾 [loop] farm: выключен → пропускаем runFarmCycle
[2026-09-07 00:45:38] 🚀 [loop] expedition: выключен → пропускаем launchExpeditions
[2026-09-07 00:45:38] 📊 [tick] миссий: 10 (expedition:2 unknown:4 return:4), атаки: 0
[2026-09-07 00:47:07] 🔘 [loop] флаги: farm=OFF (Линкор), expedition=OFF (Линкор×300e9, Броненосец×3e9, Эсминец×2e9, Крейсер×7e9), safety=ON; reserveSlots=10
[2026-09-07 00:47:08] 🔒 [loop] safety: включён → запускаем runSafetyCheck
[2026-09-07 00:47:08] 🛡️ [safety] Главная луна 1:363:6: входящие=0
[2026-09-07 00:47:08] 🛡️ [safety] Атак на главную луну нет, эвакуированных флотов нет
[2026-09-07 00:47:08] 🌾 [loop] farm: выключен → пропускаем runFarmCycle
[2026-09-07 00:47:08] 🚀 [loop] expedition: выключен → пропускаем launchExpeditions
[2026-09-07 00:47:08] 📊 [tick] миссий: 10 (expedition:2 unknown:4 return:4), атаки: 0
[2026-09-07 00:48:50] 🔘 [loop] флаги: farm=OFF (Линкор), expedition=OFF (Линкор×300e9, Броненосец×3e9, Эсминец×2e9, Крейсер×7e9), safety=ON; reserveSlots=10
[2026-09-07 00:48:52] 🔒 [loop] safety: включён → запускаем runSafetyCheck
[2026-09-07 00:48:52] 🛡️ [safety] Главная луна 1:363:6: входящие=0
[2026-09-07 00:48:52] 🛡️ [safety] Атак на главную луну нет, эвакуированных флотов нет
[2026-09-07 00:48:52] 🌾 [loop] farm: выключен → пропускаем runFarmCycle
[2026-09-07 00:48:52] 🚀 [loop] expedition: выключен → пропускаем launchExpeditions
[2026-09-07 00:48:52] 📊 [tick] миссий: 10 (expedition:2 unknown:4 return:4), атаки: 0
[2026-09-07 00:50:25] 🔘 [loop] флаги: farm=OFF (Линкор), expedition=OFF (Линкор×300e9, Броненосец×3e9, Эсминец×2e9, Крейсер×7e9), safety=ON; reserveSlots=10
[2026-09-07 00:50:26] 🔒 [loop] safety: включён → запускаем runSafetyCheck
[2026-09-07 00:50:26] 🛡️ [safety] Главная луна 1:363:6: входящие=0
[2026-09-07 00:50:26] 🛡️ [safety] Атак на главную луну нет, эвакуированных флотов нет
[2026-09-07 00:50:26] 🌾 [loop] farm: выключен → пропускаем runFarmCycle
[2026-09-07 00:50:26] 🚀 [loop] expedition: выключен → пропускаем launchExpeditions
[2026-09-07 00:50:26] 📊 [tick] миссий: 10 (expedition:2 unknown:4 return:4), атаки: 0
[2026-09-07 00:51:58] 🔘 [loop] флаги: farm=OFF (Линкор), expedition=OFF (Линкор×300e9, Броненосец×3e9, Эсминец×2e9, Крейсер×7e9), safety=ON; reserveSlots=10
[2026-09-07 00:51:59] 🔒 [loop] safety: включён → запускаем runSafetyCheck
[2026-09-07 00:51:59] 🛡️ [safety] Главная луна 1:363:6: входящие=0
[2026-09-07 00:51:59] 🛡️ [safety] Атак на главную луну нет, эвакуированных флотов нет
[2026-09-07 00:51:59] 🌾 [loop] farm: выключен → пропускаем runFarmCycle
[2026-09-07 00:51:59] 🚀 [loop] expedition: выключен → пропускаем launchExpeditions
[2026-09-07 00:51:59] 📊 [tick] миссий: 10 (expedition:2 unknown:4 return:4), атаки: 0
[2026-09-07 00:53:32] 🔘 [loop] флаги: farm=OFF (Линкор), expedition=OFF (Линкор×300e9, Броненосец×3e9, Эсминец×2e9, Крейсер×7e9), safety=ON; reserveSlots=10
[2026-09-07 00:53:33] 🔒 [loop] safety: включён → запускаем runSafetyCheck
[2026-09-07 00:53:33] 🛡️ [safety] Главная луна 1:363:6: входящие=0
[2026-09-07 00:53:33] 🛡️ [safety] Атак на главную луну нет, эвакуированных флотов нет
[2026-09-07 00:53:33] 🌾 [loop] farm: выключен → пропускаем runFarmCycle
[2026-09-07 00:53:33] 🚀 [loop] expedition: выключен → пропускаем launchExpeditions
[2026-09-07 00:53:33] 📊 [tick] миссий: 10 (expedition:2 unknown:4 return:4), атаки: 0
[2026-09-07 00:55:14] 🔘 [loop] флаги: farm=OFF (Линкор), expedition=OFF (Линкор×300e9, Броненосец×3e9, Эсминец×2e9, Крейсер×7e9), safety=ON; reserveSlots=10
[2026-09-07 00:55:15] 🔒 [loop] safety: включён → запускаем runSafetyCheck
[2026-09-07 00:55:15] 🛡️ [safety] Главная луна 1:363:6: входящие=0
[2026-09-07 00:55:15] 🛡️ [safety] Атак на главную луну нет, эвакуированных флотов нет
[2026-09-07 00:55:15] 🌾 [loop] farm: выключен → пропускаем runFarmCycle
[2026-09-07 00:55:15] 🚀 [loop] expedition: выключен → пропускаем launchExpeditions
[2026-09-07 00:55:15] 📊 [tick] миссий: 10 (expedition:2 unknown:4 return:4), атаки: 0
[2026-09-07 00:56:44] 🔘 [loop] флаги: farm=OFF (Линкор), expedition=OFF (Линкор×300e9, Броненосец×3e9, Эсминец×2e9, Крейсер×7e9), safety=ON; reserveSlots=10
[2026-09-07 00:56:45] 🔒 [loop] safety: включён → запускаем runSafetyCheck
[2026-09-07 00:56:45] 🛡️ [safety] Главная луна 1:363:6: входящие=0
[2026-09-07 00:56:45] 🛡️ [safety] Атак на главную луну нет, эвакуированных флотов нет
[2026-09-07 00:56:45] 🌾 [loop] farm: выключен → пропускаем runFarmCycle
[2026-09-07 00:56:45] 🚀 [loop] expedition: выключен → пропускаем launchExpeditions
[2026-09-07 00:56:45] 📊 [tick] миссий: 10 (expedition:2 unknown:4 return:4), атаки: 0
[2026-09-07 00:58:12] 🔘 [loop] флаги: farm=OFF (Линкор), expedition=OFF (Линкор×300e9, Броненосец×3e9, Эсминец×2e9, Крейсер×7e9), safety=ON; reserveSlots=10
[2026-09-07 00:58:13] 🔒 [loop] safety: включён → запускаем runSafetyCheck
[2026-09-07 00:58:13] 🛡️ [safety] Главная луна 1:363:6: входящие=0
[2026-09-07 00:58:13] 🛡️ [safety] Атак на главную луну нет, эвакуированных флотов нет
[2026-09-07 00:58:13] 🌾 [loop] farm: выключен → пропускаем runFarmCycle
[2026-09-07 00:58:13] 🚀 [loop] expedition: выключен → пропускаем launchExpeditions
[2026-09-07 00:58:13] 📊 [tick] миссий: 10 (expedition:2 unknown:4 return:4), атаки: 0
[2026-09-07 00:59:49] 🔘 [loop] флаги: farm=OFF (Линкор), expedition=OFF (Линкор×300e9, Броненосец×3e9, Эсминец×2e9, Крейсер×7e9), safety=ON; reserveSlots=10
[2026-09-07 00:59:50] 🔒 [loop] safety: включён → запускаем runSafetyCheck
[2026-09-07 00:59:50] 🛡️ [safety] Главная луна 1:363:6: входящие=0
[2026-09-07 00:59:50] 🛡️ [safety] Атак на главную луну нет, эвакуированных флотов нет
[2026-09-07 00:59:50] 🌾 [loop] farm: выключен → пропускаем runFarmCycle
[2026-09-07 00:59:50] 🚀 [loop] expedition: выключен → пропускаем launchExpeditions
[2026-09-07 00:59:50] 📊 [tick] миссий: 10 (expedition:2 unknown:4 return:4), атаки: 0
[2026-09-07 01:01:19] 🔘 [loop] флаги: farm=OFF (Линкор), expedition=OFF (Линкор×300e9, Броненосец×3e9, Эсминец×2e9, Крейсер×7e9), safety=ON; reserveSlots=10
[2026-09-07 01:01:21] 🔒 [loop] safety: включён → запускаем runSafetyCheck
[2026-09-07 01:01:21] 🛡️ [safety] Главная луна 1:363:6: входящие=0
[2026-09-07 01:01:21] 🛡️ [safety] Атак на главную луну нет, эвакуированных флотов нет
[2026-09-07 01:01:21] 🌾 [loop] farm: выключен → пропускаем runFarmCycle
[2026-09-07 01:01:21] 🚀 [loop] expedition: выключен → пропускаем launchExpeditions
[2026-09-07 01:01:21] 📊 [tick] миссий: 10 (expedition:2 unknown:4 return:4), атаки: 0
[2026-09-07 01:02:58] 🔘 [loop] флаги: farm=OFF (Линкор), expedition=OFF (Линкор×300e9, Броненосец×3e9, Эсминец×2e9, Крейсер×7e9), safety=ON; reserveSlots=10
[2026-09-07 01:02:59] 🔒 [loop] safety: включён → запускаем runSafetyCheck
[2026-09-07 01:02:59] 🛡️ [safety] Главная луна 1:363:6: входящие=0
[2026-09-07 01:02:59] 🛡️ [safety] Атак на главную луну нет, эвакуированных флотов нет
[2026-09-07 01:02:59] 🌾 [loop] farm: выключен → пропускаем runFarmCycle
[2026-09-07 01:02:59] 🚀 [loop] expedition: выключен → пропускаем launchExpeditions
[2026-09-07 01:02:59] 📊 [tick] миссий: 10 (expedition:2 unknown:4 return:4), атаки: 0
[2026-09-07 01:04:40] 🔘 [loop] флаги: farm=OFF (Линкор), expedition=OFF (Линкор×300e9, Броненосец×3e9, Эсминец×2e9, Крейсер×7e9), safety=ON; reserveSlots=10
[2026-09-07 01:04:46] 🔒 [loop] safety: включён → запускаем runSafetyCheck
[2026-09-07 01:04:46] 🛡️ [safety] Главная луна 1:363:6: входящие=0
[2026-09-07 01:04:46] 🛡️ [safety] Атак на главную луну нет, эвакуированных флотов нет
[2026-09-07 01:04:46] 🌾 [loop] farm: выключен → пропускаем runFarmCycle
[2026-09-07 01:04:46] 🚀 [loop] expedition: выключен → пропускаем launchExpeditions
[2026-09-07 01:04:46] 📊 [tick] миссий: 10 (expedition:2 unknown:4 return:4), атаки: 0
[2026-09-07 01:06:13] 🔘 [loop] флаги: farm=OFF (Линкор), expedition=OFF (Линкор×300e9, Броненосец×3e9, Эсминец×2e9, Крейсер×7e9), safety=ON; reserveSlots=10
[2026-09-07 01:06:14] 🔒 [loop] safety: включён → запускаем runSafetyCheck
[2026-09-07 01:06:14] 🛡️ [safety] Главная луна 1:363:6: входящие=0
[2026-09-07 01:06:14] 🛡️ [safety] Атак на главную луну нет, эвакуированных флотов нет
[2026-09-07 01:06:14] 🌾 [loop] farm: выключен → пропускаем runFarmCycle
[2026-09-07 01:06:14] 🚀 [loop] expedition: выключен → пропускаем launchExpeditions
[2026-09-07 01:06:14] 📊 [tick] миссий: 10 (expedition:2 unknown:4 return:4), атаки: 0
[2026-09-07 01:07:54] 🔘 [loop] флаги: farm=OFF (Линкор), expedition=OFF (Линкор×300e9, Броненосец×3e9, Эсминец×2e9, Крейсер×7e9), safety=ON; reserveSlots=10
[2026-09-07 01:07:55] 🔒 [loop] safety: включён → запускаем runSafetyCheck
[2026-09-07 01:07:55] 🛡️ [safety] Главная луна 1:363:6: входящие=0
[2026-09-07 01:07:55] 🛡️ [safety] Атак на главную луну нет, эвакуированных флотов нет
[2026-09-07 01:07:55] 🌾 [loop] farm: выключен → пропускаем runFarmCycle
[2026-09-07 01:07:55] 🚀 [loop] expedition: выключен → пропускаем launchExpeditions
[2026-09-07 01:07:55] 📊 [tick] миссий: 10 (expedition:2 unknown:4 return:4), атаки: 0
[2026-09-07 01:09:36] 🔘 [loop] флаги: farm=OFF (Линкор), expedition=OFF (Линкор×300e9, Броненосец×3e9, Эсминец×2e9, Крейсер×7e9), safety=ON; reserveSlots=10
[2026-09-07 01:09:37] 🔒 [loop] safety: включён → запускаем runSafetyCheck
[2026-09-07 01:09:37] 🛡️ [safety] Главная луна 1:363:6: входящие=0
[2026-09-07 01:09:37] 🛡️ [safety] Атак на главную луну нет, эвакуированных флотов нет
[2026-09-07 01:09:37] 🌾 [loop] farm: выключен → пропускаем runFarmCycle
[2026-09-07 01:09:37] 🚀 [loop] expedition: выключен → пропускаем launchExpeditions
[2026-09-07 01:09:37] 📊 [tick] миссий: 10 (expedition:2 unknown:4 return:4), атаки: 0
[2026-09-07 01:11:18] 🔘 [loop] флаги: farm=OFF (Линкор), expedition=OFF (Линкор×300e9, Броненосец×3e9, Эсминец×2e9, Крейсер×7e9), safety=ON; reserveSlots=10
[2026-09-07 01:11:20] 🔒 [loop] safety: включён → запускаем runSafetyCheck
[2026-09-07 01:11:20] 🛡️ [safety] Главная луна 1:363:6: входящие=0
[2026-09-07 01:11:20] 🛡️ [safety] Атак на главную луну нет, эвакуированных флотов нет
[2026-09-07 01:11:20] 🌾 [loop] farm: выключен → пропускаем runFarmCycle
[2026-09-07 01:11:20] 🚀 [loop] expedition: выключен → пропускаем launchExpeditions
[2026-09-07 01:11:20] 📊 [tick] миссий: 10 (expedition:2 unknown:4 return:4), атаки: 0
[2026-09-07 01:12:54] 🔘 [loop] флаги: farm=OFF (Линкор), expedition=OFF (Линкор×300e9, Броненосец×3e9, Эсминец×2e9, Крейсер×7e9), safety=ON; reserveSlots=10
[2026-09-07 01:12:55] 🔒 [loop] safety: включён → запускаем runSafetyCheck
[2026-09-07 01:12:55] 🛡️ [safety] Главная луна 1:363:6: входящие=0
[2026-09-07 01:12:55] 🛡️ [safety] Атак на главную луну нет, эвакуированных флотов нет
[2026-09-07 01:12:55] 🌾 [loop] farm: выключен → пропускаем runFarmCycle
[2026-09-07 01:12:55] 🚀 [loop] expedition: выключен → пропускаем launchExpeditions
[2026-09-07 01:12:55] 📊 [tick] миссий: 10 (expedition:2 unknown:4 return:4), атаки: 0
[2026-09-07 01:14:30] 🔘 [loop] флаги: farm=OFF (Линкор), expedition=OFF (Линкор×300e9, Броненосец×3e9, Эсминец×2e9, Крейсер×7e9), safety=ON; reserveSlots=10
[2026-09-07 01:14:31] 🔒 [loop] safety: включён → запускаем runSafetyCheck
[2026-09-07 01:14:31] 🛡️ [safety] Главная луна 1:363:6: входящие=0
[2026-09-07 01:14:31] 🛡️ [safety] Атак на главную луну нет, эвакуированных флотов нет
[2026-09-07 01:14:31] 🌾 [loop] farm: выключен → пропускаем runFarmCycle
[2026-09-07 01:14:31] 🚀 [loop] expedition: выключен → пропускаем launchExpeditions
[2026-09-07 01:14:31] 📊 [tick] миссий: 10 (expedition:2 unknown:4 return:4), атаки: 0
[2026-09-07 01:16:08] 🔘 [loop] флаги: farm=OFF (Линкор), expedition=OFF (Линкор×300e9, Броненосец×3e9, Эсминец×2e9, Крейсер×7e9), safety=ON; reserveSlots=10
[2026-09-07 01:16:09] 🔒 [loop] safety: включён → запускаем runSafetyCheck
[2026-09-07 01:16:09] 🛡️ [safety] Главная луна 1:363:6: входящие=0
[2026-09-07 01:16:09] 🛡️ [safety] Атак на главную луну нет, эвакуированных флотов нет
[2026-09-07 01:16:09] 🌾 [loop] farm: выключен → пропускаем runFarmCycle
[2026-09-07 01:16:09] 🚀 [loop] expedition: выключен → пропускаем launchExpeditions
[2026-09-07 01:16:09] 📊 [tick] миссий: 10 (expedition:2 unknown:4 return:4), атаки: 0
[2026-09-07 01:17:44] 🔘 [loop] флаги: farm=OFF (Линкор), expedition=OFF (Линкор×300e9, Броненосец×3e9, Эсминец×2e9, Крейсер×7e9), safety=ON; reserveSlots=10
[2026-09-07 01:17:45] 🔒 [loop] safety: включён → запускаем runSafetyCheck
[2026-09-07 01:17:45] 🛡️ [safety] Главная луна 1:363:6: входящие=0
[2026-09-07 01:17:45] 🛡️ [safety] Атак на главную луну нет, эвакуированных флотов нет
[2026-09-07 01:17:45] 🌾 [loop] farm: выключен → пропускаем runFarmCycle
[2026-09-07 01:17:45] 🚀 [loop] expedition: выключен → пропускаем launchExpeditions
[2026-09-07 01:17:45] 📊 [tick] миссий: 10 (expedition:2 unknown:4 return:4), атаки: 0
[2026-09-07 01:19:23] 🔘 [loop] флаги: farm=OFF (Линкор), expedition=OFF (Линкор×300e9, Броненосец×3e9, Эсминец×2e9, Крейсер×7e9), safety=ON; reserveSlots=10
[2026-09-07 01:19:24] 🔒 [loop] safety: включён → запускаем runSafetyCheck
[2026-09-07 01:19:24] 🛡️ [safety] Главная луна 1:363:6: входящие=0
[2026-09-07 01:19:24] 🛡️ [safety] Атак на главную луну нет, эвакуированных флотов нет
[2026-09-07 01:19:24] 🌾 [loop] farm: выключен → пропускаем runFarmCycle
[2026-09-07 01:19:24] 🚀 [loop] expedition: выключен → пропускаем launchExpeditions
[2026-09-07 01:19:24] 📊 [tick] миссий: 10 (expedition:2 unknown:4 return:4), атаки: 0
[2026-09-07 01:21:02] 🔘 [loop] флаги: farm=OFF (Линкор), expedition=OFF (Линкор×300e9, Броненосец×3e9, Эсминец×2e9, Крейсер×7e9), safety=ON; reserveSlots=10
[2026-09-07 01:21:03] 🔒 [loop] safety: включён → запускаем runSafetyCheck
[2026-09-07 01:21:03] 🛡️ [safety] Главная луна 1:363:6: входящие=0
[2026-09-07 01:21:03] 🛡️ [safety] Атак на главную луну нет, эвакуированных флотов нет
[2026-09-07 01:21:03] 🌾 [loop] farm: выключен → пропускаем runFarmCycle
[2026-09-07 01:21:03] 🚀 [loop] expedition: выключен → пропускаем launchExpeditions
[2026-09-07 01:21:03] 📊 [tick] миссий: 10 (expedition:2 unknown:4 return:4), атаки: 0
[2026-09-07 01:22:47] 🔘 [loop] флаги: farm=OFF (Линкор), expedition=OFF (Линкор×300e9, Броненосец×3e9, Эсминец×2e9, Крейсер×7e9), safety=ON; reserveSlots=10
[2026-09-07 01:22:48] 🔒 [loop] safety: включён → запускаем runSafetyCheck
[2026-09-07 01:22:48] 🛡️ [safety] Главная луна 1:363:6: входящие=0
[2026-09-07 01:22:48] 🛡️ [safety] Атак на главную луну нет, эвакуированных флотов нет
[2026-09-07 01:22:48] 🌾 [loop] farm: выключен → пропускаем runFarmCycle
[2026-09-07 01:22:48] 🚀 [loop] expedition: выключен → пропускаем launchExpeditions
[2026-09-07 01:22:48] 📊 [tick] миссий: 10 (expedition:2 unknown:4 return:4), атаки: 0
[2026-09-07 01:24:30] 🔘 [loop] флаги: farm=OFF (Линкор), expedition=OFF (Линкор×300e9, Броненосец×3e9, Эсминец×2e9, Крейсер×7e9), safety=ON; reserveSlots=10
[2026-09-07 01:24:31] 🔒 [loop] safety: включён → запускаем runSafetyCheck
[2026-09-07 01:24:31] 🛡️ [safety] Главная луна 1:363:6: входящие=0
[2026-09-07 01:24:31] 🛡️ [safety] Атак на главную луну нет, эвакуированных флотов нет
[2026-09-07 01:24:31] 🌾 [loop] farm: выключен → пропускаем runFarmCycle
[2026-09-07 01:24:31] 🚀 [loop] expedition: выключен → пропускаем launchExpeditions
[2026-09-07 01:24:31] 📊 [tick] миссий: 10 (expedition:2 unknown:4 return:4), атаки: 0
[2026-09-07 01:26:13] 🔘 [loop] флаги: farm=OFF (Линкор), expedition=OFF (Линкор×300e9, Броненосец×3e9, Эсминец×2e9, Крейсер×7e9), safety=ON; reserveSlots=10
[2026-09-07 01:26:15] 🔒 [loop] safety: включён → запускаем runSafetyCheck
[2026-09-07 01:26:15] 🛡️ [safety] Главная луна 1:363:6: входящие=0
[2026-09-07 01:26:15] 🛡️ [safety] Атак на главную луну нет, эвакуированных флотов нет
[2026-09-07 01:26:15] 🌾 [loop] farm: выключен → пропускаем runFarmCycle
[2026-09-07 01:26:15] 🚀 [loop] expedition: выключен → пропускаем launchExpeditions
[2026-09-07 01:26:15] 📊 [tick] миссий: 10 (expedition:2 unknown:4 return:4), атаки: 0
[2026-09-07 01:28:00] 🔘 [loop] флаги: farm=OFF (Линкор), expedition=OFF (Линкор×300e9, Броненосец×3e9, Эсминец×2e9, Крейсер×7e9), safety=ON; reserveSlots=10
[2026-09-07 01:28:01] 🔒 [loop] safety: включён → запускаем runSafetyCheck
[2026-09-07 01:28:01] 🛡️ [safety] Главная луна 1:363:6: входящие=0
[2026-09-07 01:28:01] 🛡️ [safety] Атак на главную луну нет, эвакуированных флотов нет
[2026-09-07 01:28:01] 🌾 [loop] farm: выключен → пропускаем runFarmCycle
[2026-09-07 01:28:01] 🚀 [loop] expedition: выключен → пропускаем launchExpeditions
[2026-09-07 01:28:01] 📊 [tick] миссий: 10 (expedition:2 unknown:4 return:4), атаки: 0
[2026-09-07 01:29:47] 🔘 [loop] флаги: farm=OFF (Линкор), expedition=OFF (Линкор×300e9, Броненосец×3e9, Эсминец×2e9, Крейсер×7e9), safety=ON; reserveSlots=10
[2026-09-07 01:29:48] 🔒 [loop] safety: включён → запускаем runSafetyCheck
[2026-09-07 01:29:48] 🛡️ [safety] Главная луна 1:363:6: входящие=0
[2026-09-07 01:29:48] 🛡️ [safety] Атак на главную луну нет, эвакуированных флотов нет
[2026-09-07 01:29:48] 🌾 [loop] farm: выключен → пропускаем runFarmCycle
[2026-09-07 01:29:48] 🚀 [loop] expedition: выключен → пропускаем launchExpeditions
[2026-09-07 01:29:48] 📊 [tick] миссий: 10 (expedition:2 unknown:4 return:4), атаки: 0
[2026-09-07 01:31:17] 🔘 [loop] флаги: farm=OFF (Линкор), expedition=OFF (Линкор×300e9, Броненосец×3e9, Эсминец×2e9, Крейсер×7e9), safety=ON; reserveSlots=10
[2026-09-07 01:31:18] 🔒 [loop] safety: включён → запускаем runSafetyCheck
[2026-09-07 01:31:18] 🛡️ [safety] Главная луна 1:363:6: входящие=0
[2026-09-07 01:31:18] 🛡️ [safety] Атак на главную луну нет, эвакуированных флотов нет
[2026-09-07 01:31:18] 🌾 [loop] farm: выключен → пропускаем runFarmCycle
[2026-09-07 01:31:18] 🚀 [loop] expedition: выключен → пропускаем launchExpeditions
[2026-09-07 01:31:18] 📊 [tick] миссий: 10 (expedition:2 unknown:4 return:4), атаки: 0
[2026-09-07 01:32:45] 🔘 [loop] флаги: farm=OFF (Линкор), expedition=OFF (Линкор×300e9, Броненосец×3e9, Эсминец×2e9, Крейсер×7e9), safety=ON; reserveSlots=10
[2026-09-07 01:32:46] 🔒 [loop] safety: включён → запускаем runSafetyCheck
[2026-09-07 01:32:46] 🛡️ [safety] Главная луна 1:363:6: входящие=0
[2026-09-07 01:32:46] 🛡️ [safety] Атак на главную луну нет, эвакуированных флотов нет
[2026-09-07 01:32:46] 🌾 [loop] farm: выключен → пропускаем runFarmCycle
[2026-09-07 01:32:46] 🚀 [loop] expedition: выключен → пропускаем launchExpeditions
[2026-09-07 01:32:46] 📊 [tick] миссий: 10 (expedition:2 unknown:4 return:4), атаки: 0
[2026-09-07 01:34:20] 🔘 [loop] флаги: farm=OFF (Линкор), expedition=OFF (Линкор×300e9, Броненосец×3e9, Эсминец×2e9, Крейсер×7e9), safety=ON; reserveSlots=10
[2026-09-07 01:34:21] 🔒 [loop] safety: включён → запускаем runSafetyCheck
[2026-09-07 01:34:21] 🛡️ [safety] Главная луна 1:363:6: входящие=0
[2026-09-07 01:34:21] 🛡️ [safety] Атак на главную луну нет, эвакуированных флотов нет
[2026-09-07 01:34:21] 🌾 [loop] farm: выключен → пропускаем runFarmCycle
[2026-09-07 01:34:21] 🚀 [loop] expedition: выключен → пропускаем launchExpeditions
[2026-09-07 01:34:21] 📊 [tick] миссий: 10 (expedition:2 unknown:4 return:4), атаки: 0
[2026-09-07 01:36:05] 🔘 [loop] флаги: farm=OFF (Линкор), expedition=OFF (Линкор×300e9, Броненосец×3e9, Эсминец×2e9, Крейсер×7e9), safety=ON; reserveSlots=10
[2026-09-07 01:36:06] 🔒 [loop] safety: включён → запускаем runSafetyCheck
[2026-09-07 01:36:06] 🛡️ [safety] Главная луна 1:363:6: входящие=0
[2026-09-07 01:36:06] 🛡️ [safety] Атак на главную луну нет, эвакуированных флотов нет
[2026-09-07 01:36:06] 🌾 [loop] farm: выключен → пропускаем runFarmCycle
[2026-09-07 01:36:06] 🚀 [loop] expedition: выключен → пропускаем launchExpeditions
[2026-09-07 01:36:06] 📊 [tick] миссий: 10 (expedition:2 unknown:4 return:4), атаки: 0
[2026-09-07 01:37:43] 🔘 [loop] флаги: farm=OFF (Линкор), expedition=OFF (Линкор×300e9, Броненосец×3e9, Эсминец×2e9, Крейсер×7e9), safety=ON; reserveSlots=10
[2026-09-07 01:37:44] 🔒 [loop] safety: включён → запускаем runSafetyCheck
[2026-09-07 01:37:44] 🛡️ [safety] Главная луна 1:363:6: входящие=0
[2026-09-07 01:37:44] 🛡️ [safety] Атак на главную луну нет, эвакуированных флотов нет
[2026-09-07 01:37:44] 🌾 [loop] farm: выключен → пропускаем runFarmCycle
[2026-09-07 01:37:44] 🚀 [loop] expedition: выключен → пропускаем launchExpeditions
[2026-09-07 01:37:44] 📊 [tick] миссий: 10 (expedition:2 unknown:4 return:4), атаки: 0
[2026-09-07 01:39:26] 🔘 [loop] флаги: farm=OFF (Линкор), expedition=OFF (Линкор×300e9, Броненосец×3e9, Эсминец×2e9, Крейсер×7e9), safety=ON; reserveSlots=10
[2026-09-07 01:39:27] 🔒 [loop] safety: включён → запускаем runSafetyCheck
[2026-09-07 01:39:27] 🛡️ [safety] Главная луна 1:363:6: входящие=0
[2026-09-07 01:39:27] 🛡️ [safety] Атак на главную луну нет, эвакуированных флотов нет
[2026-09-07 01:39:27] 🌾 [loop] farm: выключен → пропускаем runFarmCycle
[2026-09-07 01:39:27] 🚀 [loop] expedition: выключен → пропускаем launchExpeditions
[2026-09-07 01:39:27] 📊 [tick] миссий: 10 (expedition:2 unknown:4 return:4), атаки: 0
[2026-09-07 01:41:10] 🔘 [loop] флаги: farm=OFF (Линкор), expedition=OFF (Линкор×300e9, Броненосец×3e9, Эсминец×2e9, Крейсер×7e9), safety=ON; reserveSlots=10
[2026-09-07 01:41:11] 🔒 [loop] safety: включён → запускаем runSafetyCheck
[2026-09-07 01:41:11] 🛡️ [safety] Главная луна 1:363:6: входящие=0
[2026-09-07 01:41:11] 🛡️ [safety] Атак на главную луну нет, эвакуированных флотов нет
[2026-09-07 01:41:11] 🌾 [loop] farm: выключен → пропускаем runFarmCycle
[2026-09-07 01:41:11] 🚀 [loop] expedition: выключен → пропускаем launchExpeditions
[2026-09-07 01:41:11] 📊 [tick] миссий: 10 (expedition:2 unknown:4 return:4), атаки: 0
[2026-09-07 01:42:56] 🔘 [loop] флаги: farm=OFF (Линкор), expedition=OFF (Линкор×300e9, Броненосец×3e9, Эсминец×2e9, Крейсер×7e9), safety=ON; reserveSlots=10
[2026-09-07 01:42:57] 🔒 [loop] safety: включён → запускаем runSafetyCheck
[2026-09-07 01:42:57] 🛡️ [safety] Главная луна 1:363:6: входящие=0
[2026-09-07 01:42:57] 🛡️ [safety] Атак на главную луну нет, эвакуированных флотов нет
[2026-09-07 01:42:57] 🌾 [loop] farm: выключен → пропускаем runFarmCycle
[2026-09-07 01:42:57] 🚀 [loop] expedition: выключен → пропускаем launchExpeditions
[2026-09-07 01:42:57] 📊 [tick] миссий: 10 (expedition:2 unknown:4 return:4), атаки: 0
[2026-09-07 01:44:24] 🔘 [loop] флаги: farm=OFF (Линкор), expedition=OFF (Линкор×300e9, Броненосец×3e9, Эсминец×2e9, Крейсер×7e9), safety=ON; reserveSlots=10
[2026-09-07 01:44:25] 🔒 [loop] safety: включён → запускаем runSafetyCheck
[2026-09-07 01:44:25] 🛡️ [safety] Главная луна 1:363:6: входящие=0
[2026-09-07 01:44:25] 🛡️ [safety] Атак на главную луну нет, эвакуированных флотов нет
[2026-09-07 01:44:25] 🌾 [loop] farm: выключен → пропускаем runFarmCycle
[2026-09-07 01:44:25] 🚀 [loop] expedition: выключен → пропускаем launchExpeditions
[2026-09-07 01:44:25] 📊 [tick] миссий: 10 (expedition:2 unknown:4 return:4), атаки: 0
[2026-09-07 01:46:10] 🔘 [loop] флаги: farm=OFF (Линкор), expedition=OFF (Линкор×300e9, Броненосец×3e9, Эсминец×2e9, Крейсер×7e9), safety=ON; reserveSlots=10
[2026-09-07 01:46:11] 🔒 [loop] safety: включён → запускаем runSafetyCheck
[2026-09-07 01:46:11] 🛡️ [safety] Главная луна 1:363:6: входящие=0
[2026-09-07 01:46:11] 🛡️ [safety] Атак на главную луну нет, эвакуированных флотов нет
[2026-09-07 01:46:11] 🌾 [loop] farm: выключен → пропускаем runFarmCycle
[2026-09-07 01:46:11] 🚀 [loop] expedition: выключен → пропускаем launchExpeditions
[2026-09-07 01:46:11] 📊 [tick] миссий: 10 (expedition:2 unknown:4 return:4), атаки: 0
[2026-09-07 01:47:53] 🔘 [loop] флаги: farm=OFF (Линкор), expedition=OFF (Линкор×300e9, Броненосец×3e9, Эсминец×2e9, Крейсер×7e9), safety=ON; reserveSlots=10
[2026-09-07 01:47:54] 🔒 [loop] safety: включён → запускаем runSafetyCheck
[2026-09-07 01:47:54] 🛡️ [safety] Главная луна 1:363:6: входящие=0
[2026-09-07 01:47:54] 🛡️ [safety] Атак на главную луну нет, эвакуированных флотов нет
[2026-09-07 01:47:54] 🌾 [loop] farm: выключен → пропускаем runFarmCycle
[2026-09-07 01:47:54] 🚀 [loop] expedition: выключен → пропускаем launchExpeditions
[2026-09-07 01:47:54] 📊 [tick] миссий: 10 (expedition:2 unknown:4 return:4), атаки: 0
[2026-09-07 01:49:29] 🔘 [loop] флаги: farm=OFF (Линкор), expedition=OFF (Линкор×300e9, Броненосец×3e9, Эсминец×2e9, Крейсер×7e9), safety=ON; reserveSlots=10
[2026-09-07 01:49:31] 🔒 [loop] safety: включён → запускаем runSafetyCheck
[2026-09-07 01:49:31] 🛡️ [safety] Главная луна 1:363:6: входящие=0
[2026-09-07 01:49:31] 🛡️ [safety] Атак на главную луну нет, эвакуированных флотов нет
[2026-09-07 01:49:31] 🌾 [loop] farm: выключен → пропускаем runFarmCycle
[2026-09-07 01:49:31] 🚀 [loop] expedition: выключен → пропускаем launchExpeditions
[2026-09-07 01:49:31] 📊 [tick] миссий: 10 (expedition:2 unknown:4 return:4), атаки: 0
[2026-09-07 01:51:05] 🔘 [loop] флаги: farm=OFF (Линкор), expedition=OFF (Линкор×300e9, Броненосец×3e9, Эсминец×2e9, Крейсер×7e9), safety=ON; reserveSlots=10
[2026-09-07 01:51:06] 🔒 [loop] safety: включён → запускаем runSafetyCheck
[2026-09-07 01:51:06] 🛡️ [safety] Главная луна 1:363:6: входящие=0
[2026-09-07 01:51:06] 🛡️ [safety] Атак на главную луну нет, эвакуированных флотов нет
[2026-09-07 01:51:06] 🌾 [loop] farm: выключен → пропускаем runFarmCycle
[2026-09-07 01:51:06] 🚀 [loop] expedition: выключен → пропускаем launchExpeditions
[2026-09-07 01:51:06] 📊 [tick] миссий: 10 (expedition:2 unknown:4 return:4), атаки: 0
[2026-09-07 01:52:41] 🔘 [loop] флаги: farm=OFF (Линкор), expedition=OFF (Линкор×300e9, Броненосец×3e9, Эсминец×2e9, Крейсер×7e9), safety=ON; reserveSlots=10
[2026-09-07 01:52:42] 🔒 [loop] safety: включён → запускаем runSafetyCheck
[2026-09-07 01:52:42] 🛡️ [safety] Главная луна 1:363:6: входящие=0
[2026-09-07 01:52:42] 🛡️ [safety] Атак на главную луну нет, эвакуированных флотов нет
[2026-09-07 01:52:42] 🌾 [loop] farm: выключен → пропускаем runFarmCycle
[2026-09-07 01:52:42] 🚀 [loop] expedition: выключен → пропускаем launchExpeditions
[2026-09-07 01:52:42] 📊 [tick] миссий: 10 (expedition:2 unknown:4 return:4), атаки: 0
[2026-09-07 01:54:23] 🔘 [loop] флаги: farm=OFF (Линкор), expedition=OFF (Линкор×300e9, Броненосец×3e9, Эсминец×2e9, Крейсер×7e9), safety=ON; reserveSlots=10
[2026-09-07 01:54:24] 🔒 [loop] safety: включён → запускаем runSafetyCheck
[2026-09-07 01:54:24] 🛡️ [safety] Главная луна 1:363:6: входящие=0
[2026-09-07 01:54:24] 🛡️ [safety] Атак на главную луну нет, эвакуированных флотов нет
[2026-09-07 01:54:24] 🌾 [loop] farm: выключен → пропускаем runFarmCycle
[2026-09-07 01:54:24] 🚀 [loop] expedition: выключен → пропускаем launchExpeditions
[2026-09-07 01:54:24] 📊 [tick] миссий: 10 (expedition:2 unknown:4 return:4), атаки: 0
[2026-09-07 01:55:51] 🔘 [loop] флаги: farm=OFF (Линкор), expedition=OFF (Линкор×300e9, Броненосец×3e9, Эсминец×2e9, Крейсер×7e9), safety=ON; reserveSlots=10
[2026-09-07 01:55:52] 🔒 [loop] safety: включён → запускаем runSafetyCheck
[2026-09-07 01:55:52] 🛡️ [safety] Главная луна 1:363:6: входящие=0
[2026-09-07 01:55:52] 🛡️ [safety] Атак на главную луну нет, эвакуированных флотов нет
[2026-09-07 01:55:52] 🌾 [loop] farm: выключен → пропускаем runFarmCycle
[2026-09-07 01:55:52] 🚀 [loop] expedition: выключен → пропускаем launchExpeditions
[2026-09-07 01:55:52] 📊 [tick] миссий: 10 (expedition:2 unknown:4 return:4), атаки: 0
[2026-09-07 01:57:28] 🔘 [loop] флаги: farm=OFF (Линкор), expedition=OFF (Линкор×300e9, Броненосец×3e9, Эсминец×2e9, Крейсер×7e9), safety=ON; reserveSlots=10
[2026-09-07 01:57:29] 🔒 [loop] safety: включён → запускаем runSafetyCheck
[2026-09-07 01:57:29] 🛡️ [safety] Главная луна 1:363:6: входящие=0
[2026-09-07 01:57:29] 🛡️ [safety] Атак на главную луну нет, эвакуированных флотов нет
[2026-09-07 01:57:29] 🌾 [loop] farm: выключен → пропускаем runFarmCycle
[2026-09-07 01:57:29] 🚀 [loop] expedition: выключен → пропускаем launchExpeditions
[2026-09-07 01:57:29] 📊 [tick] миссий: 10 (expedition:2 unknown:4 return:4), атаки: 0
[2026-09-07 01:59:03] 🔘 [loop] флаги: farm=OFF (Линкор), expedition=OFF (Линкор×300e9, Броненосец×3e9, Эсминец×2e9, Крейсер×7e9), safety=ON; reserveSlots=10
[2026-09-07 01:59:04] 🔒 [loop] safety: включён → запускаем runSafetyCheck
[2026-09-07 01:59:04] 🛡️ [safety] Главная луна 1:363:6: входящие=0
[2026-09-07 01:59:04] 🛡️ [safety] Атак на главную луну нет, эвакуированных флотов нет
[2026-09-07 01:59:04] 🌾 [loop] farm: выключен → пропускаем runFarmCycle
[2026-09-07 01:59:04] 🚀 [loop] expedition: выключен → пропускаем launchExpeditions
[2026-09-07 01:59:04] 📊 [tick] миссий: 10 (expedition:2 unknown:4 return:4), атаки: 0
[2026-09-07 02:00:38] 🔘 [loop] флаги: farm=OFF (Линкор), expedition=OFF (Линкор×300e9, Броненосец×3e9, Эсминец×2e9, Крейсер×7e9), safety=ON; reserveSlots=10
[2026-09-07 02:00:39] 🔒 [loop] safety: включён → запускаем runSafetyCheck
[2026-09-07 02:00:39] 🛡️ [safety] Главная луна 1:363:6: входящие=0
[2026-09-07 02:00:39] 🛡️ [safety] Атак на главную луну нет, эвакуированных флотов нет
[2026-09-07 02:00:39] 🌾 [loop] farm: выключен → пропускаем runFarmCycle
[2026-09-07 02:00:39] 🚀 [loop] expedition: выключен → пропускаем launchExpeditions
[2026-09-07 02:00:39] 📊 [tick] миссий: 10 (expedition:2 unknown:4 return:4), атаки: 0
[2026-09-07 02:02:20] 🔘 [loop] флаги: farm=OFF (Линкор), expedition=OFF (Линкор×300e9, Броненосец×3e9, Эсминец×2e9, Крейсер×7e9), safety=ON; reserveSlots=10
[2026-09-07 02:02:21] 🔒 [loop] safety: включён → запускаем runSafetyCheck
[2026-09-07 02:02:21] 🛡️ [safety] Главная луна 1:363:6: входящие=0
[2026-09-07 02:02:21] 🛡️ [safety] Атак на главную луну нет, эвакуированных флотов нет
[2026-09-07 02:02:21] 🌾 [loop] farm: выключен → пропускаем runFarmCycle
[2026-09-07 02:02:21] 🚀 [loop] expedition: выключен → пропускаем launchExpeditions
[2026-09-07 02:02:21] 📊 [tick] миссий: 10 (expedition:2 unknown:4 return:4), атаки: 0
[2026-09-07 02:04:03] 🔘 [loop] флаги: farm=OFF (Линкор), expedition=OFF (Линкор×300e9, Броненосец×3e9, Эсминец×2e9, Крейсер×7e9), safety=ON; reserveSlots=10
[2026-09-07 02:04:05] 🔒 [loop] safety: включён → запускаем runSafetyCheck
[2026-09-07 02:04:05] 🛡️ [safety] Главная луна 1:363:6: входящие=0
[2026-09-07 02:04:05] 🛡️ [safety] Атак на главную луну нет, эвакуированных флотов нет
[2026-09-07 02:04:05] 🌾 [loop] farm: выключен → пропускаем runFarmCycle
[2026-09-07 02:04:05] 🚀 [loop] expedition: выключен → пропускаем launchExpeditions
[2026-09-07 02:04:05] 📊 [tick] миссий: 10 (expedition:2 unknown:4 return:4), атаки: 0
[2026-09-07 02:05:48] 🔘 [loop] флаги: farm=OFF (Линкор), expedition=OFF (Линкор×300e9, Броненосец×3e9, Эсминец×2e9, Крейсер×7e9), safety=ON; reserveSlots=10
[2026-09-07 02:05:54] 🔒 [loop] safety: включён → запускаем runSafetyCheck
[2026-09-07 02:05:54] 🛡️ [safety] Главная луна 1:363:6: входящие=0
[2026-09-07 02:05:54] 🛡️ [safety] Атак на главную луну нет, эвакуированных флотов нет
[2026-09-07 02:05:54] 🌾 [loop] farm: выключен → пропускаем runFarmCycle
[2026-09-07 02:05:54] 🚀 [loop] expedition: выключен → пропускаем launchExpeditions
[2026-09-07 02:05:54] 📊 [tick] миссий: 10 (expedition:2 unknown:4 return:4), атаки: 0
[2026-09-07 02:07:33] 🔘 [loop] флаги: farm=OFF (Линкор), expedition=OFF (Линкор×300e9, Броненосец×3e9, Эсминец×2e9, Крейсер×7e9), safety=ON; reserveSlots=10
[2026-09-07 02:07:34] 🔒 [loop] safety: включён → запускаем runSafetyCheck
[2026-09-07 02:07:34] 🛡️ [safety] Главная луна 1:363:6: входящие=0
[2026-09-07 02:07:34] 🛡️ [safety] Атак на главную луну нет, эвакуированных флотов нет
[2026-09-07 02:07:34] 🌾 [loop] farm: выключен → пропускаем runFarmCycle
[2026-09-07 02:07:34] 🚀 [loop] expedition: выключен → пропускаем launchExpeditions
[2026-09-07 02:07:34] 📊 [tick] миссий: 10 (expedition:2 unknown:4 return:4), атаки: 0
[2026-09-07 02:09:15] 🔘 [loop] флаги: farm=OFF (Линкор), expedition=OFF (Линкор×300e9, Броненосец×3e9, Эсминец×2e9, Крейсер×7e9), safety=ON; reserveSlots=10
[2026-09-07 02:09:16] 🔒 [loop] safety: включён → запускаем runSafetyCheck
[2026-09-07 02:09:16] 🛡️ [safety] Главная луна 1:363:6: входящие=0
[2026-09-07 02:09:16] 🛡️ [safety] Атак на главную луну нет, эвакуированных флотов нет
[2026-09-07 02:09:16] 🌾 [loop] farm: выключен → пропускаем runFarmCycle
[2026-09-07 02:09:16] 🚀 [loop] expedition: выключен → пропускаем launchExpeditions
[2026-09-07 02:09:16] 📊 [tick] миссий: 10 (expedition:2 unknown:4 return:4), атаки: 0
[2026-09-07 02:10:55] 🔘 [loop] флаги: farm=OFF (Линкор), expedition=OFF (Линкор×300e9, Броненосец×3e9, Эсминец×2e9, Крейсер×7e9), safety=ON; reserveSlots=10
[2026-09-07 02:10:56] 🔒 [loop] safety: включён → запускаем runSafetyCheck
[2026-09-07 02:10:56] 🛡️ [safety] Главная луна 1:363:6: входящие=0
[2026-09-07 02:10:56] 🛡️ [safety] Атак на главную луну нет, эвакуированных флотов нет
[2026-09-07 02:10:56] 🌾 [loop] farm: выключен → пропускаем runFarmCycle
[2026-09-07 02:10:56] 🚀 [loop] expedition: выключен → пропускаем launchExpeditions
[2026-09-07 02:10:56] 📊 [tick] миссий: 10 (expedition:2 unknown:4 return:4), атаки: 0
[2026-09-07 02:12:37] 🔘 [loop] флаги: farm=OFF (Линкор), expedition=OFF (Линкор×300e9, Броненосец×3e9, Эсминец×2e9, Крейсер×7e9), safety=ON; reserveSlots=10
[2026-09-07 02:12:38] 🔒 [loop] safety: включён → запускаем runSafetyCheck
[2026-09-07 02:12:38] 🛡️ [safety] Главная луна 1:363:6: входящие=0
[2026-09-07 02:12:38] 🛡️ [safety] Атак на главную луну нет, эвакуированных флотов нет
[2026-09-07 02:12:38] 🌾 [loop] farm: выключен → пропускаем runFarmCycle
[2026-09-07 02:12:38] 🚀 [loop] expedition: выключен → пропускаем launchExpeditions
[2026-09-07 02:12:38] 📊 [tick] миссий: 10 (expedition:2 unknown:4 return:4), атаки: 0
[2026-09-07 02:14:15] 🔘 [loop] флаги: farm=OFF (Линкор), expedition=OFF (Линкор×300e9, Броненосец×3e9, Эсминец×2e9, Крейсер×7e9), safety=ON; reserveSlots=10
[2026-09-07 02:14:16] 🔒 [loop] safety: включён → запускаем runSafetyCheck
[2026-09-07 02:14:16] 🛡️ [safety] Главная луна 1:363:6: входящие=0
[2026-09-07 02:14:16] 🛡️ [safety] Атак на главную луну нет, эвакуированных флотов нет
[2026-09-07 02:14:16] 🌾 [loop] farm: выключен → пропускаем runFarmCycle
[2026-09-07 02:14:16] 🚀 [loop] expedition: выключен → пропускаем launchExpeditions
[2026-09-07 02:14:16] 📊 [tick] миссий: 10 (expedition:2 unknown:4 return:4), атаки: 0
[2026-09-07 02:15:49] 🔘 [loop] флаги: farm=OFF (Линкор), expedition=OFF (Линкор×300e9, Броненосец×3e9, Эсминец×2e9, Крейсер×7e9), safety=ON; reserveSlots=10
[2026-09-07 02:15:49] 🔒 [loop] safety: включён → запускаем runSafetyCheck
[2026-09-07 02:15:49] 🛡️ [safety] Главная луна 1:363:6: входящие=0
[2026-09-07 02:15:49] 🛡️ [safety] Атак на главную луну нет, эвакуированных флотов нет
[2026-09-07 02:15:49] 🌾 [loop] farm: выключен → пропускаем runFarmCycle
[2026-09-07 02:15:49] 🚀 [loop] expedition: выключен → пропускаем launchExpeditions
[2026-09-07 02:15:49] 📊 [tick] миссий: 10 (expedition:2 unknown:4 return:4), атаки: 0
[2026-09-07 02:17:35] 🔘 [loop] флаги: farm=OFF (Линкор), expedition=OFF (Линкор×300e9, Броненосец×3e9, Эсминец×2e9, Крейсер×7e9), safety=ON; reserveSlots=10
[2026-09-07 02:17:36] 🔒 [loop] safety: включён → запускаем runSafetyCheck
[2026-09-07 02:17:36] 🛡️ [safety] Главная луна 1:363:6: входящие=0
[2026-09-07 02:17:36] 🛡️ [safety] Атак на главную луну нет, эвакуированных флотов нет
[2026-09-07 02:17:36] 🌾 [loop] farm: выключен → пропускаем runFarmCycle
[2026-09-07 02:17:36] 🚀 [loop] expedition: выключен → пропускаем launchExpeditions
[2026-09-07 02:17:36] 📊 [tick] миссий: 10 (expedition:2 unknown:4 return:4), атаки: 0
[2026-09-07 02:19:16] 🔘 [loop] флаги: farm=OFF (Линкор), expedition=OFF (Линкор×300e9, Броненосец×3e9, Эсминец×2e9, Крейсер×7e9), safety=ON; reserveSlots=10
[2026-09-07 02:19:18] 🔒 [loop] safety: включён → запускаем runSafetyCheck
[2026-09-07 02:19:18] 🛡️ [safety] Главная луна 1:363:6: входящие=0
[2026-09-07 02:19:18] 🛡️ [safety] Атак на главную луну нет, эвакуированных флотов нет
[2026-09-07 02:19:18] 🌾 [loop] farm: выключен → пропускаем runFarmCycle
[2026-09-07 02:19:18] 🚀 [loop] expedition: выключен → пропускаем launchExpeditions
[2026-09-07 02:19:18] 📊 [tick] миссий: 10 (expedition:2 unknown:4 return:4), атаки: 0
[2026-09-07 02:20:57] 🔘 [loop] флаги: farm=OFF (Линкор), expedition=OFF (Линкор×300e9, Броненосец×3e9, Эсминец×2e9, Крейсер×7e9), safety=ON; reserveSlots=10
[2026-09-07 02:20:58] 🔒 [loop] safety: включён → запускаем runSafetyCheck
[2026-09-07 02:20:58] 🛡️ [safety] Главная луна 1:363:6: входящие=0
[2026-09-07 02:20:58] 🛡️ [safety] Атак на главную луну нет, эвакуированных флотов нет
[2026-09-07 02:20:58] 🌾 [loop] farm: выключен → пропускаем runFarmCycle
[2026-09-07 02:20:58] 🚀 [loop] expedition: выключен → пропускаем launchExpeditions
[2026-09-07 02:20:58] 📊 [tick] миссий: 10 (expedition:2 unknown:4 return:4), атаки: 0
[2026-09-07 02:22:43] 🔘 [loop] флаги: farm=OFF (Линкор), expedition=OFF (Линкор×300e9, Броненосец×3e9, Эсминец×2e9, Крейсер×7e9), safety=ON; reserveSlots=10
[2026-09-07 02:22:45] 🔒 [loop] safety: включён → запускаем runSafetyCheck
[2026-09-07 02:22:45] 🛡️ [safety] Главная луна 1:363:6: входящие=0
[2026-09-07 02:22:45] 🛡️ [safety] Атак на главную луну нет, эвакуированных флотов нет
[2026-09-07 02:22:45] 🌾 [loop] farm: выключен → пропускаем runFarmCycle
[2026-09-07 02:22:45] 🚀 [loop] expedition: выключен → пропускаем launchExpeditions
[2026-09-07 02:22:45] 📊 [tick] миссий: 10 (expedition:2 unknown:4 return:4), атаки: 0
[2026-09-07 02:24:14] 🔘 [loop] флаги: farm=OFF (Линкор), expedition=OFF (Линкор×300e9, Броненосец×3e9, Эсминец×2e9, Крейсер×7e9), safety=ON; reserveSlots=10
[2026-09-07 02:24:14] 🔒 [loop] safety: включён → запускаем runSafetyCheck
[2026-09-07 02:24:14] 🛡️ [safety] Главная луна 1:363:6: входящие=0
[2026-09-07 02:24:14] 🛡️ [safety] Атак на главную луну нет, эвакуированных флотов нет
[2026-09-07 02:24:14] 🌾 [loop] farm: выключен → пропускаем runFarmCycle
[2026-09-07 02:24:14] 🚀 [loop] expedition: выключен → пропускаем launchExpeditions
[2026-09-07 02:24:14] 📊 [tick] миссий: 10 (expedition:2 unknown:4 return:4), атаки: 0
[2026-09-07 02:25:57] 🔘 [loop] флаги: farm=OFF (Линкор), expedition=OFF (Линкор×300e9, Броненосец×3e9, Эсминец×2e9, Крейсер×7e9), safety=ON; reserveSlots=10
[2026-09-07 02:25:58] 🔒 [loop] safety: включён → запускаем runSafetyCheck
[2026-09-07 02:25:58] 🛡️ [safety] Главная луна 1:363:6: входящие=0
[2026-09-07 02:25:58] 🛡️ [safety] Атак на главную луну нет, эвакуированных флотов нет
[2026-09-07 02:25:58] 🌾 [loop] farm: выключен → пропускаем runFarmCycle
[2026-09-07 02:25:58] 🚀 [loop] expedition: выключен → пропускаем launchExpeditions
[2026-09-07 02:25:58] 📊 [tick] миссий: 10 (expedition:2 unknown:4 return:4), атаки: 0
[2026-09-07 02:27:35] 🔘 [loop] флаги: farm=OFF (Линкор), expedition=OFF (Линкор×300e9, Броненосец×3e9, Эсминец×2e9, Крейсер×7e9), safety=ON; reserveSlots=10
[2026-09-07 02:27:36] 🔒 [loop] safety: включён → запускаем runSafetyCheck
[2026-09-07 02:27:36] 🛡️ [safety] Главная луна 1:363:6: входящие=0
[2026-09-07 02:27:36] 🛡️ [safety] Атак на главную луну нет, эвакуированных флотов нет
[2026-09-07 02:27:36] 🌾 [loop] farm: выключен → пропускаем runFarmCycle
[2026-09-07 02:27:36] 🚀 [loop] expedition: выключен → пропускаем launchExpeditions
[2026-09-07 02:27:36] 📊 [tick] миссий: 10 (expedition:2 unknown:4 return:4), атаки: 0
[2026-09-07 02:29:05] 🔘 [loop] флаги: farm=OFF (Линкор), expedition=OFF (Линкор×300e9, Броненосец×3e9, Эсминец×2e9, Крейсер×7e9), safety=ON; reserveSlots=10
[2026-09-07 02:29:06] 🔒 [loop] safety: включён → запускаем runSafetyCheck
[2026-09-07 02:29:06] 🛡️ [safety] Главная луна 1:363:6: входящие=0
[2026-09-07 02:29:06] 🛡️ [safety] Атак на главную луну нет, эвакуированных флотов нет
[2026-09-07 02:29:06] 🌾 [loop] farm: выключен → пропускаем runFarmCycle
[2026-09-07 02:29:06] 🚀 [loop] expedition: выключен → пропускаем launchExpeditions
[2026-09-07 02:29:06] 📊 [tick] миссий: 10 (expedition:2 unknown:4 return:4), атаки: 0
[2026-09-07 02:30:43] 🔘 [loop] флаги: farm=OFF (Линкор), expedition=OFF (Линкор×300e9, Броненосец×3e9, Эсминец×2e9, Крейсер×7e9), safety=ON; reserveSlots=10
[2026-09-07 02:30:44] 🔒 [loop] safety: включён → запускаем runSafetyCheck
[2026-09-07 02:30:44] 🛡️ [safety] Главная луна 1:363:6: входящие=0
[2026-09-07 02:30:44] 🛡️ [safety] Атак на главную луну нет, эвакуированных флотов нет
[2026-09-07 02:30:44] 🌾 [loop] farm: выключен → пропускаем runFarmCycle
[2026-09-07 02:30:44] 🚀 [loop] expedition: выключен → пропускаем launchExpeditions
[2026-09-07 02:30:44] 📊 [tick] миссий: 11 (expedition:2 return:5 unknown:4), атаки: 0
[2026-09-07 02:32:26] 🔘 [loop] флаги: farm=OFF (Линкор), expedition=OFF (Линкор×300e9, Броненосец×3e9, Эсминец×2e9, Крейсер×7e9), safety=ON; reserveSlots=10
[2026-09-07 02:32:27] 🔒 [loop] safety: включён → запускаем runSafetyCheck
[2026-09-07 02:32:27] 🛡️ [safety] Главная луна 1:363:6: входящие=0
[2026-09-07 02:32:27] 🛡️ [safety] Атак на главную луну нет, эвакуированных флотов нет
[2026-09-07 02:32:27] 🌾 [loop] farm: выключен → пропускаем runFarmCycle
[2026-09-07 02:32:27] 🚀 [loop] expedition: выключен → пропускаем launchExpeditions
[2026-09-07 02:32:27] 📊 [tick] миссий: 11 (expedition:2 return:5 unknown:4), атаки: 0
[2026-09-07 02:34:06] 🔘 [loop] флаги: farm=OFF (Линкор), expedition=OFF (Линкор×300e9, Броненосец×3e9, Эсминец×2e9, Крейсер×7e9), safety=ON; reserveSlots=10
[2026-09-07 02:34:07] 🔒 [loop] safety: включён → запускаем runSafetyCheck
[2026-09-07 02:34:07] 🛡️ [safety] Главная луна 1:363:6: входящие=0
[2026-09-07 02:34:07] 🛡️ [safety] Атак на главную луну нет, эвакуированных флотов нет
[2026-09-07 02:34:07] 🌾 [loop] farm: выключен → пропускаем runFarmCycle
[2026-09-07 02:34:07] 🚀 [loop] expedition: выключен → пропускаем launchExpeditions
[2026-09-07 02:34:07] 📊 [tick] миссий: 11 (expedition:2 return:5 unknown:4), атаки: 0
[2026-09-07 02:35:42] 🔘 [loop] флаги: farm=OFF (Линкор), expedition=OFF (Линкор×300e9, Броненосец×3e9, Эсминец×2e9, Крейсер×7e9), safety=ON; reserveSlots=10
[2026-09-07 02:35:44] 🔒 [loop] safety: включён → запускаем runSafetyCheck
[2026-09-07 02:35:44] 🛡️ [safety] Главная луна 1:363:6: входящие=0
[2026-09-07 02:35:44] 🛡️ [safety] Атак на главную луну нет, эвакуированных флотов нет
[2026-09-07 02:35:44] 🌾 [loop] farm: выключен → пропускаем runFarmCycle
[2026-09-07 02:35:44] 🚀 [loop] expedition: выключен → пропускаем launchExpeditions
[2026-09-07 02:35:44] 📊 [tick] миссий: 11 (expedition:2 return:5 unknown:4), атаки: 0
[2026-09-07 02:37:26] 🔘 [loop] флаги: farm=OFF (Линкор), expedition=OFF (Линкор×300e9, Броненосец×3e9, Эсминец×2e9, Крейсер×7e9), safety=ON; reserveSlots=10
[2026-09-07 02:37:32] 🔒 [loop] safety: включён → запускаем runSafetyCheck
[2026-09-07 02:37:32] 🛡️ [safety] Главная луна 1:363:6: входящие=0
[2026-09-07 02:37:32] 🛡️ [safety] Атак на главную луну нет, эвакуированных флотов нет
[2026-09-07 02:37:32] 🌾 [loop] farm: выключен → пропускаем runFarmCycle
[2026-09-07 02:37:32] 🚀 [loop] expedition: выключен → пропускаем launchExpeditions
[2026-09-07 02:37:32] 📊 [tick] миссий: 11 (expedition:2 return:5 unknown:4), атаки: 0
[2026-09-07 02:38:59] 🔘 [loop] флаги: farm=OFF (Линкор), expedition=OFF (Линкор×300e9, Броненосец×3e9, Эсминец×2e9, Крейсер×7e9), safety=ON; reserveSlots=10
[2026-09-07 02:39:00] 🔒 [loop] safety: включён → запускаем runSafetyCheck
[2026-09-07 02:39:00] 🛡️ [safety] Главная луна 1:363:6: входящие=0
[2026-09-07 02:39:00] 🛡️ [safety] Атак на главную луну нет, эвакуированных флотов нет
[2026-09-07 02:39:00] 🌾 [loop] farm: выключен → пропускаем runFarmCycle
[2026-09-07 02:39:00] 🚀 [loop] expedition: выключен → пропускаем launchExpeditions
[2026-09-07 02:39:00] 📊 [tick] миссий: 11 (expedition:2 return:5 unknown:4), атаки: 0
[2026-09-07 02:40:39] 🔘 [loop] флаги: farm=OFF (Линкор), expedition=OFF (Линкор×300e9, Броненосец×3e9, Эсминец×2e9, Крейсер×7e9), safety=ON; reserveSlots=10
[2026-09-07 02:40:40] 🔒 [loop] safety: включён → запускаем runSafetyCheck
[2026-09-07 02:40:40] 🛡️ [safety] Главная луна 1:363:6: входящие=0
[2026-09-07 02:40:40] 🛡️ [safety] Атак на главную луну нет, эвакуированных флотов нет
[2026-09-07 02:40:40] 🌾 [loop] farm: выключен → пропускаем runFarmCycle
[2026-09-07 02:40:40] 🚀 [loop] expedition: выключен → пропускаем launchExpeditions
[2026-09-07 02:40:40] 📊 [tick] миссий: 11 (expedition:2 return:5 unknown:4), атаки: 0
[2026-09-07 02:42:13] 🔘 [loop] флаги: farm=OFF (Линкор), expedition=OFF (Линкор×300e9, Броненосец×3e9, Эсминец×2e9, Крейсер×7e9), safety=ON; reserveSlots=10
[2026-09-07 02:42:14] 🔒 [loop] safety: включён → запускаем runSafetyCheck
[2026-09-07 02:42:14] 🛡️ [safety] Главная луна 1:363:6: входящие=0
[2026-09-07 02:42:14] 🛡️ [safety] Атак на главную луну нет, эвакуированных флотов нет
[2026-09-07 02:42:14] 🌾 [loop] farm: выключен → пропускаем runFarmCycle
[2026-09-07 02:42:14] 🚀 [loop] expedition: выключен → пропускаем launchExpeditions
[2026-09-07 02:42:14] 📊 [tick] миссий: 11 (expedition:2 return:5 unknown:4), атаки: 0
[2026-09-07 02:43:58] 🔘 [loop] флаги: farm=OFF (Линкор), expedition=OFF (Линкор×300e9, Броненосец×3e9, Эсминец×2e9, Крейсер×7e9), safety=ON; reserveSlots=10
[2026-09-07 02:43:58] 🔒 [loop] safety: включён → запускаем runSafetyCheck
[2026-09-07 02:43:58] 🛡️ [safety] Главная луна 1:363:6: входящие=0
[2026-09-07 02:43:58] 🛡️ [safety] Атак на главную луну нет, эвакуированных флотов нет
[2026-09-07 02:43:58] 🌾 [loop] farm: выключен → пропускаем runFarmCycle
[2026-09-07 02:43:58] 🚀 [loop] expedition: выключен → пропускаем launchExpeditions
[2026-09-07 02:43:58] 📊 [tick] миссий: 10 (expedition:1 return:5 unknown:4), атаки: 0
[2026-09-07 02:45:33] 🔘 [loop] флаги: farm=OFF (Линкор), expedition=OFF (Линкор×300e9, Броненосец×3e9, Эсминец×2e9, Крейсер×7e9), safety=ON; reserveSlots=10
[2026-09-07 02:45:34] 🔒 [loop] safety: включён → запускаем runSafetyCheck
[2026-09-07 02:45:34] 🛡️ [safety] Главная луна 1:363:6: входящие=0
[2026-09-07 02:45:34] 🛡️ [safety] Атак на главную луну нет, эвакуированных флотов нет
[2026-09-07 02:45:34] 🌾 [loop] farm: выключен → пропускаем runFarmCycle
[2026-09-07 02:45:34] 🚀 [loop] expedition: выключен → пропускаем launchExpeditions
[2026-09-07 02:45:34] 📊 [tick] миссий: 12 (expedition:3 return:5 unknown:4), атаки: 0
[2026-09-07 02:47:03] 🔘 [loop] флаги: farm=OFF (Линкор), expedition=OFF (Линкор×300e9, Броненосец×3e9, Эсминец×2e9, Крейсер×7e9), safety=ON; reserveSlots=10
[2026-09-07 02:47:04] 🔒 [loop] safety: включён → запускаем runSafetyCheck
[2026-09-07 02:47:04] 🛡️ [safety] Главная луна 1:363:6: входящие=0
[2026-09-07 02:47:04] 🛡️ [safety] Атак на главную луну нет, эвакуированных флотов нет
[2026-09-07 02:47:04] 🌾 [loop] farm: выключен → пропускаем runFarmCycle
[2026-09-07 02:47:04] 🚀 [loop] expedition: выключен → пропускаем launchExpeditions
[2026-09-07 02:47:04] 📊 [tick] миссий: 12 (return:5 expedition:3 unknown:4), атаки: 0
[2026-09-07 02:48:45] 🔘 [loop] флаги: farm=OFF (Линкор), expedition=OFF (Линкор×300e9, Броненосец×3e9, Эсминец×2e9, Крейсер×7e9), safety=ON; reserveSlots=10
[2026-09-07 02:48:46] 🔒 [loop] safety: включён → запускаем runSafetyCheck
[2026-09-07 02:48:46] 🛡️ [safety] Главная луна 1:363:6: входящие=0
[2026-09-07 02:48:46] 🛡️ [safety] Атак на главную луну нет, эвакуированных флотов нет
[2026-09-07 02:48:46] 🌾 [loop] farm: выключен → пропускаем runFarmCycle
[2026-09-07 02:48:46] 🚀 [loop] expedition: выключен → пропускаем launchExpeditions
[2026-09-07 02:48:46] 📊 [tick] миссий: 12 (return:5 expedition:3 unknown:4), атаки: 0
[2026-09-07 02:50:17] 🔘 [loop] флаги: farm=OFF (Линкор), expedition=OFF (Линкор×300e9, Броненосец×3e9, Эсминец×2e9, Крейсер×7e9), safety=ON; reserveSlots=10
[2026-09-07 02:50:19] 🔒 [loop] safety: включён → запускаем runSafetyCheck
[2026-09-07 02:50:19] 🛡️ [safety] Главная луна 1:363:6: входящие=0
[2026-09-07 02:50:19] 🛡️ [safety] Атак на главную луну нет, эвакуированных флотов нет
[2026-09-07 02:50:19] 🌾 [loop] farm: выключен → пропускаем runFarmCycle
[2026-09-07 02:50:19] 🚀 [loop] expedition: выключен → пропускаем launchExpeditions
[2026-09-07 02:50:19] 📊 [tick] миссий: 12 (return:5 expedition:3 unknown:4), атаки: 0
[2026-09-07 02:51:48] 🔘 [loop] флаги: farm=OFF (Линкор), expedition=OFF (Линкор×300e9, Броненосец×3e9, Эсминец×2e9, Крейсер×7e9), safety=ON; reserveSlots=10
[2026-09-07 02:51:49] 🔒 [loop] safety: включён → запускаем runSafetyCheck
[2026-09-07 02:51:49] 🛡️ [safety] Главная луна 1:363:6: входящие=0
[2026-09-07 02:51:49] 🛡️ [safety] Атак на главную луну нет, эвакуированных флотов нет
[2026-09-07 02:51:49] 🌾 [loop] farm: выключен → пропускаем runFarmCycle
[2026-09-07 02:51:49] 🚀 [loop] expedition: выключен → пропускаем launchExpeditions
[2026-09-07 02:51:49] 📊 [tick] миссий: 12 (return:5 expedition:3 unknown:4), атаки: 0
[2026-09-07 02:53:21] 🔘 [loop] флаги: farm=OFF (Линкор), expedition=OFF (Линкор×300e9, Броненосец×3e9, Эсминец×2e9, Крейсер×7e9), safety=ON; reserveSlots=10
[2026-09-07 02:53:22] 🔒 [loop] safety: включён → запускаем runSafetyCheck
[2026-09-07 02:53:22] 🛡️ [safety] Главная луна 1:363:6: входящие=0
[2026-09-07 02:53:22] 🛡️ [safety] Атак на главную луну нет, эвакуированных флотов нет
[2026-09-07 02:53:22] 🌾 [loop] farm: выключен → пропускаем runFarmCycle
[2026-09-07 02:53:22] 🚀 [loop] expedition: выключен → пропускаем launchExpeditions
[2026-09-07 02:53:22] 📊 [tick] миссий: 12 (return:5 expedition:3 unknown:4), атаки: 0
[2026-09-07 02:55:01] 🔘 [loop] флаги: farm=OFF (Линкор), expedition=OFF (Линкор×300e9, Броненосец×3e9, Эсминец×2e9, Крейсер×7e9), safety=ON; reserveSlots=10
[2026-09-07 02:55:02] 🔒 [loop] safety: включён → запускаем runSafetyCheck
[2026-09-07 02:55:02] 🛡️ [safety] Главная луна 1:363:6: входящие=0
[2026-09-07 02:55:02] 🛡️ [safety] Атак на главную луну нет, эвакуированных флотов нет
[2026-09-07 02:55:02] 🌾 [loop] farm: выключен → пропускаем runFarmCycle
[2026-09-07 02:55:02] 🚀 [loop] expedition: выключен → пропускаем launchExpeditions
[2026-09-07 02:55:02] 📊 [tick] миссий: 12 (return:5 expedition:3 unknown:4), атаки: 0
[2026-09-07 02:56:31] 🔘 [loop] флаги: farm=OFF (Линкор), expedition=OFF (Линкор×300e9, Броненосец×3e9, Эсминец×2e9, Крейсер×7e9), safety=ON; reserveSlots=10
[2026-09-07 02:56:32] 🔒 [loop] safety: включён → запускаем runSafetyCheck
[2026-09-07 02:56:32] 🛡️ [safety] Главная луна 1:363:6: входящие=0
[2026-09-07 02:56:32] 🛡️ [safety] Атак на главную луну нет, эвакуированных флотов нет
[2026-09-07 02:56:32] 🌾 [loop] farm: выключен → пропускаем runFarmCycle
[2026-09-07 02:56:32] 🚀 [loop] expedition: выключен → пропускаем launchExpeditions
[2026-09-07 02:56:32] 📊 [tick] миссий: 12 (return:5 expedition:3 unknown:4), атаки: 0
[2026-09-07 02:58:15] 🔘 [loop] флаги: farm=OFF (Линкор), expedition=OFF (Линкор×300e9, Броненосец×3e9, Эсминец×2e9, Крейсер×7e9), safety=ON; reserveSlots=10
[2026-09-07 02:58:16] 🔒 [loop] safety: включён → запускаем runSafetyCheck
[2026-09-07 02:58:16] 🛡️ [safety] Главная луна 1:363:6: входящие=0
[2026-09-07 02:58:16] 🛡️ [safety] Атак на главную луну нет, эвакуированных флотов нет
[2026-09-07 02:58:16] 🌾 [loop] farm: выключен → пропускаем runFarmCycle
[2026-09-07 02:58:16] 🚀 [loop] expedition: выключен → пропускаем launchExpeditions
[2026-09-07 02:58:16] 📊 [tick] миссий: 12 (return:5 expedition:3 unknown:4), атаки: 0
[2026-09-07 02:59:56] 🔘 [loop] флаги: farm=OFF (Линкор), expedition=OFF (Линкор×300e9, Броненосец×3e9, Эсминец×2e9, Крейсер×7e9), safety=ON; reserveSlots=10
[2026-09-07 02:59:57] 🔒 [loop] safety: включён → запускаем runSafetyCheck
[2026-09-07 02:59:57] 🛡️ [safety] Главная луна 1:363:6: входящие=0
[2026-09-07 02:59:57] 🛡️ [safety] Атак на главную луну нет, эвакуированных флотов нет
[2026-09-07 02:59:57] 🌾 [loop] farm: выключен → пропускаем runFarmCycle
[2026-09-07 02:59:57] 🚀 [loop] expedition: выключен → пропускаем launchExpeditions
[2026-09-07 02:59:57] 📊 [tick] миссий: 11 (expedition:3 unknown:4 return:4), атаки: 0
[2026-09-07 03:01:37] 🔘 [loop] флаги: farm=OFF (Линкор), expedition=OFF (Линкор×300e9, Броненосец×3e9, Эсминец×2e9, Крейсер×7e9), safety=ON; reserveSlots=10
[2026-09-07 03:01:38] 🔒 [loop] safety: включён → запускаем runSafetyCheck
[2026-09-07 03:01:38] 🛡️ [safety] Главная луна 1:363:6: входящие=0
[2026-09-07 03:01:38] 🛡️ [safety] Атак на главную луну нет, эвакуированных флотов нет
[2026-09-07 03:01:38] 🌾 [loop] farm: выключен → пропускаем runFarmCycle
[2026-09-07 03:01:38] 🚀 [loop] expedition: выключен → пропускаем launchExpeditions
[2026-09-07 03:01:38] 📊 [tick] миссий: 11 (expedition:3 unknown:4 return:4), атаки: 0
[2026-09-07 03:03:15] 🔘 [loop] флаги: farm=OFF (Линкор), expedition=OFF (Линкор×300e9, Броненосец×3e9, Эсминец×2e9, Крейсер×7e9), safety=ON; reserveSlots=10
[2026-09-07 03:03:16] 🔒 [loop] safety: включён → запускаем runSafetyCheck
[2026-09-07 03:03:16] 🛡️ [safety] Главная луна 1:363:6: входящие=0
[2026-09-07 03:03:16] 🛡️ [safety] Атак на главную луну нет, эвакуированных флотов нет
[2026-09-07 03:03:16] 🌾 [loop] farm: выключен → пропускаем runFarmCycle
[2026-09-07 03:03:16] 🚀 [loop] expedition: выключен → пропускаем launchExpeditions
[2026-09-07 03:03:16] 📊 [tick] миссий: 11 (expedition:3 unknown:4 return:4), атаки: 0
[2026-09-07 03:05:01] 🔘 [loop] флаги: farm=OFF (Линкор), expedition=OFF (Линкор×300e9, Броненосец×3e9, Эсминец×2e9, Крейсер×7e9), safety=ON; reserveSlots=10
[2026-09-07 03:05:02] 🔒 [loop] safety: включён → запускаем runSafetyCheck
[2026-09-07 03:05:02] 🛡️ [safety] Главная луна 1:363:6: входящие=0
[2026-09-07 03:05:02] 🛡️ [safety] Атак на главную луну нет, эвакуированных флотов нет
[2026-09-07 03:05:02] 🌾 [loop] farm: выключен → пропускаем runFarmCycle
[2026-09-07 03:05:02] 🚀 [loop] expedition: выключен → пропускаем launchExpeditions
[2026-09-07 03:05:02] 📊 [tick] миссий: 11 (expedition:3 unknown:4 return:4), атаки: 0
[2026-09-07 03:06:34] 🔘 [loop] флаги: farm=OFF (Линкор), expedition=OFF (Линкор×300e9, Броненосец×3e9, Эсминец×2e9, Крейсер×7e9), safety=ON; reserveSlots=10
[2026-09-07 03:06:35] 🔒 [loop] safety: включён → запускаем runSafetyCheck
[2026-09-07 03:06:35] 🛡️ [safety] Главная луна 1:363:6: входящие=0
[2026-09-07 03:06:35] 🛡️ [safety] Атак на главную луну нет, эвакуированных флотов нет
[2026-09-07 03:06:35] 🌾 [loop] farm: выключен → пропускаем runFarmCycle
[2026-09-07 03:06:35] 🚀 [loop] expedition: выключен → пропускаем launchExpeditions
[2026-09-07 03:06:35] 📊 [tick] миссий: 11 (expedition:3 unknown:4 return:4), атаки: 0
[2026-09-07 03:08:16] 🔘 [loop] флаги: farm=OFF (Линкор), expedition=OFF (Линкор×300e9, Броненосец×3e9, Эсминец×2e9, Крейсер×7e9), safety=ON; reserveSlots=10
[2026-09-07 03:08:17] 🔒 [loop] safety: включён → запускаем runSafetyCheck
[2026-09-07 03:08:17] 🛡️ [safety] Главная луна 1:363:6: входящие=0
[2026-09-07 03:08:17] 🛡️ [safety] Атак на главную луну нет, эвакуированных флотов нет
[2026-09-07 03:08:17] 🌾 [loop] farm: выключен → пропускаем runFarmCycle
[2026-09-07 03:08:17] 🚀 [loop] expedition: выключен → пропускаем launchExpeditions
[2026-09-07 03:08:17] 📊 [tick] миссий: 11 (expedition:3 unknown:4 return:4), атаки: 0
[2026-09-07 03:09:48] 🔘 [loop] флаги: farm=OFF (Линкор), expedition=OFF (Линкор×300e9, Броненосец×3e9, Эсминец×2e9, Крейсер×7e9), safety=ON; reserveSlots=10
[2026-09-07 03:09:49] 🔒 [loop] safety: включён → запускаем runSafetyCheck
[2026-09-07 03:09:49] 🛡️ [safety] Главная луна 1:363:6: входящие=0
[2026-09-07 03:09:49] 🛡️ [safety] Атак на главную луну нет, эвакуированных флотов нет
[2026-09-07 03:09:49] 🌾 [loop] farm: выключен → пропускаем runFarmCycle
[2026-09-07 03:09:49] 🚀 [loop] expedition: выключен → пропускаем launchExpeditions
[2026-09-07 03:09:49] 📊 [tick] миссий: 11 (expedition:3 unknown:4 return:4), атаки: 0
[2026-09-07 03:11:25] 🔘 [loop] флаги: farm=OFF (Линкор), expedition=OFF (Линкор×300e9, Броненосец×3e9, Эсминец×2e9, Крейсер×7e9), safety=ON; reserveSlots=10
[2026-09-07 03:11:33] 🔒 [loop] safety: включён → запускаем runSafetyCheck
[2026-09-07 03:11:33] 🛡️ [safety] Главная луна 1:363:6: входящие=0
[2026-09-07 03:11:33] 🛡️ [safety] Атак на главную луну нет, эвакуированных флотов нет
[2026-09-07 03:11:33] 🌾 [loop] farm: выключен → пропускаем runFarmCycle
[2026-09-07 03:11:33] 🚀 [loop] expedition: выключен → пропускаем launchExpeditions
[2026-09-07 03:11:33] 📊 [tick] миссий: 11 (expedition:3 unknown:4 return:4), атаки: 0
[2026-09-07 03:12:56] 🔘 [loop] флаги: farm=OFF (Линкор), expedition=OFF (Линкор×300e9, Броненосец×3e9, Эсминец×2e9, Крейсер×7e9), safety=ON; reserveSlots=10
[2026-09-07 03:12:57] 🔒 [loop] safety: включён → запускаем runSafetyCheck
[2026-09-07 03:12:57] 🛡️ [safety] Главная луна 1:363:6: входящие=0
[2026-09-07 03:12:57] 🛡️ [safety] Атак на главную луну нет, эвакуированных флотов нет
[2026-09-07 03:12:57] 🌾 [loop] farm: выключен → пропускаем runFarmCycle
[2026-09-07 03:12:57] 🚀 [loop] expedition: выключен → пропускаем launchExpeditions
[2026-09-07 03:12:57] 📊 [tick] миссий: 11 (expedition:3 unknown:4 return:4), атаки: 0
[2026-09-07 03:14:38] 🔘 [loop] флаги: farm=OFF (Линкор), expedition=OFF (Линкор×300e9, Броненосец×3e9, Эсминец×2e9, Крейсер×7e9), safety=ON; reserveSlots=10
[2026-09-07 03:14:39] 🔒 [loop] safety: включён → запускаем runSafetyCheck
[2026-09-07 03:14:39] 🛡️ [safety] Главная луна 1:363:6: входящие=0
[2026-09-07 03:14:39] 🛡️ [safety] Атак на главную луну нет, эвакуированных флотов нет
[2026-09-07 03:14:39] 🌾 [loop] farm: выключен → пропускаем runFarmCycle
[2026-09-07 03:14:39] 🚀 [loop] expedition: выключен → пропускаем launchExpeditions
[2026-09-07 03:14:39] 📊 [tick] миссий: 11 (expedition:3 unknown:4 return:4), атаки: 0
[2026-09-07 03:16:21] 🔘 [loop] флаги: farm=OFF (Линкор), expedition=OFF (Линкор×300e9, Броненосец×3e9, Эсминец×2e9, Крейсер×7e9), safety=ON; reserveSlots=10
[2026-09-07 03:16:22] 🔒 [loop] safety: включён → запускаем runSafetyCheck
[2026-09-07 03:16:22] 🛡️ [safety] Главная луна 1:363:6: входящие=0
[2026-09-07 03:16:22] 🛡️ [safety] Атак на главную луну нет, эвакуированных флотов нет
[2026-09-07 03:16:22] 🌾 [loop] farm: выключен → пропускаем runFarmCycle
[2026-09-07 03:16:22] 🚀 [loop] expedition: выключен → пропускаем launchExpeditions
[2026-09-07 03:16:22] 📊 [tick] миссий: 11 (expedition:3 unknown:4 return:4), атаки: 0
[2026-09-07 03:18:05] 🔘 [loop] флаги: farm=OFF (Линкор), expedition=OFF (Линкор×300e9, Броненосец×3e9, Эсминец×2e9, Крейсер×7e9), safety=ON; reserveSlots=10
[2026-09-07 03:18:06] 🔒 [loop] safety: включён → запускаем runSafetyCheck
[2026-09-07 03:18:06] 🛡️ [safety] Главная луна 1:363:6: входящие=0
[2026-09-07 03:18:06] 🛡️ [safety] Атак на главную луну нет, эвакуированных флотов нет
[2026-09-07 03:18:06] 🌾 [loop] farm: выключен → пропускаем runFarmCycle
[2026-09-07 03:18:06] 🚀 [loop] expedition: выключен → пропускаем launchExpeditions
[2026-09-07 03:18:06] 📊 [tick] миссий: 11 (expedition:3 unknown:4 return:4), атаки: 0
[2026-09-07 03:19:48] 🔘 [loop] флаги: farm=OFF (Линкор), expedition=OFF (Линкор×300e9, Броненосец×3e9, Эсминец×2e9, Крейсер×7e9), safety=ON; reserveSlots=10
[2026-09-07 03:19:49] 🔒 [loop] safety: включён → запускаем runSafetyCheck
[2026-09-07 03:19:49] 🛡️ [safety] Главная луна 1:363:6: входящие=0
[2026-09-07 03:19:49] 🛡️ [safety] Атак на главную луну нет, эвакуированных флотов нет
[2026-09-07 03:19:49] 🌾 [loop] farm: выключен → пропускаем runFarmCycle
[2026-09-07 03:19:49] 🚀 [loop] expedition: выключен → пропускаем launchExpeditions
[2026-09-07 03:19:50] 📊 [tick] миссий: 10 (expedition:2 unknown:4 return:4), атаки: 0
[2026-09-07 03:21:34] 🔘 [loop] флаги: farm=OFF (Линкор), expedition=OFF (Линкор×300e9, Броненосец×3e9, Эсминец×2e9, Крейсер×7e9), safety=ON; reserveSlots=10
[2026-09-07 03:21:35] 🔒 [loop] safety: включён → запускаем runSafetyCheck
[2026-09-07 03:21:35] 🛡️ [safety] Главная луна 1:363:6: входящие=0
[2026-09-07 03:21:35] 🛡️ [safety] Атак на главную луну нет, эвакуированных флотов нет
[2026-09-07 03:21:35] 🌾 [loop] farm: выключен → пропускаем runFarmCycle
[2026-09-07 03:21:35] 🚀 [loop] expedition: выключен → пропускаем launchExpeditions
[2026-09-07 03:21:35] 📊 [tick] миссий: 10 (expedition:2 unknown:4 return:4), атаки: 0
[2026-09-07 03:23:03] 🔘 [loop] флаги: farm=OFF (Линкор), expedition=OFF (Линкор×300e9, Броненосец×3e9, Эсминец×2e9, Крейсер×7e9), safety=ON; reserveSlots=10
[2026-09-07 03:23:04] 🔒 [loop] safety: включён → запускаем runSafetyCheck
[2026-09-07 03:23:04] 🛡️ [safety] Главная луна 1:363:6: входящие=0
[2026-09-07 03:23:04] 🛡️ [safety] Атак на главную луну нет, эвакуированных флотов нет
[2026-09-07 03:23:04] 🌾 [loop] farm: выключен → пропускаем runFarmCycle
[2026-09-07 03:23:04] 🚀 [loop] expedition: выключен → пропускаем launchExpeditions
[2026-09-07 03:23:04] 📊 [tick] миссий: 10 (expedition:2 unknown:4 return:4), атаки: 0
[2026-09-07 03:24:38] 🔘 [loop] флаги: farm=OFF (Линкор), expedition=OFF (Линкор×300e9, Броненосец×3e9, Эсминец×2e9, Крейсер×7e9), safety=ON; reserveSlots=10
[2026-09-07 03:24:39] 🔒 [loop] safety: включён → запускаем runSafetyCheck
[2026-09-07 03:24:39] 🛡️ [safety] Главная луна 1:363:6: входящие=0
[2026-09-07 03:24:39] 🛡️ [safety] Атак на главную луну нет, эвакуированных флотов нет
[2026-09-07 03:24:39] 🌾 [loop] farm: выключен → пропускаем runFarmCycle
[2026-09-07 03:24:39] 🚀 [loop] expedition: выключен → пропускаем launchExpeditions
[2026-09-07 03:24:39] 📊 [tick] миссий: 10 (expedition:2 unknown:4 return:4), атаки: 0
[2026-09-07 03:26:14] 🔘 [loop] флаги: farm=OFF (Линкор), expedition=OFF (Линкор×300e9, Броненосец×3e9, Эсминец×2e9, Крейсер×7e9), safety=ON; reserveSlots=10
[2026-09-07 03:26:15] 🔒 [loop] safety: включён → запускаем runSafetyCheck
[2026-09-07 03:26:15] 🛡️ [safety] Главная луна 1:363:6: входящие=0
[2026-09-07 03:26:15] 🛡️ [safety] Атак на главную луну нет, эвакуированных флотов нет
[2026-09-07 03:26:15] 🌾 [loop] farm: выключен → пропускаем runFarmCycle
[2026-09-07 03:26:15] 🚀 [loop] expedition: выключен → пропускаем launchExpeditions
[2026-09-07 03:26:15] 📊 [tick] миссий: 10 (expedition:2 unknown:4 return:4), атаки: 0
[2026-09-07 03:27:55] 🔘 [loop] флаги: farm=OFF (Линкор), expedition=OFF (Линкор×300e9, Броненосец×3e9, Эсминец×2e9, Крейсер×7e9), safety=ON; reserveSlots=10
[2026-09-07 03:27:57] 🔒 [loop] safety: включён → запускаем runSafetyCheck
[2026-09-07 03:27:57] 🛡️ [safety] Главная луна 1:363:6: входящие=0
[2026-09-07 03:27:57] 🛡️ [safety] Атак на главную луну нет, эвакуированных флотов нет
[2026-09-07 03:27:57] 🌾 [loop] farm: выключен → пропускаем runFarmCycle
[2026-09-07 03:27:57] 🚀 [loop] expedition: выключен → пропускаем launchExpeditions
[2026-09-07 03:27:57] 📊 [tick] миссий: 10 (expedition:2 unknown:4 return:4), атаки: 0
[2026-09-07 03:29:27] 🔘 [loop] флаги: farm=OFF (Линкор), expedition=OFF (Линкор×300e9, Броненосец×3e9, Эсминец×2e9, Крейсер×7e9), safety=ON; reserveSlots=10
[2026-09-07 03:29:29] 🔒 [loop] safety: включён → запускаем runSafetyCheck
[2026-09-07 03:29:29] 🛡️ [safety] Главная луна 1:363:6: входящие=0
[2026-09-07 03:29:29] 🛡️ [safety] Атак на главную луну нет, эвакуированных флотов нет
[2026-09-07 03:29:29] 🌾 [loop] farm: выключен → пропускаем runFarmCycle
[2026-09-07 03:29:29] 🚀 [loop] expedition: выключен → пропускаем launchExpeditions
[2026-09-07 03:29:29] 📊 [tick] миссий: 10 (expedition:2 unknown:4 return:4), атаки: 0
[2026-09-07 03:31:06] 🔘 [loop] флаги: farm=OFF (Линкор), expedition=OFF (Линкор×300e9, Броненосец×3e9, Эсминец×2e9, Крейсер×7e9), safety=ON; reserveSlots=10
[2026-09-07 03:31:07] 🔒 [loop] safety: включён → запускаем runSafetyCheck
[2026-09-07 03:31:07] 🛡️ [safety] Главная луна 1:363:6: входящие=0
[2026-09-07 03:31:07] 🛡️ [safety] Атак на главную луну нет, эвакуированных флотов нет
[2026-09-07 03:31:07] 🌾 [loop] farm: выключен → пропускаем runFarmCycle
[2026-09-07 03:31:07] 🚀 [loop] expedition: выключен → пропускаем launchExpeditions
[2026-09-07 03:31:07] 📊 [tick] миссий: 10 (expedition:2 unknown:4 return:4), атаки: 0
[2026-09-07 03:32:34] 🔘 [loop] флаги: farm=OFF (Линкор), expedition=OFF (Линкор×300e9, Броненосец×3e9, Эсминец×2e9, Крейсер×7e9), safety=ON; reserveSlots=10
[2026-09-07 03:32:35] 🔒 [loop] safety: включён → запускаем runSafetyCheck
[2026-09-07 03:32:35] 🛡️ [safety] Главная луна 1:363:6: входящие=0
[2026-09-07 03:32:35] 🛡️ [safety] Атак на главную луну нет, эвакуированных флотов нет
[2026-09-07 03:32:35] 🌾 [loop] farm: выключен → пропускаем runFarmCycle
[2026-09-07 03:32:35] 🚀 [loop] expedition: выключен → пропускаем launchExpeditions
[2026-09-07 03:32:35] 📊 [tick] миссий: 10 (expedition:2 unknown:4 return:4), атаки: 0
[2026-09-07 03:34:08] 🔘 [loop] флаги: farm=OFF (Линкор), expedition=OFF (Линкор×300e9, Броненосец×3e9, Эсминец×2e9, Крейсер×7e9), safety=ON; reserveSlots=10
[2026-09-07 03:34:10] 🔒 [loop] safety: включён → запускаем runSafetyCheck
[2026-09-07 03:34:10] 🛡️ [safety] Главная луна 1:363:6: входящие=0
[2026-09-07 03:34:10] 🛡️ [safety] Атак на главную луну нет, эвакуированных флотов нет
[2026-09-07 03:34:10] 🌾 [loop] farm: выключен → пропускаем runFarmCycle
[2026-09-07 03:34:10] 🚀 [loop] expedition: выключен → пропускаем launchExpeditions
[2026-09-07 03:34:10] 📊 [tick] миссий: 10 (expedition:2 unknown:4 return:4), атаки: 0
[2026-09-07 03:35:43] 🔘 [loop] флаги: farm=OFF (Линкор), expedition=OFF (Линкор×300e9, Броненосец×3e9, Эсминец×2e9, Крейсер×7e9), safety=ON; reserveSlots=10
[2026-09-07 03:35:44] 🔒 [loop] safety: включён → запускаем runSafetyCheck
[2026-09-07 03:35:44] 🛡️ [safety] Главная луна 1:363:6: входящие=0
[2026-09-07 03:35:44] 🛡️ [safety] Атак на главную луну нет, эвакуированных флотов нет
[2026-09-07 03:35:44] 🌾 [loop] farm: выключен → пропускаем runFarmCycle
[2026-09-07 03:35:44] 🚀 [loop] expedition: выключен → пропускаем launchExpeditions
[2026-09-07 03:35:44] 📊 [tick] миссий: 10 (expedition:2 unknown:4 return:4), атаки: 0
[2026-09-07 03:37:19] 🔘 [loop] флаги: farm=OFF (Линкор), expedition=OFF (Линкор×300e9, Броненосец×3e9, Эсминец×2e9, Крейсер×7e9), safety=ON; reserveSlots=10
[2026-09-07 03:37:20] 🔒 [loop] safety: включён → запускаем runSafetyCheck
[2026-09-07 03:37:20] 🛡️ [safety] Главная луна 1:363:6: входящие=0
[2026-09-07 03:37:20] 🛡️ [safety] Атак на главную луну нет, эвакуированных флотов нет
[2026-09-07 03:37:20] 🌾 [loop] farm: выключен → пропускаем runFarmCycle
[2026-09-07 03:37:20] 🚀 [loop] expedition: выключен → пропускаем launchExpeditions
[2026-09-07 03:37:20] 📊 [tick] миссий: 10 (expedition:2 unknown:4 return:4), атаки: 0
[2026-09-07 03:39:00] 🔘 [loop] флаги: farm=OFF (Линкор), expedition=OFF (Линкор×300e9, Броненосец×3e9, Эсминец×2e9, Крейсер×7e9), safety=ON; reserveSlots=10
[2026-09-07 03:39:05] 🔒 [loop] safety: включён → запускаем runSafetyCheck
[2026-09-07 03:39:05] 🛡️ [safety] Главная луна 1:363:6: входящие=0
[2026-09-07 03:39:05] 🛡️ [safety] Атак на главную луну нет, эвакуированных флотов нет
[2026-09-07 03:39:05] 🌾 [loop] farm: выключен → пропускаем runFarmCycle
[2026-09-07 03:39:05] 🚀 [loop] expedition: выключен → пропускаем launchExpeditions
[2026-09-07 03:39:05] 📊 [tick] миссий: 10 (expedition:2 unknown:4 return:4), атаки: 0
[2026-09-07 03:40:28] 🔘 [loop] флаги: farm=OFF (Линкор), expedition=OFF (Линкор×300e9, Броненосец×3e9, Эсминец×2e9, Крейсер×7e9), safety=ON; reserveSlots=10
[2026-09-07 03:40:29] 🔒 [loop] safety: включён → запускаем runSafetyCheck
[2026-09-07 03:40:29] 🛡️ [safety] Главная луна 1:363:6: входящие=0
[2026-09-07 03:40:29] 🛡️ [safety] Атак на главную луну нет, эвакуированных флотов нет
[2026-09-07 03:40:29] 🌾 [loop] farm: выключен → пропускаем runFarmCycle
[2026-09-07 03:40:29] 🚀 [loop] expedition: выключен → пропускаем launchExpeditions
[2026-09-07 03:40:29] 📊 [tick] миссий: 10 (expedition:2 unknown:4 return:4), атаки: 0
[2026-09-07 03:42:04] 🔘 [loop] флаги: farm=OFF (Линкор), expedition=OFF (Линкор×300e9, Броненосец×3e9, Эсминец×2e9, Крейсер×7e9), safety=ON; reserveSlots=10
[2026-09-07 03:42:05] 🔒 [loop] safety: включён → запускаем runSafetyCheck
[2026-09-07 03:42:05] 🛡️ [safety] Главная луна 1:363:6: входящие=0
[2026-09-07 03:42:05] 🛡️ [safety] Атак на главную луну нет, эвакуированных флотов нет
[2026-09-07 03:42:05] 🌾 [loop] farm: выключен → пропускаем runFarmCycle
[2026-09-07 03:42:05] 🚀 [loop] expedition: выключен → пропускаем launchExpeditions
[2026-09-07 03:42:05] 📊 [tick] миссий: 10 (expedition:2 unknown:4 return:4), атаки: 0
[2026-09-07 03:43:37] 🔘 [loop] флаги: farm=OFF (Линкор), expedition=OFF (Линкор×300e9, Броненосец×3e9, Эсминец×2e9, Крейсер×7e9), safety=ON; reserveSlots=10
[2026-09-07 03:43:38] 🔒 [loop] safety: включён → запускаем runSafetyCheck
[2026-09-07 03:43:38] 🛡️ [safety] Главная луна 1:363:6: входящие=0
[2026-09-07 03:43:38] 🛡️ [safety] Атак на главную луну нет, эвакуированных флотов нет
[2026-09-07 03:43:38] 🌾 [loop] farm: выключен → пропускаем runFarmCycle
[2026-09-07 03:43:38] 🚀 [loop] expedition: выключен → пропускаем launchExpeditions
[2026-09-07 03:43:38] 📊 [tick] миссий: 10 (expedition:2 unknown:4 return:4), атаки: 0
[2026-09-07 03:45:17] 🔘 [loop] флаги: farm=OFF (Линкор), expedition=OFF (Линкор×300e9, Броненосец×3e9, Эсминец×2e9, Крейсер×7e9), safety=ON; reserveSlots=10
[2026-09-07 03:45:19] 🔒 [loop] safety: включён → запускаем runSafetyCheck
[2026-09-07 03:45:19] 🛡️ [safety] Главная луна 1:363:6: входящие=0
[2026-09-07 03:45:19] 🛡️ [safety] Атак на главную луну нет, эвакуированных флотов нет
[2026-09-07 03:45:19] 🌾 [loop] farm: выключен → пропускаем runFarmCycle
[2026-09-07 03:45:19] 🚀 [loop] expedition: выключен → пропускаем launchExpeditions
[2026-09-07 03:45:19] 📊 [tick] миссий: 10 (expedition:2 unknown:4 return:4), атаки: 0
[2026-09-07 03:46:45] 🔘 [loop] флаги: farm=OFF (Линкор), expedition=OFF (Линкор×300e9, Броненосец×3e9, Эсминец×2e9, Крейсер×7e9), safety=ON; reserveSlots=10
[2026-09-07 03:47:00] 🔒 [loop] safety: включён → запускаем runSafetyCheck
[2026-09-07 03:47:00] 🛡️ [safety] Главная луна 1:363:6: входящие=0
[2026-09-07 03:47:00] 🛡️ [safety] Атак на главную луну нет, эвакуированных флотов нет
[2026-09-07 03:47:00] 🌾 [loop] farm: выключен → пропускаем runFarmCycle
[2026-09-07 03:47:00] 🚀 [loop] expedition: выключен → пропускаем launchExpeditions
[2026-09-07 03:47:00] 📊 [tick] миссий: 10 (expedition:2 unknown:4 return:4), атаки: 0
[2026-09-07 03:48:29] 🔘 [loop] флаги: farm=OFF (Линкор), expedition=OFF (Линкор×300e9, Броненосец×3e9, Эсминец×2e9, Крейсер×7e9), safety=ON; reserveSlots=10
[2026-09-07 03:48:30] 🔒 [loop] safety: включён → запускаем runSafetyCheck
[2026-09-07 03:48:30] 🛡️ [safety] Главная луна 1:363:6: входящие=0
[2026-09-07 03:48:30] 🛡️ [safety] Атак на главную луну нет, эвакуированных флотов нет
[2026-09-07 03:48:30] 🌾 [loop] farm: выключен → пропускаем runFarmCycle
[2026-09-07 03:48:30] 🚀 [loop] expedition: выключен → пропускаем launchExpeditions
[2026-09-07 03:48:30] 📊 [tick] миссий: 10 (expedition:2 unknown:4 return:4), атаки: 0
[2026-09-07 03:49:59] 🔘 [loop] флаги: farm=OFF (Линкор), expedition=OFF (Линкор×300e9, Броненосец×3e9, Эсминец×2e9, Крейсер×7e9), safety=ON; reserveSlots=10
[2026-09-07 03:50:00] 🔒 [loop] safety: включён → запускаем runSafetyCheck
[2026-09-07 03:50:00] 🛡️ [safety] Главная луна 1:363:6: входящие=0
[2026-09-07 03:50:00] 🛡️ [safety] Атак на главную луну нет, эвакуированных флотов нет
[2026-09-07 03:50:00] 🌾 [loop] farm: выключен → пропускаем runFarmCycle
[2026-09-07 03:50:00] 🚀 [loop] expedition: выключен → пропускаем launchExpeditions
[2026-09-07 03:50:00] 📊 [tick] миссий: 10 (expedition:2 unknown:4 return:4), атаки: 0
[2026-09-07 03:51:30] 🔘 [loop] флаги: farm=OFF (Линкор), expedition=OFF (Линкор×300e9, Броненосец×3e9, Эсминец×2e9, Крейсер×7e9), safety=ON; reserveSlots=10
[2026-09-07 03:51:32] 🔒 [loop] safety: включён → запускаем runSafetyCheck
[2026-09-07 03:51:32] 🛡️ [safety] Главная луна 1:363:6: входящие=0
[2026-09-07 03:51:32] 🛡️ [safety] Атак на главную луну нет, эвакуированных флотов нет
[2026-09-07 03:51:32] 🌾 [loop] farm: выключен → пропускаем runFarmCycle
[2026-09-07 03:51:32] 🚀 [loop] expedition: выключен → пропускаем launchExpeditions
[2026-09-07 03:51:32] 📊 [tick] миссий: 10 (expedition:2 unknown:4 return:4), атаки: 0
[2026-09-07 03:53:16] 🔘 [loop] флаги: farm=OFF (Линкор), expedition=OFF (Линкор×300e9, Броненосец×3e9, Эсминец×2e9, Крейсер×7e9), safety=ON; reserveSlots=10
[2026-09-07 03:53:17] 🔒 [loop] safety: включён → запускаем runSafetyCheck
[2026-09-07 03:53:17] 🛡️ [safety] Главная луна 1:363:6: входящие=0
[2026-09-07 03:53:17] 🛡️ [safety] Атак на главную луну нет, эвакуированных флотов нет
[2026-09-07 03:53:17] 🌾 [loop] farm: выключен → пропускаем runFarmCycle
[2026-09-07 03:53:17] 🚀 [loop] expedition: выключен → пропускаем launchExpeditions
[2026-09-07 03:53:17] 📊 [tick] миссий: 10 (expedition:2 unknown:4 return:4), атаки: 0
[2026-09-07 03:54:58] 🔘 [loop] флаги: farm=OFF (Линкор), expedition=OFF (Линкор×300e9, Броненосец×3e9, Эсминец×2e9, Крейсер×7e9), safety=ON; reserveSlots=10
[2026-09-07 03:54:59] 🔒 [loop] safety: включён → запускаем runSafetyCheck
[2026-09-07 03:54:59] 🛡️ [safety] Главная луна 1:363:6: входящие=0
[2026-09-07 03:54:59] 🛡️ [safety] Атак на главную луну нет, эвакуированных флотов нет
[2026-09-07 03:54:59] 🌾 [loop] farm: выключен → пропускаем runFarmCycle
[2026-09-07 03:54:59] 🚀 [loop] expedition: выключен → пропускаем launchExpeditions
[2026-09-07 03:54:59] 📊 [tick] миссий: 10 (expedition:2 unknown:4 return:4), атаки: 0
[2026-09-07 03:56:27] 🔘 [loop] флаги: farm=OFF (Линкор), expedition=OFF (Линкор×300e9, Броненосец×3e9, Эсминец×2e9, Крейсер×7e9), safety=ON; reserveSlots=10
[2026-09-07 03:56:29] 🔒 [loop] safety: включён → запускаем runSafetyCheck
[2026-09-07 03:56:29] 🛡️ [safety] Главная луна 1:363:6: входящие=0
[2026-09-07 03:56:29] 🛡️ [safety] Атак на главную луну нет, эвакуированных флотов нет
[2026-09-07 03:56:29] 🌾 [loop] farm: выключен → пропускаем runFarmCycle
[2026-09-07 03:56:29] 🚀 [loop] expedition: выключен → пропускаем launchExpeditions
[2026-09-07 03:56:29] 📊 [tick] миссий: 10 (expedition:2 unknown:4 return:4), атаки: 0
[2026-09-07 03:58:05] 🔘 [loop] флаги: farm=OFF (Линкор), expedition=OFF (Линкор×300e9, Броненосец×3e9, Эсминец×2e9, Крейсер×7e9), safety=ON; reserveSlots=10
[2026-09-07 03:58:06] 🔒 [loop] safety: включён → запускаем runSafetyCheck
[2026-09-07 03:58:06] 🛡️ [safety] Главная луна 1:363:6: входящие=0
[2026-09-07 03:58:06] 🛡️ [safety] Атак на главную луну нет, эвакуированных флотов нет
[2026-09-07 03:58:06] 🌾 [loop] farm: выключен → пропускаем runFarmCycle
[2026-09-07 03:58:06] 🚀 [loop] expedition: выключен → пропускаем launchExpeditions
[2026-09-07 03:58:06] 📊 [tick] миссий: 10 (expedition:2 unknown:4 return:4), атаки: 0
[2026-09-07 03:59:40] 🔘 [loop] флаги: farm=OFF (Линкор), expedition=OFF (Линкор×300e9, Броненосец×3e9, Эсминец×2e9, Крейсер×7e9), safety=ON; reserveSlots=10
[2026-09-07 03:59:41] 🔒 [loop] safety: включён → запускаем runSafetyCheck
[2026-09-07 03:59:41] 🛡️ [safety] Главная луна 1:363:6: входящие=0
[2026-09-07 03:59:41] 🛡️ [safety] Атак на главную луну нет, эвакуированных флотов нет
[2026-09-07 03:59:41] 🌾 [loop] farm: выключен → пропускаем runFarmCycle
[2026-09-07 03:59:41] 🚀 [loop] expedition: выключен → пропускаем launchExpeditions
[2026-09-07 03:59:41] 📊 [tick] миссий: 10 (expedition:2 unknown:4 return:4), атаки: 0
[2026-09-07 04:01:13] 🔘 [loop] флаги: farm=OFF (Линкор), expedition=OFF (Линкор×300e9, Броненосец×3e9, Эсминец×2e9, Крейсер×7e9), safety=ON; reserveSlots=10
[2026-09-07 04:01:14] 🔒 [loop] safety: включён → запускаем runSafetyCheck
[2026-09-07 04:01:14] 🛡️ [safety] Главная луна 1:363:6: входящие=0
[2026-09-07 04:01:14] 🛡️ [safety] Атак на главную луну нет, эвакуированных флотов нет
[2026-09-07 04:01:14] 🌾 [loop] farm: выключен → пропускаем runFarmCycle
[2026-09-07 04:01:14] 🚀 [loop] expedition: выключен → пропускаем launchExpeditions
[2026-09-07 04:01:14] 📊 [tick] миссий: 10 (expedition:2 unknown:4 return:4), атаки: 0
[2026-09-07 04:03:00] 🔘 [loop] флаги: farm=OFF (Линкор), expedition=OFF (Линкор×300e9, Броненосец×3e9, Эсминец×2e9, Крейсер×7e9), safety=ON; reserveSlots=10
[2026-09-07 04:03:01] 🔒 [loop] safety: включён → запускаем runSafetyCheck
[2026-09-07 04:03:01] 🛡️ [safety] Главная луна 1:363:6: входящие=0
[2026-09-07 04:03:01] 🛡️ [safety] Атак на главную луну нет, эвакуированных флотов нет
[2026-09-07 04:03:01] 🌾 [loop] farm: выключен → пропускаем runFarmCycle
[2026-09-07 04:03:01] 🚀 [loop] expedition: выключен → пропускаем launchExpeditions
[2026-09-07 04:03:01] 📊 [tick] миссий: 10 (expedition:2 unknown:4 return:4), атаки: 0
[2026-09-07 04:04:42] 🔘 [loop] флаги: farm=OFF (Линкор), expedition=OFF (Линкор×300e9, Броненосец×3e9, Эсминец×2e9, Крейсер×7e9), safety=ON; reserveSlots=10
[2026-09-07 04:04:44] 🔒 [loop] safety: включён → запускаем runSafetyCheck
[2026-09-07 04:04:44] 🛡️ [safety] Главная луна 1:363:6: входящие=0
[2026-09-07 04:04:44] 🛡️ [safety] Атак на главную луну нет, эвакуированных флотов нет
[2026-09-07 04:04:44] 🌾 [loop] farm: выключен → пропускаем runFarmCycle
[2026-09-07 04:04:44] 🚀 [loop] expedition: выключен → пропускаем launchExpeditions
[2026-09-07 04:04:44] 📊 [tick] миссий: 10 (expedition:2 unknown:4 return:4), атаки: 0
[2026-09-07 04:06:23] 🔘 [loop] флаги: farm=OFF (Линкор), expedition=OFF (Линкор×300e9, Броненосец×3e9, Эсминец×2e9, Крейсер×7e9), safety=ON; reserveSlots=10
[2026-09-07 04:06:24] 🔒 [loop] safety: включён → запускаем runSafetyCheck
[2026-09-07 04:06:24] 🛡️ [safety] Главная луна 1:363:6: входящие=0
[2026-09-07 04:06:24] 🛡️ [safety] Атак на главную луну нет, эвакуированных флотов нет
[2026-09-07 04:06:24] 🌾 [loop] farm: выключен → пропускаем runFarmCycle
[2026-09-07 04:06:24] 🚀 [loop] expedition: выключен → пропускаем launchExpeditions
[2026-09-07 04:06:24] 📊 [tick] миссий: 10 (expedition:2 unknown:4 return:4), атаки: 0
[2026-09-07 04:08:01] 🔘 [loop] флаги: farm=OFF (Линкор), expedition=OFF (Линкор×300e9, Броненосец×3e9, Эсминец×2e9, Крейсер×7e9), safety=ON; reserveSlots=10
[2026-09-07 04:08:02] 🔒 [loop] safety: включён → запускаем runSafetyCheck
[2026-09-07 04:08:02] 🛡️ [safety] Главная луна 1:363:6: входящие=0
[2026-09-07 04:08:02] 🛡️ [safety] Атак на главную луну нет, эвакуированных флотов нет
[2026-09-07 04:08:02] 🌾 [loop] farm: выключен → пропускаем runFarmCycle
[2026-09-07 04:08:02] 🚀 [loop] expedition: выключен → пропускаем launchExpeditions
[2026-09-07 04:08:02] 📊 [tick] миссий: 10 (expedition:2 unknown:4 return:4), атаки: 0
[2026-09-07 04:09:46] 🔘 [loop] флаги: farm=OFF (Линкор), expedition=OFF (Линкор×300e9, Броненосец×3e9, Эсминец×2e9, Крейсер×7e9), safety=ON; reserveSlots=10
[2026-09-07 04:09:47] 🔒 [loop] safety: включён → запускаем runSafetyCheck
[2026-09-07 04:09:47] 🛡️ [safety] Главная луна 1:363:6: входящие=0
[2026-09-07 04:09:47] 🛡️ [safety] Атак на главную луну нет, эвакуированных флотов нет
[2026-09-07 04:09:47] 🌾 [loop] farm: выключен → пропускаем runFarmCycle
[2026-09-07 04:09:47] 🚀 [loop] expedition: выключен → пропускаем launchExpeditions
[2026-09-07 04:09:47] 📊 [tick] миссий: 10 (expedition:2 unknown:4 return:4), атаки: 0
[2026-09-07 04:11:20] 🔘 [loop] флаги: farm=OFF (Линкор), expedition=OFF (Линкор×300e9, Броненосец×3e9, Эсминец×2e9, Крейсер×7e9), safety=ON; reserveSlots=10
[2026-09-07 04:11:20] 🔒 [loop] safety: включён → запускаем runSafetyCheck
[2026-09-07 04:11:20] 🛡️ [safety] Главная луна 1:363:6: входящие=0
[2026-09-07 04:11:20] 🛡️ [safety] Атак на главную луну нет, эвакуированных флотов нет
[2026-09-07 04:11:20] 🌾 [loop] farm: выключен → пропускаем runFarmCycle
[2026-09-07 04:11:20] 🚀 [loop] expedition: выключен → пропускаем launchExpeditions
[2026-09-07 04:11:20] 📊 [tick] миссий: 10 (expedition:2 unknown:4 return:4), атаки: 0
[2026-09-07 04:12:59] 🔘 [loop] флаги: farm=OFF (Линкор), expedition=OFF (Линкор×300e9, Броненосец×3e9, Эсминец×2e9, Крейсер×7e9), safety=ON; reserveSlots=10
[2026-09-07 04:13:00] 🔒 [loop] safety: включён → запускаем runSafetyCheck
[2026-09-07 04:13:00] 🛡️ [safety] Главная луна 1:363:6: входящие=0
[2026-09-07 04:13:00] 🛡️ [safety] Атак на главную луну нет, эвакуированных флотов нет
[2026-09-07 04:13:00] 🌾 [loop] farm: выключен → пропускаем runFarmCycle
[2026-09-07 04:13:00] 🚀 [loop] expedition: выключен → пропускаем launchExpeditions
[2026-09-07 04:13:00] 📊 [tick] миссий: 10 (expedition:2 unknown:4 return:4), атаки: 0
[2026-09-07 04:14:32] 🔘 [loop] флаги: farm=OFF (Линкор), expedition=OFF (Линкор×300e9, Броненосец×3e9, Эсминец×2e9, Крейсер×7e9), safety=ON; reserveSlots=10
[2026-09-07 04:14:33] 🔒 [loop] safety: включён → запускаем runSafetyCheck
[2026-09-07 04:14:33] 🛡️ [safety] Главная луна 1:363:6: входящие=0
[2026-09-07 04:14:33] 🛡️ [safety] Атак на главную луну нет, эвакуированных флотов нет
[2026-09-07 04:14:33] 🌾 [loop] farm: выключен → пропускаем runFarmCycle
[2026-09-07 04:14:33] 🚀 [loop] expedition: выключен → пропускаем launchExpeditions
[2026-09-07 04:14:33] 📊 [tick] миссий: 10 (expedition:2 unknown:4 return:4), атаки: 0
[2026-09-07 04:16:10] 🔘 [loop] флаги: farm=OFF (Линкор), expedition=OFF (Линкор×300e9, Броненосец×3e9, Эсминец×2e9, Крейсер×7e9), safety=ON; reserveSlots=10
[2026-09-07 04:16:11] 🔒 [loop] safety: включён → запускаем runSafetyCheck
[2026-09-07 04:16:11] 🛡️ [safety] Главная луна 1:363:6: входящие=0
[2026-09-07 04:16:11] 🛡️ [safety] Атак на главную луну нет, эвакуированных флотов нет
[2026-09-07 04:16:11] 🌾 [loop] farm: выключен → пропускаем runFarmCycle
[2026-09-07 04:16:11] 🚀 [loop] expedition: выключен → пропускаем launchExpeditions
[2026-09-07 04:16:11] 📊 [tick] миссий: 10 (expedition:2 unknown:4 return:4), атаки: 0
[2026-09-07 04:17:42] 🔘 [loop] флаги: farm=OFF (Линкор), expedition=OFF (Линкор×300e9, Броненосец×3e9, Эсминец×2e9, Крейсер×7e9), safety=ON; reserveSlots=10
[2026-09-07 04:17:43] 🔒 [loop] safety: включён → запускаем runSafetyCheck
[2026-09-07 04:17:43] 🛡️ [safety] Главная луна 1:363:6: входящие=0
[2026-09-07 04:17:43] 🛡️ [safety] Атак на главную луну нет, эвакуированных флотов нет
[2026-09-07 04:17:43] 🌾 [loop] farm: выключен → пропускаем runFarmCycle
[2026-09-07 04:17:43] 🚀 [loop] expedition: выключен → пропускаем launchExpeditions
[2026-09-07 04:17:43] 📊 [tick] миссий: 10 (expedition:2 unknown:4 return:4), атаки: 0
[2026-09-07 04:19:14] 🔘 [loop] флаги: farm=OFF (Линкор), expedition=OFF (Линкор×300e9, Броненосец×3e9, Эсминец×2e9, Крейсер×7e9), safety=ON; reserveSlots=10
[2026-09-07 04:19:15] 🔒 [loop] safety: включён → запускаем runSafetyCheck
[2026-09-07 04:19:15] 🛡️ [safety] Главная луна 1:363:6: входящие=0
[2026-09-07 04:19:15] 🛡️ [safety] Атак на главную луну нет, эвакуированных флотов нет
[2026-09-07 04:19:15] 🌾 [loop] farm: выключен → пропускаем runFarmCycle
[2026-09-07 04:19:15] 🚀 [loop] expedition: выключен → пропускаем launchExpeditions
[2026-09-07 04:19:15] 📊 [tick] миссий: 10 (expedition:2 unknown:4 return:4), атаки: 0
[2026-09-07 04:20:57] 🔘 [loop] флаги: farm=OFF (Линкор), expedition=OFF (Линкор×300e9, Броненосец×3e9, Эсминец×2e9, Крейсер×7e9), safety=ON; reserveSlots=10
[2026-09-07 04:20:58] 🔒 [loop] safety: включён → запускаем runSafetyCheck
[2026-09-07 04:20:58] 🛡️ [safety] Главная луна 1:363:6: входящие=0
[2026-09-07 04:20:58] 🛡️ [safety] Атак на главную луну нет, эвакуированных флотов нет
[2026-09-07 04:20:58] 🌾 [loop] farm: выключен → пропускаем runFarmCycle
[2026-09-07 04:20:58] 🚀 [loop] expedition: выключен → пропускаем launchExpeditions
[2026-09-07 04:20:58] 📊 [tick] миссий: 10 (expedition:2 unknown:4 return:4), атаки: 0
[2026-09-07 04:22:34] 🔘 [loop] флаги: farm=OFF (Линкор), expedition=OFF (Линкор×300e9, Броненосец×3e9, Эсминец×2e9, Крейсер×7e9), safety=ON; reserveSlots=10
[2026-09-07 04:22:35] 🔒 [loop] safety: включён → запускаем runSafetyCheck
[2026-09-07 04:22:35] 🛡️ [safety] Главная луна 1:363:6: входящие=0
[2026-09-07 04:22:35] 🛡️ [safety] Атак на главную луну нет, эвакуированных флотов нет
[2026-09-07 04:22:35] 🌾 [loop] farm: выключен → пропускаем runFarmCycle
[2026-09-07 04:22:35] 🚀 [loop] expedition: выключен → пропускаем launchExpeditions
[2026-09-07 04:22:35] 📊 [tick] миссий: 10 (expedition:2 unknown:4 return:4), атаки: 0
[2026-09-07 04:24:08] 🔘 [loop] флаги: farm=OFF (Линкор), expedition=OFF (Линкор×300e9, Броненосец×3e9, Эсминец×2e9, Крейсер×7e9), safety=ON; reserveSlots=10
[2026-09-07 04:24:09] 🔒 [loop] safety: включён → запускаем runSafetyCheck
[2026-09-07 04:24:09] 🛡️ [safety] Главная луна 1:363:6: входящие=0
[2026-09-07 04:24:09] 🛡️ [safety] Атак на главную луну нет, эвакуированных флотов нет
[2026-09-07 04:24:09] 🌾 [loop] farm: выключен → пропускаем runFarmCycle
[2026-09-07 04:24:09] 🚀 [loop] expedition: выключен → пропускаем launchExpeditions
[2026-09-07 04:24:09] 📊 [tick] миссий: 10 (expedition:2 unknown:4 return:4), атаки: 0
[2026-09-07 04:25:54] 🔘 [loop] флаги: farm=OFF (Линкор), expedition=OFF (Линкор×300e9, Броненосец×3e9, Эсминец×2e9, Крейсер×7e9), safety=ON; reserveSlots=10
[2026-09-07 04:25:55] 🔒 [loop] safety: включён → запускаем runSafetyCheck
[2026-09-07 04:25:55] 🛡️ [safety] Главная луна 1:363:6: входящие=0
[2026-09-07 04:25:55] 🛡️ [safety] Атак на главную луну нет, эвакуированных флотов нет
[2026-09-07 04:25:55] 🌾 [loop] farm: выключен → пропускаем runFarmCycle
[2026-09-07 04:25:55] 🚀 [loop] expedition: выключен → пропускаем launchExpeditions
[2026-09-07 04:25:55] 📊 [tick] миссий: 10 (expedition:2 unknown:4 return:4), атаки: 0
[2026-09-07 04:27:30] 🔘 [loop] флаги: farm=OFF (Линкор), expedition=OFF (Линкор×300e9, Броненосец×3e9, Эсминец×2e9, Крейсер×7e9), safety=ON; reserveSlots=10
[2026-09-07 04:27:31] 🔒 [loop] safety: включён → запускаем runSafetyCheck
[2026-09-07 04:27:31] 🛡️ [safety] Главная луна 1:363:6: входящие=0
[2026-09-07 04:27:31] 🛡️ [safety] Атак на главную луну нет, эвакуированных флотов нет
[2026-09-07 04:27:31] 🌾 [loop] farm: выключен → пропускаем runFarmCycle
[2026-09-07 04:27:31] 🚀 [loop] expedition: выключен → пропускаем launchExpeditions
[2026-09-07 04:27:31] 📊 [tick] миссий: 10 (expedition:2 unknown:4 return:4), атаки: 0
[2026-09-07 04:29:00] 🔘 [loop] флаги: farm=OFF (Линкор), expedition=OFF (Линкор×300e9, Броненосец×3e9, Эсминец×2e9, Крейсер×7e9), safety=ON; reserveSlots=10
[2026-09-07 04:29:01] 🔒 [loop] safety: включён → запускаем runSafetyCheck
[2026-09-07 04:29:01] 🛡️ [safety] Главная луна 1:363:6: входящие=0
[2026-09-07 04:29:01] 🛡️ [safety] Атак на главную луну нет, эвакуированных флотов нет
[2026-09-07 04:29:01] 🌾 [loop] farm: выключен → пропускаем runFarmCycle
[2026-09-07 04:29:01] 🚀 [loop] expedition: выключен → пропускаем launchExpeditions
[2026-09-07 04:29:01] 📊 [tick] миссий: 10 (expedition:2 unknown:4 return:4), атаки: 0
[2026-09-07 04:30:29] 🔘 [loop] флаги: farm=OFF (Линкор), expedition=OFF (Линкор×300e9, Броненосец×3e9, Эсминец×2e9, Крейсер×7e9), safety=ON; reserveSlots=10
[2026-09-07 04:30:31] 🔒 [loop] safety: включён → запускаем runSafetyCheck
[2026-09-07 04:30:31] 🛡️ [safety] Главная луна 1:363:6: входящие=0
[2026-09-07 04:30:31] 🛡️ [safety] Атак на главную луну нет, эвакуированных флотов нет
[2026-09-07 04:30:31] 🌾 [loop] farm: выключен → пропускаем runFarmCycle
[2026-09-07 04:30:31] 🚀 [loop] expedition: выключен → пропускаем launchExpeditions
[2026-09-07 04:30:31] 📊 [tick] миссий: 10 (expedition:2 unknown:4 return:4), атаки: 0
[2026-09-07 04:32:07] 🔘 [loop] флаги: farm=OFF (Линкор), expedition=OFF (Линкор×300e9, Броненосец×3e9, Эсминец×2e9, Крейсер×7e9), safety=ON; reserveSlots=10
[2026-09-07 04:32:08] 🔒 [loop] safety: включён → запускаем runSafetyCheck
[2026-09-07 04:32:08] 🛡️ [safety] Главная луна 1:363:6: входящие=0
[2026-09-07 04:32:08] 🛡️ [safety] Атак на главную луну нет, эвакуированных флотов нет
[2026-09-07 04:32:08] 🌾 [loop] farm: выключен → пропускаем runFarmCycle
[2026-09-07 04:32:08] 🚀 [loop] expedition: выключен → пропускаем launchExpeditions
[2026-09-07 04:32:08] 📊 [tick] миссий: 10 (expedition:2 unknown:4 return:4), атаки: 0
[2026-09-07 04:33:52] 🔘 [loop] флаги: farm=OFF (Линкор), expedition=OFF (Линкор×300e9, Броненосец×3e9, Эсминец×2e9, Крейсер×7e9), safety=ON; reserveSlots=10
[2026-09-07 04:33:53] 🔒 [loop] safety: включён → запускаем runSafetyCheck
[2026-09-07 04:33:53] 🛡️ [safety] Главная луна 1:363:6: входящие=0
[2026-09-07 04:33:53] 🛡️ [safety] Атак на главную луну нет, эвакуированных флотов нет
[2026-09-07 04:33:53] 🌾 [loop] farm: выключен → пропускаем runFarmCycle
[2026-09-07 04:33:53] 🚀 [loop] expedition: выключен → пропускаем launchExpeditions
[2026-09-07 04:33:53] 📊 [tick] миссий: 10 (expedition:2 unknown:4 return:4), атаки: 0
[2026-09-07 04:35:29] 🔘 [loop] флаги: farm=OFF (Линкор), expedition=OFF (Линкор×300e9, Броненосец×3e9, Эсминец×2e9, Крейсер×7e9), safety=ON; reserveSlots=10
[2026-09-07 04:35:30] 🔒 [loop] safety: включён → запускаем runSafetyCheck
[2026-09-07 04:35:30] 🛡️ [safety] Главная луна 1:363:6: входящие=0
[2026-09-07 04:35:30] 🛡️ [safety] Атак на главную луну нет, эвакуированных флотов нет
[2026-09-07 04:35:30] 🌾 [loop] farm: выключен → пропускаем runFarmCycle
[2026-09-07 04:35:30] 🚀 [loop] expedition: выключен → пропускаем launchExpeditions
[2026-09-07 04:35:30] 📊 [tick] миссий: 10 (expedition:2 unknown:4 return:4), атаки: 0
[2026-09-07 04:37:06] 🔘 [loop] флаги: farm=OFF (Линкор), expedition=OFF (Линкор×300e9, Броненосец×3e9, Эсминец×2e9, Крейсер×7e9), safety=ON; reserveSlots=10
[2026-09-07 04:37:07] 🔒 [loop] safety: включён → запускаем runSafetyCheck
[2026-09-07 04:37:07] 🛡️ [safety] Главная луна 1:363:6: входящие=0
[2026-09-07 04:37:07] 🛡️ [safety] Атак на главную луну нет, эвакуированных флотов нет
[2026-09-07 04:37:07] 🌾 [loop] farm: выключен → пропускаем runFarmCycle
[2026-09-07 04:37:07] 🚀 [loop] expedition: выключен → пропускаем launchExpeditions
[2026-09-07 04:37:07] 📊 [tick] миссий: 10 (expedition:2 unknown:4 return:4), атаки: 0
[2026-09-07 04:38:41] 🔘 [loop] флаги: farm=OFF (Линкор), expedition=OFF (Линкор×300e9, Броненосец×3e9, Эсминец×2e9, Крейсер×7e9), safety=ON; reserveSlots=10
[2026-09-07 04:38:42] 🔒 [loop] safety: включён → запускаем runSafetyCheck
[2026-09-07 04:38:42] 🛡️ [safety] Главная луна 1:363:6: входящие=0
[2026-09-07 04:38:42] 🛡️ [safety] Атак на главную луну нет, эвакуированных флотов нет
[2026-09-07 04:38:42] 🌾 [loop] farm: выключен → пропускаем runFarmCycle
[2026-09-07 04:38:42] 🚀 [loop] expedition: выключен → пропускаем launchExpeditions
[2026-09-07 04:38:42] 📊 [tick] миссий: 10 (expedition:2 unknown:4 return:4), атаки: 0
[2026-09-07 04:40:27] 🔘 [loop] флаги: farm=OFF (Линкор), expedition=OFF (Линкор×300e9, Броненосец×3e9, Эсминец×2e9, Крейсер×7e9), safety=ON; reserveSlots=10
[2026-09-07 04:40:33] 🔒 [loop] safety: включён → запускаем runSafetyCheck
[2026-09-07 04:40:33] 🛡️ [safety] Главная луна 1:363:6: входящие=0
[2026-09-07 04:40:33] 🛡️ [safety] Атак на главную луну нет, эвакуированных флотов нет
[2026-09-07 04:40:33] 🌾 [loop] farm: выключен → пропускаем runFarmCycle
[2026-09-07 04:40:33] 🚀 [loop] expedition: выключен → пропускаем launchExpeditions
[2026-09-07 04:40:33] 📊 [tick] миссий: 10 (expedition:2 unknown:4 return:4), атаки: 0
[2026-09-07 04:41:57] 🔘 [loop] флаги: farm=OFF (Линкор), expedition=OFF (Линкор×300e9, Броненосец×3e9, Эсминец×2e9, Крейсер×7e9), safety=ON; reserveSlots=10
[2026-09-07 04:41:58] 🔒 [loop] safety: включён → запускаем runSafetyCheck
[2026-09-07 04:41:58] 🛡️ [safety] Главная луна 1:363:6: входящие=0
[2026-09-07 04:41:58] 🛡️ [safety] Атак на главную луну нет, эвакуированных флотов нет
[2026-09-07 04:41:58] 🌾 [loop] farm: выключен → пропускаем runFarmCycle
[2026-09-07 04:41:58] 🚀 [loop] expedition: выключен → пропускаем launchExpeditions
[2026-09-07 04:41:58] 📊 [tick] миссий: 10 (expedition:2 unknown:4 return:4), атаки: 0
[2026-09-07 04:43:39] 🔘 [loop] флаги: farm=OFF (Линкор), expedition=OFF (Линкор×300e9, Броненосец×3e9, Эсминец×2e9, Крейсер×7e9), safety=ON; reserveSlots=10
[2026-09-07 04:43:40] 🔒 [loop] safety: включён → запускаем runSafetyCheck
[2026-09-07 04:43:40] 🛡️ [safety] Главная луна 1:363:6: входящие=0
[2026-09-07 04:43:40] 🛡️ [safety] Атак на главную луну нет, эвакуированных флотов нет
[2026-09-07 04:43:40] 🌾 [loop] farm: выключен → пропускаем runFarmCycle
[2026-09-07 04:43:40] 🚀 [loop] expedition: выключен → пропускаем launchExpeditions
[2026-09-07 04:43:40] 📊 [tick] миссий: 10 (expedition:2 unknown:4 return:4), атаки: 0
[2026-09-07 04:45:14] 🔘 [loop] флаги: farm=OFF (Линкор), expedition=OFF (Линкор×300e9, Броненосец×3e9, Эсминец×2e9, Крейсер×7e9), safety=ON; reserveSlots=10
[2026-09-07 04:45:15] 🔒 [loop] safety: включён → запускаем runSafetyCheck
[2026-09-07 04:45:15] 🛡️ [safety] Главная луна 1:363:6: входящие=0
[2026-09-07 04:45:15] 🛡️ [safety] Атак на главную луну нет, эвакуированных флотов нет
[2026-09-07 04:45:15] 🌾 [loop] farm: выключен → пропускаем runFarmCycle
[2026-09-07 04:45:15] 🚀 [loop] expedition: выключен → пропускаем launchExpeditions
[2026-09-07 04:45:15] 📊 [tick] миссий: 10 (expedition:2 unknown:4 return:4), атаки: 0
[2026-09-07 04:46:50] 🔘 [loop] флаги: farm=OFF (Линкор), expedition=OFF (Линкор×300e9, Броненосец×3e9, Эсминец×2e9, Крейсер×7e9), safety=ON; reserveSlots=10
[2026-09-07 04:46:51] 🔒 [loop] safety: включён → запускаем runSafetyCheck
[2026-09-07 04:46:51] 🛡️ [safety] Главная луна 1:363:6: входящие=0
[2026-09-07 04:46:51] 🛡️ [safety] Атак на главную луну нет, эвакуированных флотов нет
[2026-09-07 04:46:51] 🌾 [loop] farm: выключен → пропускаем runFarmCycle
[2026-09-07 04:46:51] 🚀 [loop] expedition: выключен → пропускаем launchExpeditions
[2026-09-07 04:46:51] 📊 [tick] миссий: 10 (expedition:2 unknown:4 return:4), атаки: 0
[2026-09-07 04:48:19] 🔘 [loop] флаги: farm=OFF (Линкор), expedition=OFF (Линкор×300e9, Броненосец×3e9, Эсминец×2e9, Крейсер×7e9), safety=ON; reserveSlots=10
[2026-09-07 04:48:20] 🔒 [loop] safety: включён → запускаем runSafetyCheck
[2026-09-07 04:48:20] 🛡️ [safety] Главная луна 1:363:6: входящие=0
[2026-09-07 04:48:20] 🛡️ [safety] Атак на главную луну нет, эвакуированных флотов нет
[2026-09-07 04:48:20] 🌾 [loop] farm: выключен → пропускаем runFarmCycle
[2026-09-07 04:48:20] 🚀 [loop] expedition: выключен → пропускаем launchExpeditions
[2026-09-07 04:48:20] 📊 [tick] миссий: 10 (expedition:2 unknown:4 return:4), атаки: 0
[2026-09-07 04:49:54] 🔘 [loop] флаги: farm=OFF (Линкор), expedition=OFF (Линкор×300e9, Броненосец×3e9, Эсминец×2e9, Крейсер×7e9), safety=ON; reserveSlots=10
[2026-09-07 04:49:55] 🔒 [loop] safety: включён → запускаем runSafetyCheck
[2026-09-07 04:49:55] 🛡️ [safety] Главная луна 1:363:6: входящие=0
[2026-09-07 04:49:55] 🛡️ [safety] Атак на главную луну нет, эвакуированных флотов нет
[2026-09-07 04:49:55] 🌾 [loop] farm: выключен → пропускаем runFarmCycle
[2026-09-07 04:49:55] 🚀 [loop] expedition: выключен → пропускаем launchExpeditions
[2026-09-07 04:49:55] 📊 [tick] миссий: 10 (expedition:2 unknown:4 return:4), атаки: 0
[2026-09-07 04:51:27] 🔘 [loop] флаги: farm=OFF (Линкор), expedition=OFF (Линкор×300e9, Броненосец×3e9, Эсминец×2e9, Крейсер×7e9), safety=ON; reserveSlots=10
[2026-09-07 04:51:28] 🔒 [loop] safety: включён → запускаем runSafetyCheck
[2026-09-07 04:51:28] 🛡️ [safety] Главная луна 1:363:6: входящие=0
[2026-09-07 04:51:28] 🛡️ [safety] Атак на главную луну нет, эвакуированных флотов нет
[2026-09-07 04:51:28] 🌾 [loop] farm: выключен → пропускаем runFarmCycle
[2026-09-07 04:51:28] 🚀 [loop] expedition: выключен → пропускаем launchExpeditions
[2026-09-07 04:51:28] 📊 [tick] миссий: 10 (expedition:2 unknown:4 return:4), атаки: 0
[2026-09-07 04:52:59] 🔘 [loop] флаги: farm=OFF (Линкор), expedition=OFF (Линкор×300e9, Броненосец×3e9, Эсминец×2e9, Крейсер×7e9), safety=ON; reserveSlots=10
[2026-09-07 04:53:00] 🔒 [loop] safety: включён → запускаем runSafetyCheck
[2026-09-07 04:53:00] 🛡️ [safety] Главная луна 1:363:6: входящие=0
[2026-09-07 04:53:00] 🛡️ [safety] Атак на главную луну нет, эвакуированных флотов нет
[2026-09-07 04:53:00] 🌾 [loop] farm: выключен → пропускаем runFarmCycle
[2026-09-07 04:53:00] 🚀 [loop] expedition: выключен → пропускаем launchExpeditions
[2026-09-07 04:53:00] 📊 [tick] миссий: 10 (expedition:2 unknown:4 return:4), атаки: 0
[2026-09-07 04:54:30] 🔘 [loop] флаги: farm=OFF (Линкор), expedition=OFF (Линкор×300e9, Броненосец×3e9, Эсминец×2e9, Крейсер×7e9), safety=ON; reserveSlots=10
[2026-09-07 04:54:32] 🔒 [loop] safety: включён → запускаем runSafetyCheck
[2026-09-07 04:54:32] 🛡️ [safety] Главная луна 1:363:6: входящие=0
[2026-09-07 04:54:32] 🛡️ [safety] Атак на главную луну нет, эвакуированных флотов нет
[2026-09-07 04:54:32] 🌾 [loop] farm: выключен → пропускаем runFarmCycle
[2026-09-07 04:54:32] 🚀 [loop] expedition: выключен → пропускаем launchExpeditions
[2026-09-07 04:54:32] 📊 [tick] миссий: 10 (expedition:2 unknown:4 return:4), атаки: 0
[2026-09-07 04:56:11] 🔘 [loop] флаги: farm=OFF (Линкор), expedition=OFF (Линкор×300e9, Броненосец×3e9, Эсминец×2e9, Крейсер×7e9), safety=ON; reserveSlots=10
[2026-09-07 04:56:13] 🔒 [loop] safety: включён → запускаем runSafetyCheck
[2026-09-07 04:56:13] 🛡️ [safety] Главная луна 1:363:6: входящие=0
[2026-09-07 04:56:13] 🛡️ [safety] Атак на главную луну нет, эвакуированных флотов нет
[2026-09-07 04:56:13] 🌾 [loop] farm: выключен → пропускаем runFarmCycle
[2026-09-07 04:56:13] 🚀 [loop] expedition: выключен → пропускаем launchExpeditions
[2026-09-07 04:56:13] 📊 [tick] миссий: 10 (expedition:2 unknown:4 return:4), атаки: 0
[2026-09-07 04:57:39] 🔘 [loop] флаги: farm=OFF (Линкор), expedition=OFF (Линкор×300e9, Броненосец×3e9, Эсминец×2e9, Крейсер×7e9), safety=ON; reserveSlots=10
[2026-09-07 04:57:40] 🔒 [loop] safety: включён → запускаем runSafetyCheck
[2026-09-07 04:57:40] 🛡️ [safety] Главная луна 1:363:6: входящие=0
[2026-09-07 04:57:40] 🛡️ [safety] Атак на главную луну нет, эвакуированных флотов нет
[2026-09-07 04:57:40] 🌾 [loop] farm: выключен → пропускаем runFarmCycle
[2026-09-07 04:57:40] 🚀 [loop] expedition: выключен → пропускаем launchExpeditions
[2026-09-07 04:57:40] 📊 [tick] миссий: 10 (expedition:2 unknown:4 return:4), атаки: 0
[2026-09-07 04:59:14] 🔘 [loop] флаги: farm=OFF (Линкор), expedition=OFF (Линкор×300e9, Броненосец×3e9, Эсминец×2e9, Крейсер×7e9), safety=ON; reserveSlots=10
[2026-09-07 04:59:15] 🔒 [loop] safety: включён → запускаем runSafetyCheck
[2026-09-07 04:59:15] 🛡️ [safety] Главная луна 1:363:6: входящие=0
[2026-09-07 04:59:15] 🛡️ [safety] Атак на главную луну нет, эвакуированных флотов нет
[2026-09-07 04:59:15] 🌾 [loop] farm: выключен → пропускаем runFarmCycle
[2026-09-07 04:59:15] 🚀 [loop] expedition: выключен → пропускаем launchExpeditions
[2026-09-07 04:59:15] 📊 [tick] миссий: 10 (expedition:2 unknown:4 return:4), атаки: 0
[2026-09-07 05:00:50] 🔘 [loop] флаги: farm=OFF (Линкор), expedition=OFF (Линкор×300e9, Броненосец×3e9, Эсминец×2e9, Крейсер×7e9), safety=ON; reserveSlots=10
[2026-09-07 05:00:51] 🔒 [loop] safety: включён → запускаем runSafetyCheck
[2026-09-07 05:00:51] 🛡️ [safety] Главная луна 1:363:6: входящие=0
[2026-09-07 05:00:51] 🛡️ [safety] Атак на главную луну нет, эвакуированных флотов нет
[2026-09-07 05:00:51] 🌾 [loop] farm: выключен → пропускаем runFarmCycle
[2026-09-07 05:00:51] 🚀 [loop] expedition: выключен → пропускаем launchExpeditions
[2026-09-07 05:00:51] 📊 [tick] миссий: 10 (expedition:2 unknown:4 return:4), атаки: 0
[2026-09-07 05:02:18] 🔘 [loop] флаги: farm=OFF (Линкор), expedition=OFF (Линкор×300e9, Броненосец×3e9, Эсминец×2e9, Крейсер×7e9), safety=ON; reserveSlots=10
[2026-09-07 05:02:19] 🔒 [loop] safety: включён → запускаем runSafetyCheck
[2026-09-07 05:02:19] 🛡️ [safety] Главная луна 1:363:6: входящие=0
[2026-09-07 05:02:19] 🛡️ [safety] Атак на главную луну нет, эвакуированных флотов нет
[2026-09-07 05:02:19] 🌾 [loop] farm: выключен → пропускаем runFarmCycle
[2026-09-07 05:02:19] 🚀 [loop] expedition: выключен → пропускаем launchExpeditions
[2026-09-07 05:02:19] 📊 [tick] миссий: 10 (expedition:2 unknown:4 return:4), атаки: 0
[2026-09-07 05:04:04] 🔘 [loop] флаги: farm=OFF (Линкор), expedition=OFF (Линкор×300e9, Броненосец×3e9, Эсминец×2e9, Крейсер×7e9), safety=ON; reserveSlots=10
[2026-09-07 05:04:05] 🔒 [loop] safety: включён → запускаем runSafetyCheck
[2026-09-07 05:04:05] 🛡️ [safety] Главная луна 1:363:6: входящие=0
[2026-09-07 05:04:05] 🛡️ [safety] Атак на главную луну нет, эвакуированных флотов нет
[2026-09-07 05:04:05] 🌾 [loop] farm: выключен → пропускаем runFarmCycle
[2026-09-07 05:04:05] 🚀 [loop] expedition: выключен → пропускаем launchExpeditions
[2026-09-07 05:04:05] 📊 [tick] миссий: 10 (expedition:2 unknown:4 return:4), атаки: 0
[2026-09-07 05:05:38] 🔘 [loop] флаги: farm=OFF (Линкор), expedition=OFF (Линкор×300e9, Броненосец×3e9, Эсминец×2e9, Крейсер×7e9), safety=ON; reserveSlots=10
[2026-09-07 05:05:39] 🔒 [loop] safety: включён → запускаем runSafetyCheck
[2026-09-07 05:05:39] 🛡️ [safety] Главная луна 1:363:6: входящие=0
[2026-09-07 05:05:39] 🛡️ [safety] Атак на главную луну нет, эвакуированных флотов нет
[2026-09-07 05:05:39] 🌾 [loop] farm: выключен → пропускаем runFarmCycle
[2026-09-07 05:05:39] 🚀 [loop] expedition: выключен → пропускаем launchExpeditions
[2026-09-07 05:05:39] 📊 [tick] миссий: 10 (expedition:2 unknown:4 return:4), атаки: 0
[2026-09-07 05:07:08] 🔘 [loop] флаги: farm=OFF (Линкор), expedition=OFF (Линкор×300e9, Броненосец×3e9, Эсминец×2e9, Крейсер×7e9), safety=ON; reserveSlots=10
[2026-09-07 05:07:10] 🔒 [loop] safety: включён → запускаем runSafetyCheck
[2026-09-07 05:07:10] 🛡️ [safety] Главная луна 1:363:6: входящие=0
[2026-09-07 05:07:10] 🛡️ [safety] Атак на главную луну нет, эвакуированных флотов нет
[2026-09-07 05:07:10] 🌾 [loop] farm: выключен → пропускаем runFarmCycle
[2026-09-07 05:07:10] 🚀 [loop] expedition: выключен → пропускаем launchExpeditions
[2026-09-07 05:07:10] 📊 [tick] миссий: 10 (expedition:2 unknown:4 return:4), атаки: 0
[2026-09-07 05:08:48] 🔘 [loop] флаги: farm=OFF (Линкор), expedition=OFF (Линкор×300e9, Броненосец×3e9, Эсминец×2e9, Крейсер×7e9), safety=ON; reserveSlots=10
[2026-09-07 05:08:49] 🔒 [loop] safety: включён → запускаем runSafetyCheck
[2026-09-07 05:08:49] 🛡️ [safety] Главная луна 1:363:6: входящие=0
[2026-09-07 05:08:49] 🛡️ [safety] Атак на главную луну нет, эвакуированных флотов нет
[2026-09-07 05:08:49] 🌾 [loop] farm: выключен → пропускаем runFarmCycle
[2026-09-07 05:08:49] 🚀 [loop] expedition: выключен → пропускаем launchExpeditions
[2026-09-07 05:08:49] 📊 [tick] миссий: 10 (expedition:2 unknown:4 return:4), атаки: 0
[2026-09-07 05:10:28] 🔘 [loop] флаги: farm=OFF (Линкор), expedition=OFF (Линкор×300e9, Броненосец×3e9, Эсминец×2e9, Крейсер×7e9), safety=ON; reserveSlots=10
[2026-09-07 05:10:29] 🔒 [loop] safety: включён → запускаем runSafetyCheck
[2026-09-07 05:10:29] 🛡️ [safety] Главная луна 1:363:6: входящие=0
[2026-09-07 05:10:29] 🛡️ [safety] Атак на главную луну нет, эвакуированных флотов нет
[2026-09-07 05:10:29] 🌾 [loop] farm: выключен → пропускаем runFarmCycle
[2026-09-07 05:10:29] 🚀 [loop] expedition: выключен → пропускаем launchExpeditions
[2026-09-07 05:10:29] 📊 [tick] миссий: 10 (expedition:2 unknown:4 return:4), атаки: 0
[2026-09-07 05:12:15] 🔘 [loop] флаги: farm=OFF (Линкор), expedition=OFF (Линкор×300e9, Броненосец×3e9, Эсминец×2e9, Крейсер×7e9), safety=ON; reserveSlots=10
[2026-09-07 05:12:15] 🔒 [loop] safety: включён → запускаем runSafetyCheck
[2026-09-07 05:12:15] 🛡️ [safety] Главная луна 1:363:6: входящие=0
[2026-09-07 05:12:15] 🛡️ [safety] Атак на главную луну нет, эвакуированных флотов нет
[2026-09-07 05:12:15] 🌾 [loop] farm: выключен → пропускаем runFarmCycle
[2026-09-07 05:12:15] 🚀 [loop] expedition: выключен → пропускаем launchExpeditions
[2026-09-07 05:12:15] 📊 [tick] миссий: 10 (expedition:2 unknown:4 return:4), атаки: 0
[2026-09-07 05:13:52] 🔘 [loop] флаги: farm=OFF (Линкор), expedition=OFF (Линкор×300e9, Броненосец×3e9, Эсминец×2e9, Крейсер×7e9), safety=ON; reserveSlots=10
[2026-09-07 05:13:54] 🔒 [loop] safety: включён → запускаем runSafetyCheck
[2026-09-07 05:13:54] 🛡️ [safety] Главная луна 1:363:6: входящие=0
[2026-09-07 05:13:54] 🛡️ [safety] Атак на главную луну нет, эвакуированных флотов нет
[2026-09-07 05:13:54] 🌾 [loop] farm: выключен → пропускаем runFarmCycle
[2026-09-07 05:13:54] 🚀 [loop] expedition: выключен → пропускаем launchExpeditions
[2026-09-07 05:13:54] 📊 [tick] миссий: 10 (expedition:2 unknown:4 return:4), атаки: 0
[2026-09-07 05:15:35] 🔘 [loop] флаги: farm=OFF (Линкор), expedition=OFF (Линкор×300e9, Броненосец×3e9, Эсминец×2e9, Крейсер×7e9), safety=ON; reserveSlots=10
[2026-09-07 05:15:36] 🔒 [loop] safety: включён → запускаем runSafetyCheck
[2026-09-07 05:15:36] 🛡️ [safety] Главная луна 1:363:6: входящие=0
[2026-09-07 05:15:36] 🛡️ [safety] Атак на главную луну нет, эвакуированных флотов нет
[2026-09-07 05:15:36] 🌾 [loop] farm: выключен → пропускаем runFarmCycle
[2026-09-07 05:15:36] 🚀 [loop] expedition: выключен → пропускаем launchExpeditions
[2026-09-07 05:15:36] 📊 [tick] миссий: 10 (expedition:2 unknown:4 return:4), атаки: 0
[2026-09-07 05:17:06] 🔘 [loop] флаги: farm=OFF (Линкор), expedition=OFF (Линкор×300e9, Броненосец×3e9, Эсминец×2e9, Крейсер×7e9), safety=ON; reserveSlots=10
[2026-09-07 05:17:07] 🔒 [loop] safety: включён → запускаем runSafetyCheck
[2026-09-07 05:17:07] 🛡️ [safety] Главная луна 1:363:6: входящие=0
[2026-09-07 05:17:07] 🛡️ [safety] Атак на главную луну нет, эвакуированных флотов нет
[2026-09-07 05:17:07] 🌾 [loop] farm: выключен → пропускаем runFarmCycle
[2026-09-07 05:17:07] 🚀 [loop] expedition: выключен → пропускаем launchExpeditions
[2026-09-07 05:17:07] 📊 [tick] миссий: 10 (expedition:2 unknown:4 return:4), атаки: 0
[2026-09-07 05:18:43] 🔘 [loop] флаги: farm=OFF (Линкор), expedition=OFF (Линкор×300e9, Броненосец×3e9, Эсминец×2e9, Крейсер×7e9), safety=ON; reserveSlots=10
[2026-09-07 05:18:44] 🔒 [loop] safety: включён → запускаем runSafetyCheck
[2026-09-07 05:18:44] 🛡️ [safety] Главная луна 1:363:6: входящие=0
[2026-09-07 05:18:44] 🛡️ [safety] Атак на главную луну нет, эвакуированных флотов нет
[2026-09-07 05:18:44] 🌾 [loop] farm: выключен → пропускаем runFarmCycle
[2026-09-07 05:18:44] 🚀 [loop] expedition: выключен → пропускаем launchExpeditions
[2026-09-07 05:18:44] 📊 [tick] миссий: 10 (expedition:2 unknown:4 return:4), атаки: 0
[2026-09-07 05:20:12] 🔘 [loop] флаги: farm=OFF (Линкор), expedition=OFF (Линкор×300e9, Броненосец×3e9, Эсминец×2e9, Крейсер×7e9), safety=ON; reserveSlots=10
[2026-09-07 05:20:13] 🔒 [loop] safety: включён → запускаем runSafetyCheck
[2026-09-07 05:20:13] 🛡️ [safety] Главная луна 1:363:6: входящие=0
[2026-09-07 05:20:13] 🛡️ [safety] Атак на главную луну нет, эвакуированных флотов нет
[2026-09-07 05:20:13] 🌾 [loop] farm: выключен → пропускаем runFarmCycle
[2026-09-07 05:20:13] 🚀 [loop] expedition: выключен → пропускаем launchExpeditions
[2026-09-07 05:20:13] 📊 [tick] миссий: 10 (expedition:2 unknown:4 return:4), атаки: 0
[2026-09-07 05:21:45] 🔘 [loop] флаги: farm=OFF (Линкор), expedition=OFF (Линкор×300e9, Броненосец×3e9, Эсминец×2e9, Крейсер×7e9), safety=ON; reserveSlots=10
[2026-09-07 05:21:46] 🔒 [loop] safety: включён → запускаем runSafetyCheck
[2026-09-07 05:21:46] 🛡️ [safety] Главная луна 1:363:6: входящие=0
[2026-09-07 05:21:46] 🛡️ [safety] Атак на главную луну нет, эвакуированных флотов нет
[2026-09-07 05:21:46] 🌾 [loop] farm: выключен → пропускаем runFarmCycle
[2026-09-07 05:21:46] 🚀 [loop] expedition: выключен → пропускаем launchExpeditions
[2026-09-07 05:21:46] 📊 [tick] миссий: 10 (expedition:2 unknown:4 return:4), атаки: 0
[2026-09-07 05:23:15] 🔘 [loop] флаги: farm=OFF (Линкор), expedition=OFF (Линкор×300e9, Броненосец×3e9, Эсминец×2e9, Крейсер×7e9), safety=ON; reserveSlots=10
[2026-09-07 05:23:17] 🔒 [loop] safety: включён → запускаем runSafetyCheck
[2026-09-07 05:23:17] 🛡️ [safety] Главная луна 1:363:6: входящие=0
[2026-09-07 05:23:17] 🛡️ [safety] Атак на главную луну нет, эвакуированных флотов нет
[2026-09-07 05:23:17] 🌾 [loop] farm: выключен → пропускаем runFarmCycle
[2026-09-07 05:23:17] 🚀 [loop] expedition: выключен → пропускаем launchExpeditions
[2026-09-07 05:23:17] 📊 [tick] миссий: 10 (expedition:2 unknown:4 return:4), атаки: 0
[2026-09-07 05:24:46] 🔘 [loop] флаги: farm=OFF (Линкор), expedition=OFF (Линкор×300e9, Броненосец×3e9, Эсминец×2e9, Крейсер×7e9), safety=ON; reserveSlots=10
[2026-09-07 05:24:47] 🔒 [loop] safety: включён → запускаем runSafetyCheck
[2026-09-07 05:24:47] 🛡️ [safety] Главная луна 1:363:6: входящие=0
[2026-09-07 05:24:47] 🛡️ [safety] Атак на главную луну нет, эвакуированных флотов нет
[2026-09-07 05:24:47] 🌾 [loop] farm: выключен → пропускаем runFarmCycle
[2026-09-07 05:24:47] 🚀 [loop] expedition: выключен → пропускаем launchExpeditions
[2026-09-07 05:24:47] 📊 [tick] миссий: 10 (expedition:2 unknown:4 return:4), атаки: 0
[2026-09-07 05:26:21] 🔘 [loop] флаги: farm=OFF (Линкор), expedition=OFF (Линкор×300e9, Броненосец×3e9, Эсминец×2e9, Крейсер×7e9), safety=ON; reserveSlots=10
[2026-09-07 05:26:23] 🔒 [loop] safety: включён → запускаем runSafetyCheck
[2026-09-07 05:26:23] 🛡️ [safety] Главная луна 1:363:6: входящие=0
[2026-09-07 05:26:23] 🛡️ [safety] Атак на главную луну нет, эвакуированных флотов нет
[2026-09-07 05:26:23] 🌾 [loop] farm: выключен → пропускаем runFarmCycle
[2026-09-07 05:26:23] 🚀 [loop] expedition: выключен → пропускаем launchExpeditions
[2026-09-07 05:26:23] 📊 [tick] миссий: 10 (expedition:2 unknown:4 return:4), атаки: 0
[2026-09-07 05:27:52] 🔘 [loop] флаги: farm=OFF (Линкор), expedition=OFF (Линкор×300e9, Броненосец×3e9, Эсминец×2e9, Крейсер×7e9), safety=ON; reserveSlots=10
[2026-09-07 05:27:53] 🔒 [loop] safety: включён → запускаем runSafetyCheck
[2026-09-07 05:27:53] 🛡️ [safety] Главная луна 1:363:6: входящие=0
[2026-09-07 05:27:53] 🛡️ [safety] Атак на главную луну нет, эвакуированных флотов нет
[2026-09-07 05:27:53] 🌾 [loop] farm: выключен → пропускаем runFarmCycle
[2026-09-07 05:27:53] 🚀 [loop] expedition: выключен → пропускаем launchExpeditions
[2026-09-07 05:27:53] 📊 [tick] миссий: 10 (expedition:2 unknown:4 return:4), атаки: 0
[2026-09-07 05:29:33] 🔘 [loop] флаги: farm=OFF (Линкор), expedition=OFF (Линкор×300e9, Броненосец×3e9, Эсминец×2e9, Крейсер×7e9), safety=ON; reserveSlots=10
[2026-09-07 05:29:34] 🔒 [loop] safety: включён → запускаем runSafetyCheck
[2026-09-07 05:29:34] 🛡️ [safety] Главная луна 1:363:6: входящие=0
[2026-09-07 05:29:34] 🛡️ [safety] Атак на главную луну нет, эвакуированных флотов нет
[2026-09-07 05:29:34] 🌾 [loop] farm: выключен → пропускаем runFarmCycle
[2026-09-07 05:29:34] 🚀 [loop] expedition: выключен → пропускаем launchExpeditions
[2026-09-07 05:29:34] 📊 [tick] миссий: 10 (expedition:2 unknown:4 return:4), атаки: 0
[2026-09-07 05:31:10] 🔘 [loop] флаги: farm=OFF (Линкор), expedition=OFF (Линкор×300e9, Броненосец×3e9, Эсминец×2e9, Крейсер×7e9), safety=ON; reserveSlots=10
[2026-09-07 05:31:11] 🔒 [loop] safety: включён → запускаем runSafetyCheck
[2026-09-07 05:31:11] 🛡️ [safety] Главная луна 1:363:6: входящие=0
[2026-09-07 05:31:11] 🛡️ [safety] Атак на главную луну нет, эвакуированных флотов нет
[2026-09-07 05:31:11] 🌾 [loop] farm: выключен → пропускаем runFarmCycle
[2026-09-07 05:31:11] 🚀 [loop] expedition: выключен → пропускаем launchExpeditions
[2026-09-07 05:31:11] 📊 [tick] миссий: 10 (expedition:2 unknown:4 return:4), атаки: 0
[2026-09-07 05:32:53] 🔘 [loop] флаги: farm=OFF (Линкор), expedition=OFF (Линкор×300e9, Броненосец×3e9, Эсминец×2e9, Крейсер×7e9), safety=ON; reserveSlots=10
[2026-09-07 05:32:54] 🔒 [loop] safety: включён → запускаем runSafetyCheck
[2026-09-07 05:32:54] 🛡️ [safety] Главная луна 1:363:6: входящие=0
[2026-09-07 05:32:54] 🛡️ [safety] Атак на главную луну нет, эвакуированных флотов нет
[2026-09-07 05:32:54] 🌾 [loop] farm: выключен → пропускаем runFarmCycle
[2026-09-07 05:32:54] 🚀 [loop] expedition: выключен → пропускаем launchExpeditions
[2026-09-07 05:32:54] 📊 [tick] миссий: 10 (expedition:2 unknown:4 return:4), атаки: 0
[2026-09-07 05:34:38] 🔘 [loop] флаги: farm=OFF (Линкор), expedition=OFF (Линкор×300e9, Броненосец×3e9, Эсминец×2e9, Крейсер×7e9), safety=ON; reserveSlots=10
[2026-09-07 05:34:39] 🔒 [loop] safety: включён → запускаем runSafetyCheck
[2026-09-07 05:34:39] 🛡️ [safety] Главная луна 1:363:6: входящие=0
[2026-09-07 05:34:39] 🛡️ [safety] Атак на главную луну нет, эвакуированных флотов нет
[2026-09-07 05:34:39] 🌾 [loop] farm: выключен → пропускаем runFarmCycle
[2026-09-07 05:34:39] 🚀 [loop] expedition: выключен → пропускаем launchExpeditions
[2026-09-07 05:34:39] 📊 [tick] миссий: 10 (expedition:2 unknown:4 return:4), атаки: 0
[2026-09-07 05:36:17] 🔘 [loop] флаги: farm=OFF (Линкор), expedition=OFF (Линкор×300e9, Броненосец×3e9, Эсминец×2e9, Крейсер×7e9), safety=ON; reserveSlots=10
[2026-09-07 05:36:18] 🔒 [loop] safety: включён → запускаем runSafetyCheck
[2026-09-07 05:36:18] 🛡️ [safety] Главная луна 1:363:6: входящие=0
[2026-09-07 05:36:18] 🛡️ [safety] Атак на главную луну нет, эвакуированных флотов нет
[2026-09-07 05:36:18] 🌾 [loop] farm: выключен → пропускаем runFarmCycle
[2026-09-07 05:36:18] 🚀 [loop] expedition: выключен → пропускаем launchExpeditions
[2026-09-07 05:36:18] 📊 [tick] миссий: 10 (expedition:2 unknown:4 return:4), атаки: 0
[2026-09-07 05:37:58] 🔘 [loop] флаги: farm=OFF (Линкор), expedition=OFF (Линкор×300e9, Броненосец×3e9, Эсминец×2e9, Крейсер×7e9), safety=ON; reserveSlots=10
[2026-09-07 05:37:59] 🔒 [loop] safety: включён → запускаем runSafetyCheck
[2026-09-07 05:37:59] 🛡️ [safety] Главная луна 1:363:6: входящие=0
[2026-09-07 05:37:59] 🛡️ [safety] Атак на главную луну нет, эвакуированных флотов нет
[2026-09-07 05:37:59] 🌾 [loop] farm: выключен → пропускаем runFarmCycle
[2026-09-07 05:37:59] 🚀 [loop] expedition: выключен → пропускаем launchExpeditions
[2026-09-07 05:37:59] 📊 [tick] миссий: 10 (expedition:2 unknown:4 return:4), атаки: 0
[2026-09-07 05:39:30] 🔘 [loop] флаги: farm=OFF (Линкор), expedition=OFF (Линкор×300e9, Броненосец×3e9, Эсминец×2e9, Крейсер×7e9), safety=ON; reserveSlots=10
[2026-09-07 05:39:31] 🔒 [loop] safety: включён → запускаем runSafetyCheck
[2026-09-07 05:39:31] 🛡️ [safety] Главная луна 1:363:6: входящие=0
[2026-09-07 05:39:31] 🛡️ [safety] Атак на главную луну нет, эвакуированных флотов нет
[2026-09-07 05:39:31] 🌾 [loop] farm: выключен → пропускаем runFarmCycle
[2026-09-07 05:39:31] 🚀 [loop] expedition: выключен → пропускаем launchExpeditions
[2026-09-07 05:39:31] 📊 [tick] миссий: 10 (expedition:2 unknown:4 return:4), атаки: 0
[2026-09-07 05:41:03] 🔘 [loop] флаги: farm=OFF (Линкор), expedition=OFF (Линкор×300e9, Броненосец×3e9, Эсминец×2e9, Крейсер×7e9), safety=ON; reserveSlots=10
[2026-09-07 05:41:10] 🔒 [loop] safety: включён → запускаем runSafetyCheck
[2026-09-07 05:41:10] 🛡️ [safety] Главная луна 1:363:6: входящие=0
[2026-09-07 05:41:10] 🛡️ [safety] Атак на главную луну нет, эвакуированных флотов нет
[2026-09-07 05:41:10] 🌾 [loop] farm: выключен → пропускаем runFarmCycle
[2026-09-07 05:41:10] 🚀 [loop] expedition: выключен → пропускаем launchExpeditions
[2026-09-07 05:41:10] 📊 [tick] миссий: 10 (expedition:2 unknown:4 return:4), атаки: 0
[2026-09-07 05:42:31] 🔘 [loop] флаги: farm=OFF (Линкор), expedition=OFF (Линкор×300e9, Броненосец×3e9, Эсминец×2e9, Крейсер×7e9), safety=ON; reserveSlots=10
[2026-09-07 05:42:32] 🔒 [loop] safety: включён → запускаем runSafetyCheck
[2026-09-07 05:42:32] 🛡️ [safety] Главная луна 1:363:6: входящие=0
[2026-09-07 05:42:32] 🛡️ [safety] Атак на главную луну нет, эвакуированных флотов нет
[2026-09-07 05:42:32] 🌾 [loop] farm: выключен → пропускаем runFarmCycle
[2026-09-07 05:42:32] 🚀 [loop] expedition: выключен → пропускаем launchExpeditions
[2026-09-07 05:42:32] 📊 [tick] миссий: 10 (expedition:2 unknown:4 return:4), атаки: 0
[2026-09-07 05:44:06] 🔘 [loop] флаги: farm=OFF (Линкор), expedition=OFF (Линкор×300e9, Броненосец×3e9, Эсминец×2e9, Крейсер×7e9), safety=ON; reserveSlots=10
[2026-09-07 05:44:07] 🔒 [loop] safety: включён → запускаем runSafetyCheck
[2026-09-07 05:44:07] 🛡️ [safety] Главная луна 1:363:6: входящие=0
[2026-09-07 05:44:07] 🛡️ [safety] Атак на главную луну нет, эвакуированных флотов нет
[2026-09-07 05:44:07] 🌾 [loop] farm: выключен → пропускаем runFarmCycle
[2026-09-07 05:44:07] 🚀 [loop] expedition: выключен → пропускаем launchExpeditions
[2026-09-07 05:44:07] 📊 [tick] миссий: 10 (expedition:2 unknown:4 return:4), атаки: 0
[2026-09-07 05:45:34] 🔘 [loop] флаги: farm=OFF (Линкор), expedition=OFF (Линкор×300e9, Броненосец×3e9, Эсминец×2e9, Крейсер×7e9), safety=ON; reserveSlots=10
[2026-09-07 05:45:35] 🔒 [loop] safety: включён → запускаем runSafetyCheck
[2026-09-07 05:45:35] 🛡️ [safety] Главная луна 1:363:6: входящие=0
[2026-09-07 05:45:35] 🛡️ [safety] Атак на главную луну нет, эвакуированных флотов нет
[2026-09-07 05:45:35] 🌾 [loop] farm: выключен → пропускаем runFarmCycle
[2026-09-07 05:45:35] 🚀 [loop] expedition: выключен → пропускаем launchExpeditions
[2026-09-07 05:45:35] 📊 [tick] миссий: 10 (expedition:2 unknown:4 return:4), атаки: 0
[2026-09-07 05:47:07] 🔘 [loop] флаги: farm=OFF (Линкор), expedition=OFF (Линкор×300e9, Броненосец×3e9, Эсминец×2e9, Крейсер×7e9), safety=ON; reserveSlots=10
[2026-09-07 05:47:08] 🔒 [loop] safety: включён → запускаем runSafetyCheck
[2026-09-07 05:47:08] 🛡️ [safety] Главная луна 1:363:6: входящие=0
[2026-09-07 05:47:08] 🛡️ [safety] Атак на главную луну нет, эвакуированных флотов нет
[2026-09-07 05:47:08] 🌾 [loop] farm: выключен → пропускаем runFarmCycle
[2026-09-07 05:47:08] 🚀 [loop] expedition: выключен → пропускаем launchExpeditions
[2026-09-07 05:47:08] 📊 [tick] миссий: 10 (expedition:2 unknown:4 return:4), атаки: 0
[2026-09-07 05:48:39] 🔘 [loop] флаги: farm=OFF (Линкор), expedition=OFF (Линкор×300e9, Броненосец×3e9, Эсминец×2e9, Крейсер×7e9), safety=ON; reserveSlots=10
[2026-09-07 05:48:40] 🔒 [loop] safety: включён → запускаем runSafetyCheck
[2026-09-07 05:48:40] 🛡️ [safety] Главная луна 1:363:6: входящие=0
[2026-09-07 05:48:40] 🛡️ [safety] Атак на главную луну нет, эвакуированных флотов нет
[2026-09-07 05:48:40] 🌾 [loop] farm: выключен → пропускаем runFarmCycle
[2026-09-07 05:48:40] 🚀 [loop] expedition: выключен → пропускаем launchExpeditions
[2026-09-07 05:48:40] 📊 [tick] миссий: 10 (expedition:2 unknown:4 return:4), атаки: 0
[2026-09-07 05:50:10] 🔘 [loop] флаги: farm=OFF (Линкор), expedition=OFF (Линкор×300e9, Броненосец×3e9, Эсминец×2e9, Крейсер×7e9), safety=ON; reserveSlots=10
[2026-09-07 05:50:11] 🔒 [loop] safety: включён → запускаем runSafetyCheck
[2026-09-07 05:50:11] 🛡️ [safety] Главная луна 1:363:6: входящие=0
[2026-09-07 05:50:11] 🛡️ [safety] Атак на главную луну нет, эвакуированных флотов нет
[2026-09-07 05:50:11] 🌾 [loop] farm: выключен → пропускаем runFarmCycle
[2026-09-07 05:50:11] 🚀 [loop] expedition: выключен → пропускаем launchExpeditions
[2026-09-07 05:50:11] 📊 [tick] миссий: 10 (expedition:2 unknown:4 return:4), атаки: 0
[2026-09-07 05:51:40] 🔘 [loop] флаги: farm=OFF (Линкор), expedition=OFF (Линкор×300e9, Броненосец×3e9, Эсминец×2e9, Крейсер×7e9), safety=ON; reserveSlots=10
[2026-09-07 05:51:41] 🔒 [loop] safety: включён → запускаем runSafetyCheck
[2026-09-07 05:51:41] 🛡️ [safety] Главная луна 1:363:6: входящие=0
[2026-09-07 05:51:41] 🛡️ [safety] Атак на главную луну нет, эвакуированных флотов нет
[2026-09-07 05:51:41] 🌾 [loop] farm: выключен → пропускаем runFarmCycle
[2026-09-07 05:51:41] 🚀 [loop] expedition: выключен → пропускаем launchExpeditions
[2026-09-07 05:51:41] 📊 [tick] миссий: 10 (expedition:2 unknown:4 return:4), атаки: 0
[2026-09-07 05:53:21] 🔘 [loop] флаги: farm=OFF (Линкор), expedition=OFF (Линкор×300e9, Броненосец×3e9, Эсминец×2e9, Крейсер×7e9), safety=ON; reserveSlots=10
[2026-09-07 05:53:22] 🔒 [loop] safety: включён → запускаем runSafetyCheck
[2026-09-07 05:53:22] 🛡️ [safety] Главная луна 1:363:6: входящие=0
[2026-09-07 05:53:22] 🛡️ [safety] Атак на главную луну нет, эвакуированных флотов нет
[2026-09-07 05:53:22] 🌾 [loop] farm: выключен → пропускаем runFarmCycle
[2026-09-07 05:53:22] 🚀 [loop] expedition: выключен → пропускаем launchExpeditions
[2026-09-07 05:53:22] 📊 [tick] миссий: 10 (expedition:2 unknown:4 return:4), атаки: 0
[2026-09-07 05:55:02] 🔘 [loop] флаги: farm=OFF (Линкор), expedition=OFF (Линкор×300e9, Броненосец×3e9, Эсминец×2e9, Крейсер×7e9), safety=ON; reserveSlots=10
[2026-09-07 05:55:03] 🔒 [loop] safety: включён → запускаем runSafetyCheck
[2026-09-07 05:55:03] 🛡️ [safety] Главная луна 1:363:6: входящие=0
[2026-09-07 05:55:03] 🛡️ [safety] Атак на главную луну нет, эвакуированных флотов нет
[2026-09-07 05:55:03] 🌾 [loop] farm: выключен → пропускаем runFarmCycle
[2026-09-07 05:55:03] 🚀 [loop] expedition: выключен → пропускаем launchExpeditions
[2026-09-07 05:55:03] 📊 [tick] миссий: 10 (expedition:2 unknown:4 return:4), атаки: 0
[2026-09-07 05:56:46] 🔘 [loop] флаги: farm=OFF (Линкор), expedition=OFF (Линкор×300e9, Броненосец×3e9, Эсминец×2e9, Крейсер×7e9), safety=ON; reserveSlots=10
[2026-09-07 05:56:48] 🔒 [loop] safety: включён → запускаем runSafetyCheck
[2026-09-07 05:56:48] 🛡️ [safety] Главная луна 1:363:6: входящие=0
[2026-09-07 05:56:48] 🛡️ [safety] Атак на главную луну нет, эвакуированных флотов нет
[2026-09-07 05:56:48] 🌾 [loop] farm: выключен → пропускаем runFarmCycle
[2026-09-07 05:56:48] 🚀 [loop] expedition: выключен → пропускаем launchExpeditions
[2026-09-07 05:56:48] 📊 [tick] миссий: 10 (expedition:2 unknown:4 return:4), атаки: 0
[2026-09-07 05:58:23] 🔘 [loop] флаги: farm=OFF (Линкор), expedition=OFF (Линкор×300e9, Броненосец×3e9, Эсминец×2e9, Крейсер×7e9), safety=ON; reserveSlots=10
[2026-09-07 05:58:24] 🔒 [loop] safety: включён → запускаем runSafetyCheck
[2026-09-07 05:58:24] 🛡️ [safety] Главная луна 1:363:6: входящие=0
[2026-09-07 05:58:24] 🛡️ [safety] Атак на главную луну нет, эвакуированных флотов нет
[2026-09-07 05:58:24] 🌾 [loop] farm: выключен → пропускаем runFarmCycle
[2026-09-07 05:58:24] 🚀 [loop] expedition: выключен → пропускаем launchExpeditions
[2026-09-07 05:58:24] 📊 [tick] миссий: 10 (expedition:2 unknown:4 return:4), атаки: 0
[2026-09-07 06:00:09] 🔘 [loop] флаги: farm=OFF (Линкор), expedition=OFF (Линкор×300e9, Броненосец×3e9, Эсминец×2e9, Крейсер×7e9), safety=ON; reserveSlots=10
[2026-09-07 06:00:10] 🔒 [loop] safety: включён → запускаем runSafetyCheck
[2026-09-07 06:00:10] 🛡️ [safety] Главная луна 1:363:6: входящие=0
[2026-09-07 06:00:10] 🛡️ [safety] Атак на главную луну нет, эвакуированных флотов нет
[2026-09-07 06:00:10] 🌾 [loop] farm: выключен → пропускаем runFarmCycle
[2026-09-07 06:00:10] 🚀 [loop] expedition: выключен → пропускаем launchExpeditions
[2026-09-07 06:00:10] 📊 [tick] миссий: 10 (expedition:2 unknown:4 return:4), атаки: 0
[2026-09-07 06:01:47] 🔘 [loop] флаги: farm=OFF (Линкор), expedition=OFF (Линкор×300e9, Броненосец×3e9, Эсминец×2e9, Крейсер×7e9), safety=ON; reserveSlots=10
[2026-09-07 06:01:48] 🔒 [loop] safety: включён → запускаем runSafetyCheck
[2026-09-07 06:01:48] 🛡️ [safety] Главная луна 1:363:6: входящие=0
[2026-09-07 06:01:48] 🛡️ [safety] Атак на главную луну нет, эвакуированных флотов нет
[2026-09-07 06:01:48] 🌾 [loop] farm: выключен → пропускаем runFarmCycle
[2026-09-07 06:01:48] 🚀 [loop] expedition: выключен → пропускаем launchExpeditions
[2026-09-07 06:01:48] 📊 [tick] миссий: 10 (expedition:2 unknown:4 return:4), атаки: 0
[2026-09-07 06:03:28] 🔘 [loop] флаги: farm=OFF (Линкор), expedition=OFF (Линкор×300e9, Броненосец×3e9, Эсминец×2e9, Крейсер×7e9), safety=ON; reserveSlots=10
[2026-09-07 06:03:29] 🔒 [loop] safety: включён → запускаем runSafetyCheck
[2026-09-07 06:03:29] 🛡️ [safety] Главная луна 1:363:6: входящие=0
[2026-09-07 06:03:29] 🛡️ [safety] Атак на главную луну нет, эвакуированных флотов нет
[2026-09-07 06:03:29] 🌾 [loop] farm: выключен → пропускаем runFarmCycle
[2026-09-07 06:03:29] 🚀 [loop] expedition: выключен → пропускаем launchExpeditions
[2026-09-07 06:03:29] 📊 [tick] миссий: 10 (expedition:2 unknown:4 return:4), атаки: 0
[2026-09-07 06:05:07] 🔘 [loop] флаги: farm=OFF (Линкор), expedition=OFF (Линкор×300e9, Броненосец×3e9, Эсминец×2e9, Крейсер×7e9), safety=ON; reserveSlots=10
[2026-09-07 06:05:08] 🔒 [loop] safety: включён → запускаем runSafetyCheck
[2026-09-07 06:05:08] 🛡️ [safety] Главная луна 1:363:6: входящие=0
[2026-09-07 06:05:08] 🛡️ [safety] Атак на главную луну нет, эвакуированных флотов нет
[2026-09-07 06:05:08] 🌾 [loop] farm: выключен → пропускаем runFarmCycle
[2026-09-07 06:05:08] 🚀 [loop] expedition: выключен → пропускаем launchExpeditions
[2026-09-07 06:05:08] 📊 [tick] миссий: 10 (expedition:2 unknown:4 return:4), атаки: 0
[2026-09-07 06:06:45] 🔘 [loop] флаги: farm=OFF (Линкор), expedition=OFF (Линкор×300e9, Броненосец×3e9, Эсминец×2e9, Крейсер×7e9), safety=ON; reserveSlots=10
[2026-09-07 06:06:46] 🔒 [loop] safety: включён → запускаем runSafetyCheck
[2026-09-07 06:06:46] 🛡️ [safety] Главная луна 1:363:6: входящие=0
[2026-09-07 06:06:46] 🛡️ [safety] Атак на главную луну нет, эвакуированных флотов нет
[2026-09-07 06:06:46] 🌾 [loop] farm: выключен → пропускаем runFarmCycle
[2026-09-07 06:06:46] 🚀 [loop] expedition: выключен → пропускаем launchExpeditions
[2026-09-07 06:06:46] 📊 [tick] миссий: 10 (expedition:2 unknown:4 return:4), атаки: 0
[2026-09-07 06:08:19] 🔘 [loop] флаги: farm=OFF (Линкор), expedition=OFF (Линкор×300e9, Броненосец×3e9, Эсминец×2e9, Крейсер×7e9), safety=ON; reserveSlots=10
[2026-09-07 06:08:20] 🔒 [loop] safety: включён → запускаем runSafetyCheck
[2026-09-07 06:08:20] 🛡️ [safety] Главная луна 1:363:6: входящие=0
[2026-09-07 06:08:20] 🛡️ [safety] Атак на главную луну нет, эвакуированных флотов нет
[2026-09-07 06:08:20] 🌾 [loop] farm: выключен → пропускаем runFarmCycle
[2026-09-07 06:08:20] 🚀 [loop] expedition: выключен → пропускаем launchExpeditions
[2026-09-07 06:08:20] 📊 [tick] миссий: 10 (expedition:2 unknown:4 return:4), атаки: 0
[2026-09-07 06:09:56] 🔘 [loop] флаги: farm=OFF (Линкор), expedition=OFF (Линкор×300e9, Броненосец×3e9, Эсминец×2e9, Крейсер×7e9), safety=ON; reserveSlots=10
[2026-09-07 06:09:57] 🔒 [loop] safety: включён → запускаем runSafetyCheck
[2026-09-07 06:09:57] 🛡️ [safety] Главная луна 1:363:6: входящие=0
[2026-09-07 06:09:57] 🛡️ [safety] Атак на главную луну нет, эвакуированных флотов нет
[2026-09-07 06:09:57] 🌾 [loop] farm: выключен → пропускаем runFarmCycle
[2026-09-07 06:09:57] 🚀 [loop] expedition: выключен → пропускаем launchExpeditions
[2026-09-07 06:09:57] 📊 [tick] миссий: 10 (expedition:2 unknown:4 return:4), атаки: 0
[2026-09-07 06:11:31] 🔘 [loop] флаги: farm=OFF (Линкор), expedition=OFF (Линкор×300e9, Броненосец×3e9, Эсминец×2e9, Крейсер×7e9), safety=ON; reserveSlots=10
[2026-09-07 06:11:31] 🔒 [loop] safety: включён → запускаем runSafetyCheck
[2026-09-07 06:11:31] 🛡️ [safety] Главная луна 1:363:6: входящие=0
[2026-09-07 06:11:31] 🛡️ [safety] Атак на главную луну нет, эвакуированных флотов нет
[2026-09-07 06:11:31] 🌾 [loop] farm: выключен → пропускаем runFarmCycle
[2026-09-07 06:11:31] 🚀 [loop] expedition: выключен → пропускаем launchExpeditions
[2026-09-07 06:11:31] 📊 [tick] миссий: 10 (expedition:2 unknown:4 return:4), атаки: 0
[2026-09-07 06:13:15] 🔘 [loop] флаги: farm=OFF (Линкор), expedition=OFF (Линкор×300e9, Броненосец×3e9, Эсминец×2e9, Крейсер×7e9), safety=ON; reserveSlots=10
[2026-09-07 06:13:16] 🔒 [loop] safety: включён → запускаем runSafetyCheck
[2026-09-07 06:13:16] 🛡️ [safety] Главная луна 1:363:6: входящие=0
[2026-09-07 06:13:16] 🛡️ [safety] Атак на главную луну нет, эвакуированных флотов нет
[2026-09-07 06:13:16] 🌾 [loop] farm: выключен → пропускаем runFarmCycle
[2026-09-07 06:13:16] 🚀 [loop] expedition: выключен → пропускаем launchExpeditions
[2026-09-07 06:13:16] 📊 [tick] миссий: 10 (expedition:2 unknown:4 return:4), атаки: 0
[2026-09-07 06:14:48] 🔘 [loop] флаги: farm=OFF (Линкор), expedition=OFF (Линкор×300e9, Броненосец×3e9, Эсминец×2e9, Крейсер×7e9), safety=ON; reserveSlots=10
[2026-09-07 06:14:50] 🔒 [loop] safety: включён → запускаем runSafetyCheck
[2026-09-07 06:14:50] 🛡️ [safety] Главная луна 1:363:6: входящие=0
[2026-09-07 06:14:50] 🛡️ [safety] Атак на главную луну нет, эвакуированных флотов нет
[2026-09-07 06:14:50] 🌾 [loop] farm: выключен → пропускаем runFarmCycle
[2026-09-07 06:14:50] 🚀 [loop] expedition: выключен → пропускаем launchExpeditions
[2026-09-07 06:14:50] 📊 [tick] миссий: 10 (expedition:2 unknown:4 return:4), атаки: 0
[2026-09-07 06:16:17] 🔘 [loop] флаги: farm=OFF (Линкор), expedition=OFF (Линкор×300e9, Броненосец×3e9, Эсминец×2e9, Крейсер×7e9), safety=ON; reserveSlots=10
[2026-09-07 06:16:18] 🔒 [loop] safety: включён → запускаем runSafetyCheck
[2026-09-07 06:16:18] 🛡️ [safety] Главная луна 1:363:6: входящие=0
[2026-09-07 06:16:18] 🛡️ [safety] Атак на главную луну нет, эвакуированных флотов нет
[2026-09-07 06:16:18] 🌾 [loop] farm: выключен → пропускаем runFarmCycle
[2026-09-07 06:16:18] 🚀 [loop] expedition: выключен → пропускаем launchExpeditions
[2026-09-07 06:16:18] 📊 [tick] миссий: 10 (expedition:2 unknown:4 return:4), атаки: 0
[2026-09-07 06:17:55] 🔘 [loop] флаги: farm=OFF (Линкор), expedition=OFF (Линкор×300e9, Броненосец×3e9, Эсминец×2e9, Крейсер×7e9), safety=ON; reserveSlots=10
[2026-09-07 06:17:56] 🔒 [loop] safety: включён → запускаем runSafetyCheck
[2026-09-07 06:17:56] 🛡️ [safety] Главная луна 1:363:6: входящие=0
[2026-09-07 06:17:56] 🛡️ [safety] Атак на главную луну нет, эвакуированных флотов нет
[2026-09-07 06:17:56] 🌾 [loop] farm: выключен → пропускаем runFarmCycle
[2026-09-07 06:17:56] 🚀 [loop] expedition: выключен → пропускаем launchExpeditions
[2026-09-07 06:17:56] 📊 [tick] миссий: 10 (expedition:2 unknown:4 return:4), атаки: 0
[2026-09-07 06:19:28] 🔘 [loop] флаги: farm=OFF (Линкор), expedition=OFF (Линкор×300e9, Броненосец×3e9, Эсминец×2e9, Крейсер×7e9), safety=ON; reserveSlots=10
[2026-09-07 06:19:28] 🔒 [loop] safety: включён → запускаем runSafetyCheck
[2026-09-07 06:19:28] 🛡️ [safety] Главная луна 1:363:6: входящие=0
[2026-09-07 06:19:28] 🛡️ [safety] Атак на главную луну нет, эвакуированных флотов нет
[2026-09-07 06:19:28] 🌾 [loop] farm: выключен → пропускаем runFarmCycle
[2026-09-07 06:19:28] 🚀 [loop] expedition: выключен → пропускаем launchExpeditions
[2026-09-07 06:19:28] 📊 [tick] миссий: 10 (expedition:2 unknown:4 return:4), атаки: 0
[2026-09-07 06:21:13] 🔘 [loop] флаги: farm=OFF (Линкор), expedition=OFF (Линкор×300e9, Броненосец×3e9, Эсминец×2e9, Крейсер×7e9), safety=ON; reserveSlots=10
[2026-09-07 06:21:14] 🔒 [loop] safety: включён → запускаем runSafetyCheck
[2026-09-07 06:21:14] 🛡️ [safety] Главная луна 1:363:6: входящие=0
[2026-09-07 06:21:14] 🛡️ [safety] Атак на главную луну нет, эвакуированных флотов нет
[2026-09-07 06:21:14] 🌾 [loop] farm: выключен → пропускаем runFarmCycle
[2026-09-07 06:21:14] 🚀 [loop] expedition: выключен → пропускаем launchExpeditions
[2026-09-07 06:21:14] 📊 [tick] миссий: 10 (expedition:2 unknown:4 return:4), атаки: 0
[2026-09-07 06:22:54] 🔘 [loop] флаги: farm=OFF (Линкор), expedition=OFF (Линкор×300e9, Броненосец×3e9, Эсминец×2e9, Крейсер×7e9), safety=ON; reserveSlots=10
[2026-09-07 06:22:55] 🔒 [loop] safety: включён → запускаем runSafetyCheck
[2026-09-07 06:22:55] 🛡️ [safety] Главная луна 1:363:6: входящие=0
[2026-09-07 06:22:55] 🛡️ [safety] Атак на главную луну нет, эвакуированных флотов нет
[2026-09-07 06:22:55] 🌾 [loop] farm: выключен → пропускаем runFarmCycle
[2026-09-07 06:22:55] 🚀 [loop] expedition: выключен → пропускаем launchExpeditions
[2026-09-07 06:22:55] 📊 [tick] миссий: 10 (expedition:2 unknown:4 return:4), атаки: 0
[2026-09-07 06:24:29] 🔘 [loop] флаги: farm=OFF (Линкор), expedition=OFF (Линкор×300e9, Броненосец×3e9, Эсминец×2e9, Крейсер×7e9), safety=ON; reserveSlots=10
[2026-09-07 06:24:30] 🔒 [loop] safety: включён → запускаем runSafetyCheck
[2026-09-07 06:24:30] 🛡️ [safety] Главная луна 1:363:6: входящие=0
[2026-09-07 06:24:30] 🛡️ [safety] Атак на главную луну нет, эвакуированных флотов нет
[2026-09-07 06:24:30] 🌾 [loop] farm: выключен → пропускаем runFarmCycle
[2026-09-07 06:24:30] 🚀 [loop] expedition: выключен → пропускаем launchExpeditions
[2026-09-07 06:24:30] 📊 [tick] миссий: 10 (expedition:2 unknown:4 return:4), атаки: 0
[2026-09-07 06:26:00] 🔘 [loop] флаги: farm=OFF (Линкор), expedition=OFF (Линкор×300e9, Броненосец×3e9, Эсминец×2e9, Крейсер×7e9), safety=ON; reserveSlots=10
[2026-09-07 06:26:01] 🔒 [loop] safety: включён → запускаем runSafetyCheck
[2026-09-07 06:26:01] 🛡️ [safety] Главная луна 1:363:6: входящие=0
[2026-09-07 06:26:01] 🛡️ [safety] Атак на главную луну нет, эвакуированных флотов нет
[2026-09-07 06:26:01] 🌾 [loop] farm: выключен → пропускаем runFarmCycle
[2026-09-07 06:26:01] 🚀 [loop] expedition: выключен → пропускаем launchExpeditions
[2026-09-07 06:26:01] 📊 [tick] миссий: 10 (expedition:2 unknown:4 return:4), атаки: 0
[2026-09-07 06:27:41] 🔘 [loop] флаги: farm=OFF (Линкор), expedition=OFF (Линкор×300e9, Броненосец×3e9, Эсминец×2e9, Крейсер×7e9), safety=ON; reserveSlots=10
[2026-09-07 06:27:42] 🔒 [loop] safety: включён → запускаем runSafetyCheck
[2026-09-07 06:27:42] 🛡️ [safety] Главная луна 1:363:6: входящие=0
[2026-09-07 06:27:42] 🛡️ [safety] Атак на главную луну нет, эвакуированных флотов нет
[2026-09-07 06:27:42] 🌾 [loop] farm: выключен → пропускаем runFarmCycle
[2026-09-07 06:27:42] 🚀 [loop] expedition: выключен → пропускаем launchExpeditions
[2026-09-07 06:27:42] 📊 [tick] миссий: 10 (expedition:2 unknown:4 return:4), атаки: 0
[2026-09-07 06:29:09] 🔘 [loop] флаги: farm=OFF (Линкор), expedition=OFF (Линкор×300e9, Броненосец×3e9, Эсминец×2e9, Крейсер×7e9), safety=ON; reserveSlots=10
[2026-09-07 06:29:10] 🔒 [loop] safety: включён → запускаем runSafetyCheck
[2026-09-07 06:29:10] 🛡️ [safety] Главная луна 1:363:6: входящие=0
[2026-09-07 06:29:10] 🛡️ [safety] Атак на главную луну нет, эвакуированных флотов нет
[2026-09-07 06:29:10] 🌾 [loop] farm: выключен → пропускаем runFarmCycle
[2026-09-07 06:29:10] 🚀 [loop] expedition: выключен → пропускаем launchExpeditions
[2026-09-07 06:29:10] 📊 [tick] миссий: 10 (expedition:2 unknown:4 return:4), атаки: 0
[2026-09-07 06:30:45] 🔘 [loop] флаги: farm=OFF (Линкор), expedition=OFF (Линкор×300e9, Броненосец×3e9, Эсминец×2e9, Крейсер×7e9), safety=ON; reserveSlots=10
[2026-09-07 06:30:46] 🔒 [loop] safety: включён → запускаем runSafetyCheck
[2026-09-07 06:30:46] 🛡️ [safety] Главная луна 1:363:6: входящие=0
[2026-09-07 06:30:46] 🛡️ [safety] Атак на главную луну нет, эвакуированных флотов нет
[2026-09-07 06:30:46] 🌾 [loop] farm: выключен → пропускаем runFarmCycle
[2026-09-07 06:30:46] 🚀 [loop] expedition: выключен → пропускаем launchExpeditions
[2026-09-07 06:30:46] 📊 [tick] миссий: 10 (expedition:2 unknown:4 return:4), атаки: 0
[2026-09-07 06:32:29] 🔘 [loop] флаги: farm=OFF (Линкор), expedition=OFF (Линкор×300e9, Броненосец×3e9, Эсминец×2e9, Крейсер×7e9), safety=ON; reserveSlots=10
[2026-09-07 06:32:30] 🔒 [loop] safety: включён → запускаем runSafetyCheck
[2026-09-07 06:32:30] 🛡️ [safety] Главная луна 1:363:6: входящие=0
[2026-09-07 06:32:30] 🛡️ [safety] Атак на главную луну нет, эвакуированных флотов нет
[2026-09-07 06:32:30] 🌾 [loop] farm: выключен → пропускаем runFarmCycle
[2026-09-07 06:32:30] 🚀 [loop] expedition: выключен → пропускаем launchExpeditions
[2026-09-07 06:32:30] 📊 [tick] миссий: 10 (expedition:2 unknown:4 return:4), атаки: 0
[2026-09-07 06:33:59] 🔘 [loop] флаги: farm=OFF (Линкор), expedition=OFF (Линкор×300e9, Броненосец×3e9, Эсминец×2e9, Крейсер×7e9), safety=ON; reserveSlots=10
[2026-09-07 06:34:00] 🔒 [loop] safety: включён → запускаем runSafetyCheck
[2026-09-07 06:34:00] 🛡️ [safety] Главная луна 1:363:6: входящие=0
[2026-09-07 06:34:00] 🛡️ [safety] Атак на главную луну нет, эвакуированных флотов нет
[2026-09-07 06:34:00] 🌾 [loop] farm: выключен → пропускаем runFarmCycle
[2026-09-07 06:34:00] 🚀 [loop] expedition: выключен → пропускаем launchExpeditions
[2026-09-07 06:34:00] 📊 [tick] миссий: 10 (expedition:2 unknown:4 return:4), атаки: 0
[2026-09-07 06:35:41] 🔘 [loop] флаги: farm=OFF (Линкор), expedition=OFF (Линкор×300e9, Броненосец×3e9, Эсминец×2e9, Крейсер×7e9), safety=ON; reserveSlots=10
[2026-09-07 06:35:42] 🔒 [loop] safety: включён → запускаем runSafetyCheck
[2026-09-07 06:35:42] 🛡️ [safety] Главная луна 1:363:6: входящие=0
[2026-09-07 06:35:42] 🛡️ [safety] Атак на главную луну нет, эвакуированных флотов нет
[2026-09-07 06:35:42] 🌾 [loop] farm: выключен → пропускаем runFarmCycle
[2026-09-07 06:35:42] 🚀 [loop] expedition: выключен → пропускаем launchExpeditions
[2026-09-07 06:35:42] 📊 [tick] миссий: 10 (expedition:2 unknown:4 return:4), атаки: 0
[2026-09-07 06:37:17] 🔘 [loop] флаги: farm=OFF (Линкор), expedition=OFF (Линкор×300e9, Броненосец×3e9, Эсминец×2e9, Крейсер×7e9), safety=ON; reserveSlots=10
[2026-09-07 06:37:18] 🔒 [loop] safety: включён → запускаем runSafetyCheck
[2026-09-07 06:37:18] 🛡️ [safety] Главная луна 1:363:6: входящие=0
[2026-09-07 06:37:18] 🛡️ [safety] Атак на главную луну нет, эвакуированных флотов нет
[2026-09-07 06:37:18] 🌾 [loop] farm: выключен → пропускаем runFarmCycle
[2026-09-07 06:37:18] 🚀 [loop] expedition: выключен → пропускаем launchExpeditions
[2026-09-07 06:37:18] 📊 [tick] миссий: 10 (expedition:2 unknown:4 return:4), атаки: 0
[2026-09-07 06:38:50] 🔘 [loop] флаги: farm=OFF (Линкор), expedition=OFF (Линкор×300e9, Броненосец×3e9, Эсминец×2e9, Крейсер×7e9), safety=ON; reserveSlots=10
[2026-09-07 06:38:51] 🔒 [loop] safety: включён → запускаем runSafetyCheck
[2026-09-07 06:38:51] 🛡️ [safety] Главная луна 1:363:6: входящие=0
[2026-09-07 06:38:51] 🛡️ [safety] Атак на главную луну нет, эвакуированных флотов нет
[2026-09-07 06:38:51] 🌾 [loop] farm: выключен → пропускаем runFarmCycle
[2026-09-07 06:38:51] 🚀 [loop] expedition: выключен → пропускаем launchExpeditions
[2026-09-07 06:38:51] 📊 [tick] миссий: 10 (expedition:2 unknown:4 return:4), атаки: 0
[2026-09-07 06:40:20] 🔘 [loop] флаги: farm=OFF (Линкор), expedition=OFF (Линкор×300e9, Броненосец×3e9, Эсминец×2e9, Крейсер×7e9), safety=ON; reserveSlots=10
[2026-09-07 06:40:21] 🔒 [loop] safety: включён → запускаем runSafetyCheck
[2026-09-07 06:40:21] 🛡️ [safety] Главная луна 1:363:6: входящие=0
[2026-09-07 06:40:21] 🛡️ [safety] Атак на главную луну нет, эвакуированных флотов нет
[2026-09-07 06:40:21] 🌾 [loop] farm: выключен → пропускаем runFarmCycle
[2026-09-07 06:40:21] 🚀 [loop] expedition: выключен → пропускаем launchExpeditions
[2026-09-07 06:40:21] 📊 [tick] миссий: 10 (expedition:2 unknown:4 return:4), атаки: 0
[2026-09-07 06:42:07] 🔘 [loop] флаги: farm=OFF (Линкор), expedition=OFF (Линкор×300e9, Броненосец×3e9, Эсминец×2e9, Крейсер×7e9), safety=ON; reserveSlots=10
[2026-09-07 06:42:13] 🔒 [loop] safety: включён → запускаем runSafetyCheck
[2026-09-07 06:42:13] 🛡️ [safety] Главная луна 1:363:6: входящие=0
[2026-09-07 06:42:13] 🛡️ [safety] Атак на главную луну нет, эвакуированных флотов нет
[2026-09-07 06:42:13] 🌾 [loop] farm: выключен → пропускаем runFarmCycle
[2026-09-07 06:42:13] 🚀 [loop] expedition: выключен → пропускаем launchExpeditions
[2026-09-07 06:42:13] 📊 [tick] миссий: 10 (expedition:2 unknown:4 return:4), атаки: 0
[2026-09-07 06:43:48] 🔘 [loop] флаги: farm=OFF (Линкор), expedition=OFF (Линкор×300e9, Броненосец×3e9, Эсминец×2e9, Крейсер×7e9), safety=ON; reserveSlots=10
[2026-09-07 06:43:49] 🔒 [loop] safety: включён → запускаем runSafetyCheck
[2026-09-07 06:43:49] 🛡️ [safety] Главная луна 1:363:6: входящие=0
[2026-09-07 06:43:49] 🛡️ [safety] Атак на главную луну нет, эвакуированных флотов нет
[2026-09-07 06:43:49] 🌾 [loop] farm: выключен → пропускаем runFarmCycle
[2026-09-07 06:43:49] 🚀 [loop] expedition: выключен → пропускаем launchExpeditions
[2026-09-07 06:43:49] 📊 [tick] миссий: 10 (expedition:2 unknown:4 return:4), атаки: 0
[2026-09-07 06:45:34] 🔘 [loop] флаги: farm=OFF (Линкор), expedition=OFF (Линкор×300e9, Броненосец×3e9, Эсминец×2e9, Крейсер×7e9), safety=ON; reserveSlots=10
[2026-09-07 06:45:35] 🔒 [loop] safety: включён → запускаем runSafetyCheck
[2026-09-07 06:45:35] 🛡️ [safety] Главная луна 1:363:6: входящие=0
[2026-09-07 06:45:35] 🛡️ [safety] Атак на главную луну нет, эвакуированных флотов нет
[2026-09-07 06:45:35] 🌾 [loop] farm: выключен → пропускаем runFarmCycle
[2026-09-07 06:45:35] 🚀 [loop] expedition: выключен → пропускаем launchExpeditions
[2026-09-07 06:45:35] 📊 [tick] миссий: 10 (expedition:2 unknown:4 return:4), атаки: 0
[2026-09-07 06:47:15] 🔘 [loop] флаги: farm=OFF (Линкор), expedition=OFF (Линкор×300e9, Броненосец×3e9, Эсминец×2e9, Крейсер×7e9), safety=ON; reserveSlots=10
[2026-09-07 06:47:16] 🔒 [loop] safety: включён → запускаем runSafetyCheck
[2026-09-07 06:47:16] 🛡️ [safety] Главная луна 1:363:6: входящие=0
[2026-09-07 06:47:16] 🛡️ [safety] Атак на главную луну нет, эвакуированных флотов нет
[2026-09-07 06:47:16] 🌾 [loop] farm: выключен → пропускаем runFarmCycle
[2026-09-07 06:47:16] 🚀 [loop] expedition: выключен → пропускаем launchExpeditions
[2026-09-07 06:47:16] 📊 [tick] миссий: 10 (expedition:2 unknown:4 return:4), атаки: 0
[2026-09-07 06:48:47] 🔘 [loop] флаги: farm=OFF (Линкор), expedition=OFF (Линкор×300e9, Броненосец×3e9, Эсминец×2e9, Крейсер×7e9), safety=ON; reserveSlots=10
[2026-09-07 06:48:48] 🔒 [loop] safety: включён → запускаем runSafetyCheck
[2026-09-07 06:48:48] 🛡️ [safety] Главная луна 1:363:6: входящие=0
[2026-09-07 06:48:48] 🛡️ [safety] Атак на главную луну нет, эвакуированных флотов нет
[2026-09-07 06:48:48] 🌾 [loop] farm: выключен → пропускаем runFarmCycle
[2026-09-07 06:48:48] 🚀 [loop] expedition: выключен → пропускаем launchExpeditions
[2026-09-07 06:48:48] 📊 [tick] миссий: 10 (expedition:2 unknown:4 return:4), атаки: 0
[2026-09-07 06:50:23] 🔘 [loop] флаги: farm=OFF (Линкор), expedition=OFF (Линкор×300e9, Броненосец×3e9, Эсминец×2e9, Крейсер×7e9), safety=ON; reserveSlots=10
[2026-09-07 06:50:24] 🔒 [loop] safety: включён → запускаем runSafetyCheck
[2026-09-07 06:50:24] 🛡️ [safety] Главная луна 1:363:6: входящие=0
[2026-09-07 06:50:24] 🛡️ [safety] Атак на главную луну нет, эвакуированных флотов нет
[2026-09-07 06:50:24] 🌾 [loop] farm: выключен → пропускаем runFarmCycle
[2026-09-07 06:50:24] 🚀 [loop] expedition: выключен → пропускаем launchExpeditions
[2026-09-07 06:50:24] 📊 [tick] миссий: 10 (expedition:2 unknown:4 return:4), атаки: 0
[2026-09-07 06:51:55] 🔘 [loop] флаги: farm=OFF (Линкор), expedition=OFF (Линкор×300e9, Броненосец×3e9, Эсминец×2e9, Крейсер×7e9), safety=ON; reserveSlots=10
[2026-09-07 06:51:56] 🔒 [loop] safety: включён → запускаем runSafetyCheck
[2026-09-07 06:51:56] 🛡️ [safety] Главная луна 1:363:6: входящие=0
[2026-09-07 06:51:56] 🛡️ [safety] Атак на главную луну нет, эвакуированных флотов нет
[2026-09-07 06:51:56] 🌾 [loop] farm: выключен → пропускаем runFarmCycle
[2026-09-07 06:51:56] 🚀 [loop] expedition: выключен → пропускаем launchExpeditions
[2026-09-07 06:51:56] 📊 [tick] миссий: 10 (expedition:2 unknown:4 return:4), атаки: 0
[2026-09-07 06:53:28] 🔘 [loop] флаги: farm=OFF (Линкор), expedition=OFF (Линкор×300e9, Броненосец×3e9, Эсминец×2e9, Крейсер×7e9), safety=ON; reserveSlots=10
[2026-09-07 06:53:29] 🔒 [loop] safety: включён → запускаем runSafetyCheck
[2026-09-07 06:53:29] 🛡️ [safety] Главная луна 1:363:6: входящие=0
[2026-09-07 06:53:29] 🛡️ [safety] Атак на главную луну нет, эвакуированных флотов нет
[2026-09-07 06:53:29] 🌾 [loop] farm: выключен → пропускаем runFarmCycle
[2026-09-07 06:53:29] 🚀 [loop] expedition: выключен → пропускаем launchExpeditions
[2026-09-07 06:53:29] 📊 [tick] миссий: 10 (expedition:2 unknown:4 return:4), атаки: 0
[2026-09-07 06:55:09] 🔘 [loop] флаги: farm=OFF (Линкор), expedition=OFF (Линкор×300e9, Броненосец×3e9, Эсминец×2e9, Крейсер×7e9), safety=ON; reserveSlots=10
[2026-09-07 06:55:10] 🔒 [loop] safety: включён → запускаем runSafetyCheck
[2026-09-07 06:55:10] 🛡️ [safety] Главная луна 1:363:6: входящие=0
[2026-09-07 06:55:10] 🛡️ [safety] Атак на главную луну нет, эвакуированных флотов нет
[2026-09-07 06:55:10] 🌾 [loop] farm: выключен → пропускаем runFarmCycle
[2026-09-07 06:55:10] 🚀 [loop] expedition: выключен → пропускаем launchExpeditions
[2026-09-07 06:55:10] 📊 [tick] миссий: 10 (expedition:2 unknown:4 return:4), атаки: 0
[2026-09-07 06:56:48] 🔘 [loop] флаги: farm=OFF (Линкор), expedition=OFF (Линкор×300e9, Броненосец×3e9, Эсминец×2e9, Крейсер×7e9), safety=ON; reserveSlots=10
[2026-09-07 06:56:50] 🔒 [loop] safety: включён → запускаем runSafetyCheck
[2026-09-07 06:56:50] 🛡️ [safety] Главная луна 1:363:6: входящие=0
[2026-09-07 06:56:50] 🛡️ [safety] Атак на главную луну нет, эвакуированных флотов нет
[2026-09-07 06:56:50] 🌾 [loop] farm: выключен → пропускаем runFarmCycle
[2026-09-07 06:56:50] 🚀 [loop] expedition: выключен → пропускаем launchExpeditions
[2026-09-07 06:56:50] 📊 [tick] миссий: 10 (expedition:2 unknown:4 return:4), атаки: 0
[2026-09-07 06:58:28] 🔘 [loop] флаги: farm=OFF (Линкор), expedition=OFF (Линкор×300e9, Броненосец×3e9, Эсминец×2e9, Крейсер×7e9), safety=ON; reserveSlots=10
[2026-09-07 06:58:29] 🔒 [loop] safety: включён → запускаем runSafetyCheck
[2026-09-07 06:58:29] 🛡️ [safety] Главная луна 1:363:6: входящие=0
[2026-09-07 06:58:29] 🛡️ [safety] Атак на главную луну нет, эвакуированных флотов нет
[2026-09-07 06:58:29] 🌾 [loop] farm: выключен → пропускаем runFarmCycle
[2026-09-07 06:58:29] 🚀 [loop] expedition: выключен → пропускаем launchExpeditions
[2026-09-07 06:58:29] 📊 [tick] миссий: 10 (expedition:2 unknown:4 return:4), атаки: 0
[2026-09-07 07:00:03] 🔘 [loop] флаги: farm=OFF (Линкор), expedition=OFF (Линкор×300e9, Броненосец×3e9, Эсминец×2e9, Крейсер×7e9), safety=ON; reserveSlots=10
[2026-09-07 07:00:05] 🔒 [loop] safety: включён → запускаем runSafetyCheck
[2026-09-07 07:00:05] 🛡️ [safety] Главная луна 1:363:6: входящие=0
[2026-09-07 07:00:05] 🛡️ [safety] Атак на главную луну нет, эвакуированных флотов нет
[2026-09-07 07:00:05] 🌾 [loop] farm: выключен → пропускаем runFarmCycle
[2026-09-07 07:00:05] 🚀 [loop] expedition: выключен → пропускаем launchExpeditions
[2026-09-07 07:00:05] 📊 [tick] миссий: 10 (expedition:2 unknown:4 return:4), атаки: 0
[2026-09-07 07:01:36] 🔘 [loop] флаги: farm=OFF (Линкор), expedition=OFF (Линкор×300e9, Броненосец×3e9, Эсминец×2e9, Крейсер×7e9), safety=ON; reserveSlots=10
[2026-09-07 07:01:37] 🔒 [loop] safety: включён → запускаем runSafetyCheck
[2026-09-07 07:01:37] 🛡️ [safety] Главная луна 1:363:6: входящие=0
[2026-09-07 07:01:37] 🛡️ [safety] Атак на главную луну нет, эвакуированных флотов нет
[2026-09-07 07:01:37] 🌾 [loop] farm: выключен → пропускаем runFarmCycle
[2026-09-07 07:01:37] 🚀 [loop] expedition: выключен → пропускаем launchExpeditions
[2026-09-07 07:01:37] 📊 [tick] миссий: 10 (expedition:2 unknown:4 return:4), атаки: 0
[2026-09-07 07:03:12] 🔘 [loop] флаги: farm=OFF (Линкор), expedition=OFF (Линкор×300e9, Броненосец×3e9, Эсминец×2e9, Крейсер×7e9), safety=ON; reserveSlots=10
[2026-09-07 07:03:13] 🔒 [loop] safety: включён → запускаем runSafetyCheck
[2026-09-07 07:03:13] 🛡️ [safety] Главная луна 1:363:6: входящие=0
[2026-09-07 07:03:13] 🛡️ [safety] Атак на главную луну нет, эвакуированных флотов нет
[2026-09-07 07:03:13] 🌾 [loop] farm: выключен → пропускаем runFarmCycle
[2026-09-07 07:03:13] 🚀 [loop] expedition: выключен → пропускаем launchExpeditions
[2026-09-07 07:03:13] 📊 [tick] миссий: 10 (expedition:2 unknown:4 return:4), атаки: 0
[2026-09-07 07:04:50] 🔘 [loop] флаги: farm=OFF (Линкор), expedition=OFF (Линкор×300e9, Броненосец×3e9, Эсминец×2e9, Крейсер×7e9), safety=ON; reserveSlots=10
[2026-09-07 07:04:51] 🔒 [loop] safety: включён → запускаем runSafetyCheck
[2026-09-07 07:04:51] 🛡️ [safety] Главная луна 1:363:6: входящие=0
[2026-09-07 07:04:51] 🛡️ [safety] Атак на главную луну нет, эвакуированных флотов нет
[2026-09-07 07:04:51] 🌾 [loop] farm: выключен → пропускаем runFarmCycle
[2026-09-07 07:04:51] 🚀 [loop] expedition: выключен → пропускаем launchExpeditions
[2026-09-07 07:04:51] 📊 [tick] миссий: 10 (expedition:2 unknown:4 return:4), атаки: 0
[2026-09-07 07:06:27] 🔘 [loop] флаги: farm=OFF (Линкор), expedition=OFF (Линкор×300e9, Броненосец×3e9, Эсминец×2e9, Крейсер×7e9), safety=ON; reserveSlots=10
[2026-09-07 07:06:28] 🔒 [loop] safety: включён → запускаем runSafetyCheck
[2026-09-07 07:06:28] 🛡️ [safety] Главная луна 1:363:6: входящие=0
[2026-09-07 07:06:28] 🛡️ [safety] Атак на главную луну нет, эвакуированных флотов нет
[2026-09-07 07:06:28] 🌾 [loop] farm: выключен → пропускаем runFarmCycle
[2026-09-07 07:06:28] 🚀 [loop] expedition: выключен → пропускаем launchExpeditions
[2026-09-07 07:06:28] 📊 [tick] миссий: 10 (expedition:2 unknown:4 return:4), атаки: 0
[2026-09-07 07:08:00] 🔘 [loop] флаги: farm=OFF (Линкор), expedition=OFF (Линкор×300e9, Броненосец×3e9, Эсминец×2e9, Крейсер×7e9), safety=ON; reserveSlots=10
[2026-09-07 07:08:02] 🔒 [loop] safety: включён → запускаем runSafetyCheck
[2026-09-07 07:08:02] 🛡️ [safety] Главная луна 1:363:6: входящие=0
[2026-09-07 07:08:02] 🛡️ [safety] Атак на главную луну нет, эвакуированных флотов нет
[2026-09-07 07:08:02] 🌾 [loop] farm: выключен → пропускаем runFarmCycle
[2026-09-07 07:08:02] 🚀 [loop] expedition: выключен → пропускаем launchExpeditions
[2026-09-07 07:08:02] 📊 [tick] миссий: 10 (expedition:2 unknown:4 return:4), атаки: 0
[2026-09-07 07:09:40] 🔘 [loop] флаги: farm=OFF (Линкор), expedition=OFF (Линкор×300e9, Броненосец×3e9, Эсминец×2e9, Крейсер×7e9), safety=ON; reserveSlots=10
[2026-09-07 07:09:41] 🔒 [loop] safety: включён → запускаем runSafetyCheck
[2026-09-07 07:09:41] 🛡️ [safety] Главная луна 1:363:6: входящие=0
[2026-09-07 07:09:41] 🛡️ [safety] Атак на главную луну нет, эвакуированных флотов нет
[2026-09-07 07:09:41] 🌾 [loop] farm: выключен → пропускаем runFarmCycle
[2026-09-07 07:09:41] 🚀 [loop] expedition: выключен → пропускаем launchExpeditions
[2026-09-07 07:09:41] 📊 [tick] миссий: 10 (expedition:2 unknown:4 return:4), атаки: 0
[2026-09-07 07:11:12] 🔘 [loop] флаги: farm=OFF (Линкор), expedition=OFF (Линкор×300e9, Броненосец×3e9, Эсминец×2e9, Крейсер×7e9), safety=ON; reserveSlots=10
[2026-09-07 07:11:14] 🔒 [loop] safety: включён → запускаем runSafetyCheck
[2026-09-07 07:11:14] 🛡️ [safety] Главная луна 1:363:6: входящие=0
[2026-09-07 07:11:14] 🛡️ [safety] Атак на главную луну нет, эвакуированных флотов нет
[2026-09-07 07:11:14] 🌾 [loop] farm: выключен → пропускаем runFarmCycle
[2026-09-07 07:11:14] 🚀 [loop] expedition: выключен → пропускаем launchExpeditions
[2026-09-07 07:11:14] 📊 [tick] миссий: 10 (expedition:2 unknown:4 return:4), атаки: 0
[2026-09-07 07:12:50] 🔘 [loop] флаги: farm=OFF (Линкор), expedition=OFF (Линкор×300e9, Броненосец×3e9, Эсминец×2e9, Крейсер×7e9), safety=ON; reserveSlots=10
[2026-09-07 07:12:51] 🔒 [loop] safety: включён → запускаем runSafetyCheck
[2026-09-07 07:12:51] 🛡️ [safety] Главная луна 1:363:6: входящие=0
[2026-09-07 07:12:51] 🛡️ [safety] Атак на главную луну нет, эвакуированных флотов нет
[2026-09-07 07:12:51] 🌾 [loop] farm: выключен → пропускаем runFarmCycle
[2026-09-07 07:12:51] 🚀 [loop] expedition: выключен → пропускаем launchExpeditions
[2026-09-07 07:12:51] 📊 [tick] миссий: 10 (expedition:2 unknown:4 return:4), атаки: 0
[2026-09-07 07:14:32] 🔘 [loop] флаги: farm=OFF (Линкор), expedition=OFF (Линкор×300e9, Броненосец×3e9, Эсминец×2e9, Крейсер×7e9), safety=ON; reserveSlots=10
[2026-09-07 07:14:33] 🔒 [loop] safety: включён → запускаем runSafetyCheck
[2026-09-07 07:14:33] 🛡️ [safety] Главная луна 1:363:6: входящие=0
[2026-09-07 07:14:33] 🛡️ [safety] Атак на главную луну нет, эвакуированных флотов нет
[2026-09-07 07:14:33] 🌾 [loop] farm: выключен → пропускаем runFarmCycle
[2026-09-07 07:14:33] 🚀 [loop] expedition: выключен → пропускаем launchExpeditions
[2026-09-07 07:14:33] 📊 [tick] миссий: 10 (expedition:2 unknown:4 return:4), атаки: 0
[2026-09-07 07:16:14] 🔘 [loop] флаги: farm=OFF (Линкор), expedition=OFF (Линкор×300e9, Броненосец×3e9, Эсминец×2e9, Крейсер×7e9), safety=ON; reserveSlots=10
[2026-09-07 07:16:15] 🔒 [loop] safety: включён → запускаем runSafetyCheck
[2026-09-07 07:16:15] 🛡️ [safety] Главная луна 1:363:6: входящие=0
[2026-09-07 07:16:15] 🛡️ [safety] Атак на главную луну нет, эвакуированных флотов нет
[2026-09-07 07:16:15] 🌾 [loop] farm: выключен → пропускаем runFarmCycle
[2026-09-07 07:16:15] 🚀 [loop] expedition: выключен → пропускаем launchExpeditions
[2026-09-07 07:16:15] 📊 [tick] миссий: 10 (expedition:2 unknown:4 return:4), атаки: 0
[2026-09-07 07:17:42] 🔘 [loop] флаги: farm=OFF (Линкор), expedition=OFF (Линкор×300e9, Броненосец×3e9, Эсминец×2e9, Крейсер×7e9), safety=ON; reserveSlots=10
[2026-09-07 07:17:43] 🔒 [loop] safety: включён → запускаем runSafetyCheck
[2026-09-07 07:17:43] 🛡️ [safety] Главная луна 1:363:6: входящие=0
[2026-09-07 07:17:43] 🛡️ [safety] Атак на главную луну нет, эвакуированных флотов нет
[2026-09-07 07:17:43] 🌾 [loop] farm: выключен → пропускаем runFarmCycle
[2026-09-07 07:17:43] 🚀 [loop] expedition: выключен → пропускаем launchExpeditions
[2026-09-07 07:17:43] 📊 [tick] миссий: 10 (expedition:2 unknown:4 return:4), атаки: 0
[2026-09-07 07:19:21] 🔘 [loop] флаги: farm=OFF (Линкор), expedition=OFF (Линкор×300e9, Броненосец×3e9, Эсминец×2e9, Крейсер×7e9), safety=ON; reserveSlots=10
[2026-09-07 07:19:23] 🔒 [loop] safety: включён → запускаем runSafetyCheck
[2026-09-07 07:19:23] 🛡️ [safety] Главная луна 1:363:6: входящие=0
[2026-09-07 07:19:23] 🛡️ [safety] Атак на главную луну нет, эвакуированных флотов нет
[2026-09-07 07:19:23] 🌾 [loop] farm: выключен → пропускаем runFarmCycle
[2026-09-07 07:19:23] 🚀 [loop] expedition: выключен → пропускаем launchExpeditions
[2026-09-07 07:19:23] 📊 [tick] миссий: 10 (expedition:2 unknown:4 return:4), атаки: 0
[2026-09-07 07:20:52] 🔘 [loop] флаги: farm=OFF (Линкор), expedition=OFF (Линкор×300e9, Броненосец×3e9, Эсминец×2e9, Крейсер×7e9), safety=ON; reserveSlots=10
[2026-09-07 07:20:53] 🔒 [loop] safety: включён → запускаем runSafetyCheck
[2026-09-07 07:20:53] 🛡️ [safety] Главная луна 1:363:6: входящие=0
[2026-09-07 07:20:53] 🛡️ [safety] Атак на главную луну нет, эвакуированных флотов нет
[2026-09-07 07:20:53] 🌾 [loop] farm: выключен → пропускаем runFarmCycle
[2026-09-07 07:20:53] 🚀 [loop] expedition: выключен → пропускаем launchExpeditions
[2026-09-07 07:20:53] 📊 [tick] миссий: 10 (expedition:2 unknown:4 return:4), атаки: 0
[2026-09-07 07:22:23] 🔘 [loop] флаги: farm=OFF (Линкор), expedition=OFF (Линкор×300e9, Броненосец×3e9, Эсминец×2e9, Крейсер×7e9), safety=ON; reserveSlots=10
[2026-09-07 07:22:24] 🔒 [loop] safety: включён → запускаем runSafetyCheck
[2026-09-07 07:22:24] 🛡️ [safety] Главная луна 1:363:6: входящие=0
[2026-09-07 07:22:24] 🛡️ [safety] Атак на главную луну нет, эвакуированных флотов нет
[2026-09-07 07:22:24] 🌾 [loop] farm: выключен → пропускаем runFarmCycle
[2026-09-07 07:22:24] 🚀 [loop] expedition: выключен → пропускаем launchExpeditions
[2026-09-07 07:22:24] 📊 [tick] миссий: 10 (expedition:2 unknown:4 return:4), атаки: 0
[2026-09-07 07:23:53] 🔘 [loop] флаги: farm=OFF (Линкор), expedition=OFF (Линкор×300e9, Броненосец×3e9, Эсминец×2e9, Крейсер×7e9), safety=ON; reserveSlots=10
[2026-09-07 07:23:54] 🔒 [loop] safety: включён → запускаем runSafetyCheck
[2026-09-07 07:23:54] 🛡️ [safety] Главная луна 1:363:6: входящие=0
[2026-09-07 07:23:54] 🛡️ [safety] Атак на главную луну нет, эвакуированных флотов нет
[2026-09-07 07:23:54] 🌾 [loop] farm: выключен → пропускаем runFarmCycle
[2026-09-07 07:23:54] 🚀 [loop] expedition: выключен → пропускаем launchExpeditions
[2026-09-07 07:23:54] 📊 [tick] миссий: 10 (expedition:2 unknown:4 return:4), атаки: 0
[2026-09-07 07:25:26] 🔘 [loop] флаги: farm=OFF (Линкор), expedition=OFF (Линкор×300e9, Броненосец×3e9, Эсминец×2e9, Крейсер×7e9), safety=ON; reserveSlots=10
[2026-09-07 07:25:27] 🔒 [loop] safety: включён → запускаем runSafetyCheck
[2026-09-07 07:25:27] 🛡️ [safety] Главная луна 1:363:6: входящие=0
[2026-09-07 07:25:27] 🛡️ [safety] Атак на главную луну нет, эвакуированных флотов нет
[2026-09-07 07:25:27] 🌾 [loop] farm: выключен → пропускаем runFarmCycle
[2026-09-07 07:25:27] 🚀 [loop] expedition: выключен → пропускаем launchExpeditions
[2026-09-07 07:25:27] 📊 [tick] миссий: 10 (expedition:2 unknown:4 return:4), атаки: 0
[2026-09-07 07:27:10] 🔘 [loop] флаги: farm=OFF (Линкор), expedition=OFF (Линкор×300e9, Броненосец×3e9, Эсминец×2e9, Крейсер×7e9), safety=ON; reserveSlots=10
[2026-09-07 07:27:11] 🔒 [loop] safety: включён → запускаем runSafetyCheck
[2026-09-07 07:27:11] 🛡️ [safety] Главная луна 1:363:6: входящие=0
[2026-09-07 07:27:11] 🛡️ [safety] Атак на главную луну нет, эвакуированных флотов нет
[2026-09-07 07:27:11] 🌾 [loop] farm: выключен → пропускаем runFarmCycle
[2026-09-07 07:27:11] 🚀 [loop] expedition: выключен → пропускаем launchExpeditions
[2026-09-07 07:27:11] 📊 [tick] миссий: 10 (expedition:2 unknown:4 return:4), атаки: 0
[2026-09-07 07:28:50] 🔘 [loop] флаги: farm=OFF (Линкор), expedition=OFF (Линкор×300e9, Броненосец×3e9, Эсминец×2e9, Крейсер×7e9), safety=ON; reserveSlots=10
[2026-09-07 07:28:51] 🔒 [loop] safety: включён → запускаем runSafetyCheck
[2026-09-07 07:28:51] 🛡️ [safety] Главная луна 1:363:6: входящие=0
[2026-09-07 07:28:51] 🛡️ [safety] Атак на главную луну нет, эвакуированных флотов нет
[2026-09-07 07:28:51] 🌾 [loop] farm: выключен → пропускаем runFarmCycle
[2026-09-07 07:28:51] 🚀 [loop] expedition: выключен → пропускаем launchExpeditions
[2026-09-07 07:28:51] 📊 [tick] миссий: 10 (expedition:2 unknown:4 return:4), атаки: 0
[2026-09-07 07:30:27] 🔘 [loop] флаги: farm=OFF (Линкор), expedition=OFF (Линкор×300e9, Броненосец×3e9, Эсминец×2e9, Крейсер×7e9), safety=ON; reserveSlots=10
[2026-09-07 07:30:29] 🔒 [loop] safety: включён → запускаем runSafetyCheck
[2026-09-07 07:30:29] 🛡️ [safety] Главная луна 1:363:6: входящие=0
[2026-09-07 07:30:29] 🛡️ [safety] Атак на главную луну нет, эвакуированных флотов нет
[2026-09-07 07:30:29] 🌾 [loop] farm: выключен → пропускаем runFarmCycle
[2026-09-07 07:30:29] 🚀 [loop] expedition: выключен → пропускаем launchExpeditions
[2026-09-07 07:30:29] 📊 [tick] миссий: 10 (expedition:2 unknown:4 return:4), атаки: 0
[2026-09-07 07:32:08] 🔘 [loop] флаги: farm=OFF (Линкор), expedition=OFF (Линкор×300e9, Броненосец×3e9, Эсминец×2e9, Крейсер×7e9), safety=ON; reserveSlots=10
[2026-09-07 07:32:09] 🔒 [loop] safety: включён → запускаем runSafetyCheck
[2026-09-07 07:32:09] 🛡️ [safety] Главная луна 1:363:6: входящие=0
[2026-09-07 07:32:09] 🛡️ [safety] Атак на главную луну нет, эвакуированных флотов нет
[2026-09-07 07:32:09] 🌾 [loop] farm: выключен → пропускаем runFarmCycle
[2026-09-07 07:32:09] 🚀 [loop] expedition: выключен → пропускаем launchExpeditions
[2026-09-07 07:32:09] 📊 [tick] миссий: 10 (expedition:2 unknown:4 return:4), атаки: 0
[2026-09-07 07:33:46] 🔘 [loop] флаги: farm=OFF (Линкор), expedition=OFF (Линкор×300e9, Броненосец×3e9, Эсминец×2e9, Крейсер×7e9), safety=ON; reserveSlots=10
[2026-09-07 07:33:47] 🔒 [loop] safety: включён → запускаем runSafetyCheck
[2026-09-07 07:33:47] 🛡️ [safety] Главная луна 1:363:6: входящие=0
[2026-09-07 07:33:47] 🛡️ [safety] Атак на главную луну нет, эвакуированных флотов нет
[2026-09-07 07:33:47] 🌾 [loop] farm: выключен → пропускаем runFarmCycle
[2026-09-07 07:33:47] 🚀 [loop] expedition: выключен → пропускаем launchExpeditions
[2026-09-07 07:33:47] 📊 [tick] миссий: 10 (expedition:2 unknown:4 return:4), атаки: 0
[2026-09-07 07:35:28] 🔘 [loop] флаги: farm=OFF (Линкор), expedition=OFF (Линкор×300e9, Броненосец×3e9, Эсминец×2e9, Крейсер×7e9), safety=ON; reserveSlots=10
[2026-09-07 07:35:29] 🔒 [loop] safety: включён → запускаем runSafetyCheck
[2026-09-07 07:35:29] 🛡️ [safety] Главная луна 1:363:6: входящие=0
[2026-09-07 07:35:29] 🛡️ [safety] Атак на главную луну нет, эвакуированных флотов нет
[2026-09-07 07:35:29] 🌾 [loop] farm: выключен → пропускаем runFarmCycle
[2026-09-07 07:35:29] 🚀 [loop] expedition: выключен → пропускаем launchExpeditions
[2026-09-07 07:35:29] 📊 [tick] миссий: 10 (expedition:2 unknown:4 return:4), атаки: 0
[2026-09-07 07:36:58] 🔘 [loop] флаги: farm=OFF (Линкор), expedition=OFF (Линкор×300e9, Броненосец×3e9, Эсминец×2e9, Крейсер×7e9), safety=ON; reserveSlots=10
[2026-09-07 07:36:59] 🔒 [loop] safety: включён → запускаем runSafetyCheck
[2026-09-07 07:36:59] 🛡️ [safety] Главная луна 1:363:6: входящие=0
[2026-09-07 07:36:59] 🛡️ [safety] Атак на главную луну нет, эвакуированных флотов нет
[2026-09-07 07:36:59] 🌾 [loop] farm: выключен → пропускаем runFarmCycle
[2026-09-07 07:36:59] 🚀 [loop] expedition: выключен → пропускаем launchExpeditions
[2026-09-07 07:36:59] 📊 [tick] миссий: 10 (expedition:2 unknown:4 return:4), атаки: 0
[2026-09-07 07:38:26] 👋 [server] Остановка...
[2026-09-07 07:38:27] 👋 [server] Завершено
[2026-09-08 02:01:35] 🚀 [server] Запускаем...
[2026-09-08 02:01:35] 🖥️  [server] Режим браузера: с UI
[2026-09-08 02:01:36] 🧭 [server] PORT из env: 3000
[2026-09-08 02:01:36] ❌ [error] uncaughtException — процесс завершён listen EADDRINUSE: address already in use :::3000
[2026-09-08 02:06:41] 🚀 [server] Запускаем...
[2026-09-08 02:06:41] 🖥️  [server] Режим браузера: с UI
[2026-09-08 02:06:41] 🧭 [server] PORT из env: 3000
[2026-09-08 02:06:41] 🌐 [server] Health-сервер реально запущен на :3000
[2026-09-08 02:06:41] 🌐 [server] Живая страница: http://localhost:3000/controls
[2026-09-08 02:06:41] 🍪 [session] Найдена сохранённая сессия, проверяем...
[2026-09-08 02:06:42] ✅ [session] Сессия активна — логин не нужен
[2026-09-08 02:06:42] 🤖 Бот запущен. Интервал: 90с (±10%)
[2026-09-08 02:06:42] 🔘 [loop] флаги: farm=ON (Линкор), expedition=OFF (Линкор×300e9, Броненосец×3e9, Эсминец×2e9, Крейсер×7e9), safety=ON; reserveSlots=20
[2026-09-08 02:06:48] 🔒 [loop] safety: включён → запускаем runSafetyCheck
[2026-09-08 02:06:48] 🛡️ [safety] Главная луна 1:363:6: входящие=0
[2026-09-08 02:06:48] 🛡️ [safety] Атак на главную луну нет, эвакуированных флотов нет
[2026-09-08 02:06:48] 🌾 [loop] farm: включён → запускаем runFarmCycle
[2026-09-08 02:06:48] 🌾 [farm] ВХОД: analysis={"total":24,"outgoing":12,"returning":12,"byType":{"unknown":9,"attack":2,"return":11,"expedition":2},"activeSlots":12}
[2026-09-08 02:06:48] 🌾 [farm] Свободных миссий: 8 (занято 12/20)
[2026-09-08 02:06:48] 🌾 [farm] Состояние: queue=2, pendingReport=null, scanSystem=371, attacked=240, failed=9
[2026-09-08 02:06:48] 🌾 [farm] current_goal = [1:371:11] MIRNY_SHAXTER — отправляем шпионов (зондов: 5000)
[2026-09-08 02:06:49] 📍 [mission] Цель: 1:371:11 (mission=6), корабли источника: {"203":"100000000000","207":"312931619291","210":"4844187427"}
[2026-09-08 02:06:49] 🎯 [mission] Цель (стадия 2): {"galaxy":"1","system":"371","planet":"11","planet_type":"1"}
[2026-09-08 02:06:50] 🕵️ [spy] Шпионаж → 1:371:11 (MIRNY_SHAXTER) [sent]
[2026-09-08 02:06:52] 🌾 [farm] spyTargets: sent=[{"coords":"1:371:11","player":"MIRNY_SHAXTER","dryRun":false}], skipped=[], failed=[]
[2026-09-08 02:06:52] 🌾 [farm] Шпионы на [1:371:11] отправлены — ждём отчёт 60000мс
[2026-09-08 02:06:52] 🌾 [loop] farm результат: {"spied":"1:371:11","waitingReport":true}
[2026-09-08 02:06:52] 🚀 [loop] expedition: выключен → пропускаем launchExpeditions
[2026-09-08 02:06:52] 📊 [tick] миссий: 24 (unknown:9 attack:2 return:11 expedition:2), атаки: 0
[2026-09-08 02:08:22] 🔘 [loop] флаги: farm=ON (Линкор), expedition=OFF (Линкор×300e9, Броненосец×3e9, Эсминец×2e9, Крейсер×7e9), safety=ON; reserveSlots=20
[2026-09-08 02:08:24] 🔒 [loop] safety: включён → запускаем runSafetyCheck
[2026-09-08 02:08:24] 🛡️ [safety] Главная луна 1:363:6: входящие=0
[2026-09-08 02:08:24] 🛡️ [safety] Атак на главную луну нет, эвакуированных флотов нет
[2026-09-08 02:08:24] 🌾 [loop] farm: включён → запускаем runFarmCycle
[2026-09-08 02:08:24] 🌾 [farm] ВХОД: analysis={"total":22,"outgoing":10,"returning":12,"byType":{"return":11,"attack":1,"unknown":8,"expedition":2},"activeSlots":10}
[2026-09-08 02:08:24] 🌾 [farm] Свободных миссий: 10 (занято 10/20)
[2026-09-08 02:08:24] 🌾 [farm] Состояние: queue=2, pendingReport={"coords":"1:371:11","player":"MIRNY_SHAXTER","spiedAt":1788822412118}, scanSystem=371, attacked=240, failed=9
[2026-09-08 02:08:24] 🌾 [farm] Ждём отчёт по 1:371:11: прошло 92с из 60с
[2026-09-08 02:08:24] 🌾 [farm] Время вышло — ищем отчёт по 1:371:11
[2026-09-08 02:08:39] 🌾 [farm] Список сообщений (попытка 1): байт=777271, title="(нет title)", строк=100
[2026-09-08 02:08:39] 🌾 [farm] Сообщений: всего=100, шпионских по 1:371:11=1 — #85067367(08.09 - 02:07:03|Колония 1 [1:371:11]|Шпионский доклад)
[2026-09-08 02:08:39] 🌾 [farm] #85067367 (inline): М=87215864506838, А=15676348734477, У=12721437658305, игрок= В момент шпионажа Место: 706 Очков: 12 194 253 289 503 Специальность: Шахтер ');
[2026-09-08 02:08:39] 🌾 [farm] Доклад « В момент шпионажа Место: 706 Очков: 12 194 253 289 503 Специальность: Шахтер ');» [1:371:11] (msg#85067367, src=inline): Металл 87215864506838, Алмаз 15676348734477, Уран 12721437658305 → Итого 115613650899620 → 77075767267 × Линкор (вместимость 1500)
[2026-09-08 02:08:39] 🌾 [farm] Атака: target=1:371:11, mission=1, ships={207: 77075767267} (Линкор), fromCp=31694, dryRun=false
[2026-09-08 02:08:41] 📍 [mission] Цель: 1:371:11 (mission=1), корабли источника: {"203":"376000000000","207":"313144739291","210":"4844187427"}
[2026-09-08 02:08:42] 🎯 [mission] Цель (стадия 2): {"galaxy":"1","system":"371","planet":"11","planet_type":"1"}
[2026-09-08 02:08:43] 🌾 [farm] Результат sendMission: ok=true, stage=4, confirmed=true, error=-
[2026-09-08 02:08:43] 🌾 [farm] ✅ ФЛОТ ОТПРАВЛЕН: [1:371:11] (MIRNY_SHAXTER), 77075767267 × Линкор, источник: главная луна cp=31694
[2026-09-08 02:08:43] 🌾 [farm] finishTarget [1:371:11]: queue 2→1, info={"ok":true,"count":77075767267,"ship":"Линкор","atk":{"ok":true,"stage":4,"confirmed":true,"resources":null}}
[2026-09-08 02:08:43] 🌾 [farm] [1:371:11] помечено как атакованное (кулдаун 1ч)
[2026-09-08 02:08:43] 🌾 [loop] farm результат: {"target":"1:371:11","ok":true,"count":77075767267,"ship":"Линкор","atk":{"ok":true,"stage":4,"confirmed":true,"resources":null}}
[2026-09-08 02:08:43] 🚀 [loop] expedition: выключен → пропускаем launchExpeditions
[2026-09-08 02:08:43] 📊 [tick] миссий: 22 (return:11 attack:1 unknown:8 expedition:2), атаки: 0
[2026-09-08 02:10:06] 🔘 [loop] флаги: farm=ON (Линкор), expedition=OFF (Линкор×300e9, Броненосец×3e9, Эсминец×2e9, Крейсер×7e9), safety=ON; reserveSlots=20
[2026-09-08 02:10:09] 🔒 [loop] safety: включён → запускаем runSafetyCheck
[2026-09-08 02:10:09] 🛡️ [safety] Главная луна 1:363:6: входящие=0
[2026-09-08 02:10:09] 🛡️ [safety] Атак на главную луну нет, эвакуированных флотов нет
[2026-09-08 02:10:09] 🌾 [loop] farm: включён → запускаем runFarmCycle
[2026-09-08 02:10:09] 🌾 [farm] ВХОД: analysis={"total":23,"outgoing":11,"returning":12,"byType":{"attack":2,"return":11,"unknown":8,"expedition":2},"activeSlots":11}
[2026-09-08 02:10:09] 🌾 [farm] Свободных миссий: 9 (занято 11/20)
[2026-09-08 02:10:09] 🌾 [farm] Состояние: queue=1, pendingReport=null, scanSystem=371, attacked=240, failed=9
[2026-09-08 02:10:09] 🌾 [farm] current_goal = [1:371:12] Bonduelle41 — отправляем шпионов (зондов: 5000)
[2026-09-08 02:10:11] 📍 [mission] Цель: 1:371:12 (mission=6), корабли источника: {"203":"376000000000","207":"353354843674","210":"4844187427"}
[2026-09-08 02:10:11] 🎯 [mission] Цель (стадия 2): {"galaxy":"1","system":"371","planet":"12","planet_type":"1"}
[2026-09-08 02:10:12] 🕵️ [spy] Шпионаж → 1:371:12 (Bonduelle41) [sent]
[2026-09-08 02:10:14] 🌾 [farm] spyTargets: sent=[{"coords":"1:371:12","player":"Bonduelle41","dryRun":false}], skipped=[], failed=[]
[2026-09-08 02:10:14] 🌾 [farm] Шпионы на [1:371:12] отправлены — ждём отчёт 60000мс
[2026-09-08 02:10:14] 🌾 [loop] farm результат: {"spied":"1:371:12","waitingReport":true}
[2026-09-08 02:10:14] 🚀 [loop] expedition: выключен → пропускаем launchExpeditions
[2026-09-08 02:10:14] 📊 [tick] миссий: 23 (attack:2 return:11 unknown:8 expedition:2), атаки: 0
[2026-09-08 02:11:42] 🔘 [loop] флаги: farm=ON (Линкор), expedition=OFF (Линкор×300e9, Броненосец×3e9, Эсминец×2e9, Крейсер×7e9), safety=ON; reserveSlots=20
[2026-09-08 02:11:44] 🔒 [loop] safety: включён → запускаем runSafetyCheck
[2026-09-08 02:11:44] 🛡️ [safety] Главная луна 1:363:6: входящие=0
[2026-09-08 02:11:44] 🛡️ [safety] Атак на главную луну нет, эвакуированных флотов нет
[2026-09-08 02:11:44] 🌾 [loop] farm: включён → запускаем runFarmCycle
[2026-09-08 02:11:44] 🌾 [farm] ВХОД: analysis={"total":22,"outgoing":10,"returning":12,"byType":{"return":11,"attack":1,"unknown":8,"expedition":2},"activeSlots":10}
[2026-09-08 02:11:44] 🌾 [farm] Свободных миссий: 10 (занято 10/20)
[2026-09-08 02:11:44] 🌾 [farm] Состояние: queue=1, pendingReport={"coords":"1:371:12","player":"Bonduelle41","spiedAt":1788822614108}, scanSystem=371, attacked=240, failed=9
[2026-09-08 02:11:44] 🌾 [farm] Ждём отчёт по 1:371:12: прошло 90с из 60с
[2026-09-08 02:11:44] 🌾 [farm] Время вышло — ищем отчёт по 1:371:12
[2026-09-08 02:11:58] 🌾 [farm] Список сообщений (попытка 1): байт=751969, title="(нет title)", строк=100
[2026-09-08 02:11:58] 🌾 [farm] Сообщений: всего=100, шпионских по 1:371:12=1 — #85067519(08.09 - 02:10:25|Колония [1:371:12]|Шпионский доклад)
[2026-09-08 02:11:58] 🌾 [farm] #85067519 (inline): М=113161862092046, А=25128175676506, У=27674969312690, игрок= В момент шпионажа Место: 411 Очков: 69 360 692 211 088 Альянс: Галактический Фронт ');
[2026-09-08 02:11:58] 🌾 [farm] Доклад « В момент шпионажа Место: 411 Очков: 69 360 692 211 088 Альянс: Галактический Фронт ');» [1:371:12] (msg#85067519, src=inline): Металл 113161862092046, Алмаз 25128175676506, Уран 27674969312690 → Итого 165965007081242 → 110643338055 × Линкор (вместимость 1500)
[2026-09-08 02:11:58] 🌾 [farm] Атака: target=1:371:12, mission=1, ships={207: 110643338055} (Линкор), fromCp=31694, dryRun=false
[2026-09-08 02:12:00] 📍 [mission] Цель: 1:371:12 (mission=1), корабли источника: {"203":"376000000000","207":"353564123674","210":"4844187427"}
[2026-09-08 02:12:01] 🎯 [mission] Цель (стадия 2): {"galaxy":"1","system":"371","planet":"12","planet_type":"1"}
[2026-09-08 02:12:01] 🌾 [farm] Результат sendMission: ok=true, stage=4, confirmed=true, error=-
[2026-09-08 02:12:01] 🌾 [farm] ✅ ФЛОТ ОТПРАВЛЕН: [1:371:12] (Bonduelle41), 110643338055 × Линкор, источник: главная луна cp=31694
[2026-09-08 02:12:01] 🌾 [farm] finishTarget [1:371:12]: queue 1→0, info={"ok":true,"count":110643338055,"ship":"Линкор","atk":{"ok":true,"stage":4,"confirmed":true,"resources":null}}
[2026-09-08 02:12:01] 🌾 [farm] [1:371:12] помечено как атакованное (кулдаун 1ч)
[2026-09-08 02:12:01] 🌾 [loop] farm результат: {"target":"1:371:12","ok":true,"count":110643338055,"ship":"Линкор","atk":{"ok":true,"stage":4,"confirmed":true,"resources":null}}
[2026-09-08 02:12:01] 🚀 [loop] expedition: выключен → пропускаем launchExpeditions
[2026-09-08 02:12:01] 📊 [tick] миссий: 22 (return:11 attack:1 unknown:8 expedition:2), атаки: 0
[2026-09-08 02:13:14] 🔘 [loop] флаги: farm=ON (Линкор), expedition=OFF (Линкор×300e9, Броненосец×3e9, Эсминец×2e9, Крейсер×7e9), safety=ON; reserveSlots=20
[2026-09-08 02:13:17] 🔒 [loop] safety: включён → запускаем runSafetyCheck
[2026-09-08 02:13:17] 🛡️ [safety] Главная луна 1:363:6: входящие=0
[2026-09-08 02:13:17] 🛡️ [safety] Атак на главную луну нет, эвакуированных флотов нет
[2026-09-08 02:13:17] 🌾 [loop] farm: включён → запускаем runFarmCycle
[2026-09-08 02:13:17] 🌾 [farm] ВХОД: analysis={"total":23,"outgoing":11,"returning":12,"byType":{"return":11,"attack":2,"unknown":8,"expedition":2},"activeSlots":11}
[2026-09-08 02:13:17] 🌾 [farm] Свободных миссий: 9 (занято 11/20)
[2026-09-08 02:13:17] 🌾 [farm] Состояние: queue=0, pendingReport=null, scanSystem=371, attacked=240, failed=9
[2026-09-08 02:13:17] 🌾 [farm] Переход к системе 1:372 (range=30, было 371)
[2026-09-08 02:13:18] 🌾 [farm] Система 1:372 получена: планет в таблице=14
[2026-09-08 02:13:18] 🌾 [farm] Фильтры: ourCoords=1:363:6,1:257:13,1:260:9,1:318:1,1:331:12,1:364:9,1:364:14,1:369:4,1:378:12,1:521:15,1:610:11,1:611:5,1:907:15,1:918:1, busyCoords=22
[2026-09-08 02:13:18] 🌾 [farm] Неактивных после базовых фильтров: 8 — FARSH[2](lolonginactive), vgk1634[3](lolonginactive), [SG][5](lolonginactive), Весна[6](lolonginactive), Светик[9](lolonginactive), Rostyyyk[10](lolonginactive), BlackSun[12](lolonginactive), Lexxs[15](lolonginactive)
[2026-09-08 02:13:18] 🌾 [farm] Система 1:372: в очередь 8 — FARSH[2], vgk1634[3], [SG][5], Весна[6], Светик[9], Rostyyyk[10], BlackSun[12], Lexxs[15]
[2026-09-08 02:13:18] 🌾 [farm] current_goal = [1:372:2] FARSH — отправляем шпионов (зондов: 5000)
[2026-09-08 02:13:19] 📍 [mission] Цель: 1:372:2 (mission=6), корабли источника: {"203":"376000000000","207":"370005992268","210":"4844187427"}
[2026-09-08 02:13:20] 🎯 [mission] Цель (стадия 2): {"galaxy":"1","system":"372","planet":"2","planet_type":"1"}
[2026-09-08 02:13:21] 🕵️ [spy] Шпионаж → 1:372:2 (FARSH) [sent]
[2026-09-08 02:13:22] 🌾 [farm] spyTargets: sent=[{"coords":"1:372:2","player":"FARSH","dryRun":false}], skipped=[], failed=[]
[2026-09-08 02:13:22] 🌾 [farm] Шпионы на [1:372:2] отправлены — ждём отчёт 60000мс
[2026-09-08 02:13:22] 🌾 [loop] farm результат: {"spied":"1:372:2","waitingReport":true}
[2026-09-08 02:13:22] 🚀 [loop] expedition: выключен → пропускаем launchExpeditions
[2026-09-08 02:13:22] 📊 [tick] миссий: 23 (return:11 attack:2 unknown:8 expedition:2), атаки: 0
[2026-09-08 02:14:54] 🔘 [loop] флаги: farm=ON (Линкор), expedition=OFF (Линкор×300e9, Броненосец×3e9, Эсминец×2e9, Крейсер×7e9), safety=ON; reserveSlots=20
[2026-09-08 02:14:56] 🔒 [loop] safety: включён → запускаем runSafetyCheck
[2026-09-08 02:14:56] 🛡️ [safety] Главная луна 1:363:6: входящие=0
[2026-09-08 02:14:56] 🛡️ [safety] Атак на главную луну нет, эвакуированных флотов нет
[2026-09-08 02:14:56] 🌾 [loop] farm: включён → запускаем runFarmCycle
[2026-09-08 02:14:56] 🌾 [farm] ВХОД: analysis={"total":23,"outgoing":11,"returning":12,"byType":{"return":11,"attack":2,"unknown":8,"expedition":2},"activeSlots":11}
[2026-09-08 02:14:56] 🌾 [farm] Свободных миссий: 9 (занято 11/20)
[2026-09-08 02:14:56] 🌾 [farm] Состояние: queue=8, pendingReport={"coords":"1:372:2","player":"FARSH","spiedAt":1788822802965}, scanSystem=372, attacked=240, failed=9
[2026-09-08 02:14:56] 🌾 [farm] Ждём отчёт по 1:372:2: прошло 94с из 60с
[2026-09-08 02:14:56] 🌾 [farm] Время вышло — ищем отчёт по 1:372:2
[2026-09-08 02:15:06] 🌾 [farm] Список сообщений (попытка 1): байт=739130, title="(нет title)", строк=0
[2026-09-08 02:15:06] 🌾 [farm] строк=0 → снэпшот: /home/slabak/Documents/serverXG/debug/messages/empty-2026-09-07T23-15-06-702Z.html. Кусок: document.getElementById('massage-container').innerHTML = ' Сообщения \', LEFT, OFFSETY, -20);" onmouseout="return nd();"> 0 ' #modal_header_left{ background-position: -234px -52px; } #modal_header_left:hover{ background-position: -234px -78px; } Сообщения 10 20 30 40 50 60 70 80 90 100 Удалить отмеченные сообщения Удалить неотмеченные сообщения Удалить сообщения выше отмеченного Удалить сообщения 
[2026-09-08 02:15:20] 🌾 [farm] Список сообщений (попытка 2): байт=740624, title="(нет title)", строк=100
[2026-09-08 02:15:20] 🌾 [farm] Сообщений: всего=100, шпионских по 1:372:2=1 — #85067699(08.09 - 02:13:34|MARS [1:372:2]|Шпионский доклад)
[2026-09-08 02:15:20] 🌾 [farm] #85067699 (inline): М=75515496739475, А=12178796405038, У=14258898790870, игрок= В момент шпионажа Место: 208 Очков: 401 976 386 226 710 ');
[2026-09-08 02:15:20] 🌾 [farm] Доклад « В момент шпионажа Место: 208 Очков: 401 976 386 226 710 ');» [1:372:2] (msg#85067699, src=inline): Металл 75515496739475, Алмаз 12178796405038, Уран 14258898790870 → Итого 101953191935383 → 67968794624 × Линкор (вместимость 1500)
[2026-09-08 02:15:20] 🌾 [farm] 1:372:2: алмазов 12178796405038 < минимума 15000000000000 — отмечаю как атакованную (накопится к следующему кругу)
[2026-09-08 02:15:20] 🌾 [farm] finishTarget [1:372:2]: queue 8→7, info={"skipped":"low_diamond","diamonds":12178796405038}
[2026-09-08 02:15:20] 🌾 [loop] farm результат: {"target":"1:372:2","skipped":"low_diamond","diamonds":12178796405038}
[2026-09-08 02:15:20] 🚀 [loop] expedition: выключен → пропускаем launchExpeditions
[2026-09-08 02:15:20] 📊 [tick] миссий: 23 (return:11 attack:2 unknown:8 expedition:2), атаки: 0
[2026-09-08 02:16:37] 🔘 [loop] флаги: farm=ON (Линкор), expedition=OFF (Линкор×300e9, Броненосец×3e9, Эсминец×2e9, Крейсер×7e9), safety=ON; reserveSlots=20
[2026-09-08 02:16:40] 🔒 [loop] safety: включён → запускаем runSafetyCheck
[2026-09-08 02:16:40] 🛡️ [safety] Главная луна 1:363:6: входящие=0
[2026-09-08 02:16:40] 🛡️ [safety] Атак на главную луну нет, эвакуированных флотов нет
[2026-09-08 02:16:40] 🌾 [loop] farm: включён → запускаем runFarmCycle
[2026-09-08 02:16:40] 🌾 [farm] ВХОД: analysis={"total":22,"outgoing":11,"returning":11,"byType":{"return":10,"attack":2,"unknown":8,"expedition":2},"activeSlots":11}
[2026-09-08 02:16:40] 🌾 [farm] Свободных миссий: 9 (занято 11/20)
[2026-09-08 02:16:40] 🌾 [farm] Состояние: queue=7, pendingReport=null, scanSystem=372, attacked=240, failed=9
[2026-09-08 02:16:40] 🌾 [farm] current_goal = [1:372:3] vgk1634 — отправляем шпионов (зондов: 5000)
[2026-09-08 02:16:41] 📍 [mission] Цель: 1:372:3 (mission=6), корабли источника: {"203":"376000000000","207":"462143297281","210":"4844187427"}
[2026-09-08 02:16:42] 🎯 [mission] Цель (стадия 2): {"galaxy":"1","system":"372","planet":"3","planet_type":"1"}
[2026-09-08 02:16:42] 🕵️ [spy] Шпионаж → 1:372:3 (vgk1634) [sent]
[2026-09-08 02:16:44] 🌾 [farm] spyTargets: sent=[{"coords":"1:372:3","player":"vgk1634","dryRun":false}], skipped=[], failed=[]
[2026-09-08 02:16:44] 🌾 [farm] Шпионы на [1:372:3] отправлены — ждём отчёт 60000мс
[2026-09-08 02:16:44] 🌾 [loop] farm результат: {"spied":"1:372:3","waitingReport":true}
[2026-09-08 02:16:44] 🚀 [loop] expedition: выключен → пропускаем launchExpeditions
[2026-09-08 02:16:44] 📊 [tick] миссий: 22 (return:10 attack:2 unknown:8 expedition:2), атаки: 0
[2026-09-08 02:18:10] 🔘 [loop] флаги: farm=ON (Линкор), expedition=OFF (Линкор×300e9, Броненосец×3e9, Эсминец×2e9, Крейсер×7e9), safety=ON; reserveSlots=20
[2026-09-08 02:18:12] 🔒 [loop] safety: включён → запускаем runSafetyCheck
[2026-09-08 02:18:12] 🛡️ [safety] Главная луна 1:363:6: входящие=0
[2026-09-08 02:18:12] 🛡️ [safety] Атак на главную луну нет, эвакуированных флотов нет
[2026-09-08 02:18:12] 🌾 [loop] farm: включён → запускаем runFarmCycle
[2026-09-08 02:18:12] 🌾 [farm] ВХОД: analysis={"total":22,"outgoing":11,"returning":11,"byType":{"return":10,"attack":2,"unknown":8,"expedition":2},"activeSlots":11}
[2026-09-08 02:18:12] 🌾 [farm] Свободных миссий: 9 (занято 11/20)
[2026-09-08 02:18:12] 🌾 [farm] Состояние: queue=7, pendingReport={"coords":"1:372:3","player":"vgk1634","spiedAt":1788823004181}, scanSystem=372, attacked=240, failed=9
[2026-09-08 02:18:12] 🌾 [farm] Ждём отчёт по 1:372:3: прошло 88с из 60с
[2026-09-08 02:18:12] 🌾 [farm] Время вышло — ищем отчёт по 1:372:3
[2026-09-08 02:18:26] 🌾 [farm] Список сообщений (попытка 1): байт=736112, title="(нет title)", строк=0
[2026-09-08 02:18:26] 🌾 [farm] строк=0 → снэпшот: /home/slabak/Documents/serverXG/debug/messages/empty-2026-09-07T23-18-26-196Z.html. Кусок: document.getElementById('massage-container').innerHTML = ' Сообщения \', LEFT, OFFSETY, -20);" onmouseout="return nd();"> 0 ' #modal_header_left{ background-position: -234px -52px; } #modal_header_left:hover{ background-position: -234px -78px; } Сообщения 10 20 30 40 50 60 70 80 90 100 Удалить отмеченные сообщения Удалить неотмеченные сообщения Удалить сообщения выше отмеченного Удалить сообщения 
[2026-09-08 02:18:40] 🌾 [farm] Список сообщений (попытка 2): байт=737606, title="(нет title)", строк=100
[2026-09-08 02:18:40] 🌾 [farm] Сообщений: всего=100, шпионских по 1:372:3=1 — #85067905(08.09 - 02:16:55|Колония [1:372:3]|Шпионский доклад)
[2026-09-08 02:18:40] 🌾 [farm] #85067905 (inline): М=37924226804061, А=37924226804061, У=6504886779259, игрок= В момент шпионажа Место: 637 Очков: 17 772 698 413 634 Альянс: Шахтеры Специальность: Шахтер ');
[2026-09-08 02:18:40] 🌾 [farm] Доклад « В момент шпионажа Место: 637 Очков: 17 772 698 413 634 Альянс: Шахтеры Специальность: Шахтер ');» [1:372:3] (msg#85067905, src=inline): Металл 37924226804061, Алмаз 37924226804061, Уран 6504886779259 → Итого 82353340387381 → 54902226925 × Линкор (вместимость 1500)
[2026-09-08 02:18:40] 🌾 [farm] Атака: target=1:372:3, mission=1, ships={207: 54902226925} (Линкор), fromCp=31694, dryRun=false
[2026-09-08 02:18:41] 📍 [mission] Цель: 1:372:3 (mission=1), корабли источника: {"203":"376000000000","207":"462373697281","210":"4844187427"}
[2026-09-08 02:18:42] 🎯 [mission] Цель (стадия 2): {"galaxy":"1","system":"372","planet":"3","planet_type":"1"}
[2026-09-08 02:18:42] 🌾 [farm] Результат sendMission: ok=true, stage=4, confirmed=true, error=-
[2026-09-08 02:18:42] 🌾 [farm] ✅ ФЛОТ ОТПРАВЛЕН: [1:372:3] (vgk1634), 54902226925 × Линкор, источник: главная луна cp=31694
[2026-09-08 02:18:42] 🌾 [farm] finishTarget [1:372:3]: queue 7→6, info={"ok":true,"count":54902226925,"ship":"Линкор","atk":{"ok":true,"stage":4,"confirmed":true,"resources":null}}
[2026-09-08 02:18:42] 🌾 [farm] [1:372:3] помечено как атакованное (кулдаун 1ч)
[2026-09-08 02:18:42] 🌾 [loop] farm результат: {"target":"1:372:3","ok":true,"count":54902226925,"ship":"Линкор","atk":{"ok":true,"stage":4,"confirmed":true,"resources":null}}
[2026-09-08 02:18:42] 🚀 [loop] expedition: выключен → пропускаем launchExpeditions
[2026-09-08 02:18:42] 📊 [tick] миссий: 22 (return:10 attack:2 unknown:8 expedition:2), атаки: 0
[2026-09-08 02:19:48] 🔘 [loop] флаги: farm=ON (Линкор), expedition=OFF (Линкор×300e9, Броненосец×3e9, Эсминец×2e9, Крейсер×7e9), safety=ON; reserveSlots=20
[2026-09-08 02:19:52] 🔒 [loop] safety: включён → запускаем runSafetyCheck
[2026-09-08 02:19:52] 🛡️ [safety] Главная луна 1:363:6: входящие=0
[2026-09-08 02:19:52] 🛡️ [safety] Атак на главную луну нет, эвакуированных флотов нет
[2026-09-08 02:19:52] 🌾 [loop] farm: включён → запускаем runFarmCycle
[2026-09-08 02:19:52] 🌾 [farm] ВХОД: analysis={"total":22,"outgoing":11,"returning":11,"byType":{"return":10,"attack":2,"unknown":8,"expedition":2},"activeSlots":11}
[2026-09-08 02:19:52] 🌾 [farm] Свободных миссий: 9 (занято 11/20)
[2026-09-08 02:19:52] 🌾 [farm] Состояние: queue=6, pendingReport=null, scanSystem=372, attacked=240, failed=9
[2026-09-08 02:19:52] 🌾 [farm] current_goal = [1:372:5] [SG] — отправляем шпионов (зондов: 5000)
[2026-09-08 02:19:53] 📍 [mission] Цель: 1:372:5 (mission=6), корабли источника: {"203":"376000000000","207":"529559186758","210":"4844187427"}
[2026-09-08 02:19:54] 🎯 [mission] Цель (стадия 2): {"galaxy":"1","system":"372","planet":"5","planet_type":"1"}
[2026-09-08 02:19:56] 🕵️ [spy] Шпионаж → 1:372:5 ([SG]) [sent]
[2026-09-08 02:19:57] 🌾 [farm] spyTargets: sent=[{"coords":"1:372:5","player":"[SG]","dryRun":false}], skipped=[], failed=[]
[2026-09-08 02:19:57] 🌾 [farm] Шпионы на [1:372:5] отправлены — ждём отчёт 60000мс
[2026-09-08 02:19:57] 🌾 [loop] farm результат: {"spied":"1:372:5","waitingReport":true}
[2026-09-08 02:19:57] 🚀 [loop] expedition: выключен → пропускаем launchExpeditions
[2026-09-08 02:19:57] 📊 [tick] миссий: 22 (return:10 attack:2 unknown:8 expedition:2), атаки: 0
[2026-09-08 02:21:17] 🔘 [loop] флаги: farm=ON (Линкор), expedition=OFF (Линкор×300e9, Броненосец×3e9, Эсминец×2e9, Крейсер×7e9), safety=ON; reserveSlots=20
[2026-09-08 02:21:19] 🔒 [loop] safety: включён → запускаем runSafetyCheck
[2026-09-08 02:21:19] 🛡️ [safety] Главная луна 1:363:6: входящие=0
[2026-09-08 02:21:19] 🛡️ [safety] Атак на главную луну нет, эвакуированных флотов нет
[2026-09-08 02:21:19] 🌾 [loop] farm: включён → запускаем runFarmCycle
[2026-09-08 02:21:19] 🌾 [farm] ВХОД: analysis={"total":22,"outgoing":11,"returning":11,"byType":{"return":10,"attack":2,"unknown":8,"expedition":2},"activeSlots":11}
[2026-09-08 02:21:19] 🌾 [farm] Свободных миссий: 9 (занято 11/20)
[2026-09-08 02:21:19] 🌾 [farm] Состояние: queue=6, pendingReport={"coords":"1:372:5","player":"[SG]","spiedAt":1788823197513}, scanSystem=372, attacked=240, failed=9
[2026-09-08 02:21:19] 🌾 [farm] Ждём отчёт по 1:372:5: прошло 82с из 60с
[2026-09-08 02:21:19] 🌾 [farm] Время вышло — ищем отчёт по 1:372:5
[2026-09-08 02:21:29] 🌾 [farm] Список сообщений (попытка 1): байт=717026, title="(нет title)", строк=100
[2026-09-08 02:21:29] 🌾 [farm] Сообщений: всего=100, шпионских по 1:372:5=1 — #85068055(08.09 - 02:20:08|Колонія [1:372:5]|Шпионский доклад)
[2026-09-08 02:21:29] 🌾 [farm] #85068055 (inline): М=125048760806922, А=17889412141821, У=21906091849940, игрок= В момент шпионажа Место: 958 Очков: 3 525 067 519 454 ');
[2026-09-08 02:21:29] 🌾 [farm] Доклад « В момент шпионажа Место: 958 Очков: 3 525 067 519 454 ');» [1:372:5] (msg#85068055, src=inline): Металл 125048760806922, Алмаз 17889412141821, Уран 21906091849940 → Итого 164844264798683 → 109896176533 × Линкор (вместимость 1500)
[2026-09-08 02:21:29] 🌾 [farm] Атака: target=1:372:5, mission=1, ships={207: 109896176533} (Линкор), fromCp=31694, dryRun=false
[2026-09-08 02:21:31] 📍 [mission] Цель: 1:372:5 (mission=1), корабли источника: {"203":"376000000000","207":"529745426758","210":"4844187427"}
[2026-09-08 02:21:31] 🎯 [mission] Цель (стадия 2): {"galaxy":"1","system":"372","planet":"5","planet_type":"1"}
[2026-09-08 02:21:32] 🌾 [farm] Результат sendMission: ok=true, stage=4, confirmed=true, error=-
[2026-09-08 02:21:32] 🌾 [farm] ✅ ФЛОТ ОТПРАВЛЕН: [1:372:5] ([SG]), 109896176533 × Линкор, источник: главная луна cp=31694
[2026-09-08 02:21:32] 🌾 [farm] finishTarget [1:372:5]: queue 6→5, info={"ok":true,"count":109896176533,"ship":"Линкор","atk":{"ok":true,"stage":4,"confirmed":true,"resources":null}}
[2026-09-08 02:21:32] 🌾 [farm] [1:372:5] помечено как атакованное (кулдаун 1ч)
[2026-09-08 02:21:32] 🌾 [loop] farm результат: {"target":"1:372:5","ok":true,"count":109896176533,"ship":"Линкор","atk":{"ok":true,"stage":4,"confirmed":true,"resources":null}}
[2026-09-08 02:21:32] 🚀 [loop] expedition: выключен → пропускаем launchExpeditions
[2026-09-08 02:21:32] 📊 [tick] миссий: 22 (return:10 attack:2 unknown:8 expedition:2), атаки: 0
[2026-09-08 02:22:49] 🔘 [loop] флаги: farm=ON (Линкор), expedition=OFF (Линкор×300e9, Броненосец×3e9, Эсминец×2e9, Крейсер×7e9), safety=ON; reserveSlots=20
[2026-09-08 02:22:51] 🔒 [loop] safety: включён → запускаем runSafetyCheck
[2026-09-08 02:22:51] 🛡️ [safety] Главная луна 1:363:6: входящие=0
[2026-09-08 02:22:51] 🛡️ [safety] Атак на главную луну нет, эвакуированных флотов нет
[2026-09-08 02:22:51] 🌾 [loop] farm: включён → запускаем runFarmCycle
[2026-09-08 02:22:51] 🌾 [farm] ВХОД: analysis={"total":22,"outgoing":11,"returning":11,"byType":{"unknown":8,"attack":2,"return":10,"expedition":2},"activeSlots":11}
[2026-09-08 02:22:51] 🌾 [farm] Свободных миссий: 9 (занято 11/20)
[2026-09-08 02:22:51] 🌾 [farm] Состояние: queue=5, pendingReport=null, scanSystem=372, attacked=240, failed=9
[2026-09-08 02:22:51] 🌾 [farm] current_goal = [1:372:6] Весна — отправляем шпионов (зондов: 5000)
[2026-09-08 02:22:52] 📍 [mission] Цель: 1:372:6 (mission=6), корабли источника: {"203":"376000000000","207":"486052630657","210":"4844187427"}
[2026-09-08 02:22:53] 🎯 [mission] Цель (стадия 2): {"galaxy":"1","system":"372","planet":"6","planet_type":"1"}
[2026-09-08 02:22:53] 🕵️ [spy] Шпионаж → 1:372:6 (Весна) [sent]
[2026-09-08 02:22:55] 🌾 [farm] spyTargets: sent=[{"coords":"1:372:6","player":"Весна","dryRun":false}], skipped=[], failed=[]
[2026-09-08 02:22:55] 🌾 [farm] Шпионы на [1:372:6] отправлены — ждём отчёт 60000мс
[2026-09-08 02:22:55] 🌾 [loop] farm результат: {"spied":"1:372:6","waitingReport":true}
[2026-09-08 02:22:55] 🚀 [loop] expedition: выключен → пропускаем launchExpeditions
[2026-09-08 02:22:55] 📊 [tick] миссий: 22 (unknown:8 attack:2 return:10 expedition:2), атаки: 0
[2026-09-08 02:24:21] 🔘 [loop] флаги: farm=ON (Линкор), expedition=OFF (Линкор×300e9, Броненосец×3e9, Эсминец×2e9, Крейсер×7e9), safety=ON; reserveSlots=20
[2026-09-08 02:24:22] 🔒 [loop] safety: включён → запускаем runSafetyCheck
[2026-09-08 02:24:22] 🛡️ [safety] Главная луна 1:363:6: входящие=0
[2026-09-08 02:24:22] 🛡️ [safety] Атак на главную луну нет, эвакуированных флотов нет
[2026-09-08 02:24:22] 🌾 [loop] farm: включён → запускаем runFarmCycle
[2026-09-08 02:24:22] 🌾 [farm] ВХОД: analysis={"total":22,"outgoing":11,"returning":11,"byType":{"unknown":8,"attack":2,"return":10,"expedition":2},"activeSlots":11}
[2026-09-08 02:24:22] 🌾 [farm] Свободных миссий: 9 (занято 11/20)
[2026-09-08 02:24:22] 🌾 [farm] Состояние: queue=5, pendingReport={"coords":"1:372:6","player":"Весна","spiedAt":1788823375205}, scanSystem=372, attacked=240, failed=9
[2026-09-08 02:24:22] 🌾 [farm] Ждём отчёт по 1:372:6: прошло 88с из 60с
[2026-09-08 02:24:22] 🌾 [farm] Время вышло — ищем отчёт по 1:372:6
[2026-09-08 02:24:33] 🌾 [farm] Список сообщений (попытка 1): байт=725936, title="(нет title)", строк=100
[2026-09-08 02:24:33] 🌾 [farm] Сообщений: всего=100, шпионских по 1:372:6=1 — #85068203(08.09 - 02:23:06|Колонія [1:372:6]|Шпионский доклад)
[2026-09-08 02:24:33] 🌾 [farm] #85068203 (inline): М=82340476678904, А=13641443346699, У=13768379628118, игрок= В момент шпионажа Место: 744 Очков: 10 026 206 924 946 ');
[2026-09-08 02:24:33] 🌾 [farm] Доклад « В момент шпионажа Место: 744 Очков: 10 026 206 924 946 ');» [1:372:6] (msg#85068203, src=inline): Металл 82340476678904, Алмаз 13641443346699, Уран 13768379628118 → Итого 109750299653721 → 73166866436 × Линкор (вместимость 1500)
[2026-09-08 02:24:33] 🌾 [farm] 1:372:6: алмазов 13641443346699 < минимума 15000000000000 — отмечаю как атакованную (накопится к следующему кругу)
[2026-09-08 02:24:33] 🌾 [farm] finishTarget [1:372:6]: queue 5→4, info={"skipped":"low_diamond","diamonds":13641443346699}
[2026-09-08 02:24:33] 🌾 [loop] farm результат: {"target":"1:372:6","skipped":"low_diamond","diamonds":13641443346699}
[2026-09-08 02:24:33] 🚀 [loop] expedition: выключен → пропускаем launchExpeditions
[2026-09-08 02:24:33] 📊 [tick] миссий: 22 (unknown:8 attack:2 return:10 expedition:2), атаки: 0
[2026-09-08 02:26:00] 🔘 [loop] флаги: farm=ON (Линкор), expedition=OFF (Линкор×300e9, Броненосец×3e9, Эсминец×2e9, Крейсер×7e9), safety=ON; reserveSlots=20
[2026-09-08 02:26:02] 🔒 [loop] safety: включён → запускаем runSafetyCheck
[2026-09-08 02:26:02] 🛡️ [safety] Главная луна 1:363:6: входящие=0
[2026-09-08 02:26:02] 🛡️ [safety] Атак на главную луну нет, эвакуированных флотов нет
[2026-09-08 02:26:02] 🌾 [loop] farm: включён → запускаем runFarmCycle
[2026-09-08 02:26:02] 🌾 [farm] ВХОД: analysis={"total":22,"outgoing":11,"returning":11,"byType":{"unknown":8,"attack":2,"return":10,"expedition":2},"activeSlots":11}
[2026-09-08 02:26:02] 🌾 [farm] Свободных миссий: 9 (занято 11/20)
[2026-09-08 02:26:02] 🌾 [farm] Состояние: queue=4, pendingReport=null, scanSystem=372, attacked=240, failed=9
[2026-09-08 02:26:02] 🌾 [farm] current_goal = [1:372:9] Светик — отправляем шпионов (зондов: 5000)
[2026-09-08 02:26:03] 📍 [mission] Цель: 1:372:9 (mission=6), корабли источника: {"203":"376000000000","207":"486419350657","210":"4844187427"}
[2026-09-08 02:26:04] 🎯 [mission] Цель (стадия 2): {"galaxy":"1","system":"372","planet":"9","planet_type":"1"}
[2026-09-08 02:26:05] 🕵️ [spy] Шпионаж → 1:372:9 (Светик) [sent]
[2026-09-08 02:26:06] 🌾 [farm] spyTargets: sent=[{"coords":"1:372:9","player":"Светик","dryRun":false}], skipped=[], failed=[]
[2026-09-08 02:26:06] 🌾 [farm] Шпионы на [1:372:9] отправлены — ждём отчёт 60000мс
[2026-09-08 02:26:06] 🌾 [loop] farm результат: {"spied":"1:372:9","waitingReport":true}
[2026-09-08 02:26:06] 🚀 [loop] expedition: выключен → пропускаем launchExpeditions
[2026-09-08 02:26:06] 📊 [tick] миссий: 22 (unknown:8 attack:2 return:10 expedition:2), атаки: 0
[2026-09-08 02:27:35] 🔘 [loop] флаги: farm=ON (Линкор), expedition=OFF (Линкор×300e9, Броненосец×3e9, Эсминец×2e9, Крейсер×7e9), safety=ON; reserveSlots=20
[2026-09-08 02:27:39] 🔒 [loop] safety: включён → запускаем runSafetyCheck
[2026-09-08 02:27:39] 🛡️ [safety] Главная луна 1:363:6: входящие=0
[2026-09-08 02:27:39] 🛡️ [safety] Атак на главную луну нет, эвакуированных флотов нет
[2026-09-08 02:27:39] 🌾 [loop] farm: включён → запускаем runFarmCycle
[2026-09-08 02:27:39] 🌾 [farm] ВХОД: analysis={"total":21,"outgoing":10,"returning":11,"byType":{"attack":2,"return":10,"unknown":7,"expedition":2},"activeSlots":10}
[2026-09-08 02:27:39] 🌾 [farm] Свободных миссий: 10 (занято 10/20)
[2026-09-08 02:27:39] 🌾 [farm] Состояние: queue=4, pendingReport={"coords":"1:372:9","player":"Светик","spiedAt":1788823566798}, scanSystem=372, attacked=240, failed=9
[2026-09-08 02:27:39] 🌾 [farm] Ждём отчёт по 1:372:9: прошло 92с из 60с
[2026-09-08 02:27:39] 🌾 [farm] Время вышло — ищем отчёт по 1:372:9
[2026-09-08 02:27:50] 🌾 [farm] Список сообщений (попытка 1): байт=882420, title="(нет title)", строк=100
[2026-09-08 02:27:50] 🌾 [farm] Сообщений: всего=100, шпионских по 1:372:9=1 — #85068295(08.09 - 02:26:18|Колония [1:372:9]|Шпионский доклад)
[2026-09-08 02:27:50] 🌾 [farm] #85068295 (inline): М=46244789876256, А=22317551274514, У=4405056254137, игрок= В момент шпионажа Место: 740 Очков: 10 196 508 402 152 Специальность: Шахтер ');
[2026-09-08 02:27:50] 🌾 [farm] Доклад « В момент шпионажа Место: 740 Очков: 10 196 508 402 152 Специальность: Шахтер ');» [1:372:9] (msg#85068295, src=inline): Металл 46244789876256, Алмаз 22317551274514, Уран 4405056254137 → Итого 72967397404907 → 48644931604 × Линкор (вместимость 1500)
[2026-09-08 02:27:50] 🌾 [farm] Атака: target=1:372:9, mission=1, ships={207: 48644931604} (Линкор), fromCp=31694, dryRun=false
[2026-09-08 02:27:52] 📍 [mission] Цель: 1:372:9 (mission=1), корабли источника: {"203":"376000000000","207":"486626710657","210":"4844187427"}
[2026-09-08 02:27:52] 🎯 [mission] Цель (стадия 2): {"galaxy":"1","system":"372","planet":"9","planet_type":"1"}
[2026-09-08 02:27:53] 🌾 [farm] Результат sendMission: ok=true, stage=4, confirmed=true, error=-
[2026-09-08 02:27:53] 🌾 [farm] ✅ ФЛОТ ОТПРАВЛЕН: [1:372:9] (Светик), 48644931604 × Линкор, источник: главная луна cp=31694
[2026-09-08 02:27:53] 🌾 [farm] finishTarget [1:372:9]: queue 4→3, info={"ok":true,"count":48644931604,"ship":"Линкор","atk":{"ok":true,"stage":4,"confirmed":true,"resources":null}}
[2026-09-08 02:27:53] 🌾 [farm] [1:372:9] помечено как атакованное (кулдаун 1ч)
[2026-09-08 02:27:53] 🌾 [loop] farm результат: {"target":"1:372:9","ok":true,"count":48644931604,"ship":"Линкор","atk":{"ok":true,"stage":4,"confirmed":true,"resources":null}}
[2026-09-08 02:27:53] 🚀 [loop] expedition: выключен → пропускаем launchExpeditions
[2026-09-08 02:27:53] 📊 [tick] миссий: 21 (attack:2 return:10 unknown:7 expedition:2), атаки: 0
[2026-09-08 02:29:12] 🔘 [loop] флаги: farm=ON (Линкор), expedition=OFF (Линкор×300e9, Броненосец×3e9, Эсминец×2e9, Крейсер×7e9), safety=ON; reserveSlots=20
[2026-09-08 02:29:14] 🔒 [loop] safety: включён → запускаем runSafetyCheck
[2026-09-08 02:29:14] 🛡️ [safety] Главная луна 1:363:6: входящие=0
[2026-09-08 02:29:14] 🛡️ [safety] Атак на главную луну нет, эвакуированных флотов нет
[2026-09-08 02:29:14] 🌾 [loop] farm: включён → запускаем runFarmCycle
[2026-09-08 02:29:14] 🌾 [farm] ВХОД: analysis={"total":23,"outgoing":11,"returning":12,"byType":{"attack":3,"return":11,"unknown":7,"expedition":2},"activeSlots":11}
[2026-09-08 02:29:14] 🌾 [farm] Свободных миссий: 9 (занято 11/20)
[2026-09-08 02:29:14] 🌾 [farm] Состояние: queue=3, pendingReport=null, scanSystem=372, attacked=240, failed=9
[2026-09-08 02:29:14] 🌾 [farm] current_goal = [1:372:10] Rostyyyk — отправляем шпионов (зондов: 5000)
[2026-09-08 02:29:15] 📍 [mission] Цель: 1:372:10 (mission=6), корабли источника: {"203":"200000000000","207":"438143059053","210":"4844187427"}
[2026-09-08 02:29:16] 🎯 [mission] Цель (стадия 2): {"galaxy":"1","system":"372","planet":"10","planet_type":"1"}
[2026-09-08 02:29:16] 🕵️ [spy] Шпионаж → 1:372:10 (Rostyyyk) [sent]
[2026-09-08 02:29:18] 🌾 [farm] spyTargets: sent=[{"coords":"1:372:10","player":"Rostyyyk","dryRun":false}], skipped=[], failed=[]
[2026-09-08 02:29:18] 🌾 [farm] Шпионы на [1:372:10] отправлены — ждём отчёт 60000мс
[2026-09-08 02:29:18] 🌾 [loop] farm результат: {"spied":"1:372:10","waitingReport":true}
[2026-09-08 02:29:18] 🚀 [loop] expedition: выключен → пропускаем launchExpeditions
[2026-09-08 02:29:18] 📊 [tick] миссий: 23 (attack:3 return:11 unknown:7 expedition:2), атаки: 0
[2026-09-08 02:30:42] 🔘 [loop] флаги: farm=ON (Линкор), expedition=OFF (Линкор×300e9, Броненосец×3e9, Эсминец×2e9, Крейсер×7e9), safety=ON; reserveSlots=20
[2026-09-08 02:30:43] 🔒 [loop] safety: включён → запускаем runSafetyCheck
[2026-09-08 02:30:43] 🛡️ [safety] Главная луна 1:363:6: входящие=0
[2026-09-08 02:30:43] 🛡️ [safety] Атак на главную луну нет, эвакуированных флотов нет
[2026-09-08 02:30:43] 🌾 [loop] farm: включён → запускаем runFarmCycle
[2026-09-08 02:30:43] 🌾 [farm] ВХОД: analysis={"total":21,"outgoing":10,"returning":11,"byType":{"attack":2,"return":10,"unknown":7,"expedition":2},"activeSlots":10}
[2026-09-08 02:30:43] 🌾 [farm] Свободных миссий: 10 (занято 10/20)
[2026-09-08 02:30:43] 🌾 [farm] Состояние: queue=3, pendingReport={"coords":"1:372:10","player":"Rostyyyk","spiedAt":1788823758285}, scanSystem=372, attacked=240, failed=9
[2026-09-08 02:30:43] 🌾 [farm] Ждём отчёт по 1:372:10: прошло 85с из 60с
[2026-09-08 02:30:43] 🌾 [farm] Время вышло — ищем отчёт по 1:372:10
[2026-09-08 02:30:56] 🌾 [farm] Список сообщений (попытка 1): байт=863281, title="(нет title)", строк=100
[2026-09-08 02:30:56] 🌾 [farm] Сообщений: всего=100, шпионских по 1:372:10=1 — #85068423(08.09 - 02:29:29|-12- [1:372:10]|Шпионский доклад)
[2026-09-08 02:30:56] 🌾 [farm] #85068423 (inline): М=63102320073722, А=17104758788931, У=11697161841773, игрок= В момент шпионажа Место: 621 Очков: 19 401 526 042 632 Специальность: Шахтер ');
[2026-09-08 02:30:56] 🌾 [farm] Доклад « В момент шпионажа Место: 621 Очков: 19 401 526 042 632 Специальность: Шахтер ');» [1:372:10] (msg#85068423, src=inline): Металл 63102320073722, Алмаз 17104758788931, Уран 11697161841773 → Итого 91904240704426 → 61269493803 × Линкор (вместимость 1500)
[2026-09-08 02:30:56] 🌾 [farm] Атака: target=1:372:10, mission=1, ships={207: 61269493803} (Линкор), fromCp=31694, dryRun=false
[2026-09-08 02:30:58] 📍 [mission] Цель: 1:372:10 (mission=1), корабли источника: {"203":"200000000000","207":"515416586320","210":"4844187427"}
[2026-09-08 02:30:58] 🎯 [mission] Цель (стадия 2): {"galaxy":"1","system":"372","planet":"10","planet_type":"1"}
[2026-09-08 02:30:59] 🌾 [farm] Результат sendMission: ok=true, stage=4, confirmed=true, error=-
[2026-09-08 02:30:59] 🌾 [farm] ✅ ФЛОТ ОТПРАВЛЕН: [1:372:10] (Rostyyyk), 61269493803 × Линкор, источник: главная луна cp=31694
[2026-09-08 02:30:59] 🌾 [farm] finishTarget [1:372:10]: queue 3→2, info={"ok":true,"count":61269493803,"ship":"Линкор","atk":{"ok":true,"stage":4,"confirmed":true,"resources":null}}
[2026-09-08 02:30:59] 🌾 [farm] [1:372:10] помечено как атакованное (кулдаун 1ч)
[2026-09-08 02:30:59] 🌾 [loop] farm результат: {"target":"1:372:10","ok":true,"count":61269493803,"ship":"Линкор","atk":{"ok":true,"stage":4,"confirmed":true,"resources":null}}
[2026-09-08 02:30:59] 🚀 [loop] expedition: выключен → пропускаем launchExpeditions
[2026-09-08 02:30:59] 📊 [tick] миссий: 21 (attack:2 return:10 unknown:7 expedition:2), атаки: 0
[2026-09-08 02:32:17] 🔘 [loop] флаги: farm=ON (Линкор), expedition=OFF (Линкор×300e9, Броненосец×3e9, Эсминец×2e9, Крейсер×7e9), safety=ON; reserveSlots=20
[2026-09-08 02:32:20] 🔒 [loop] safety: включён → запускаем runSafetyCheck
[2026-09-08 02:32:20] 🛡️ [safety] Главная луна 1:363:6: входящие=0
[2026-09-08 02:32:20] 🛡️ [safety] Атак на главную луну нет, эвакуированных флотов нет
[2026-09-08 02:32:20] 🌾 [loop] farm: включён → запускаем runFarmCycle
[2026-09-08 02:32:20] 🌾 [farm] ВХОД: analysis={"total":24,"outgoing":12,"returning":12,"byType":{"attack":3,"return":11,"unknown":8,"expedition":2},"activeSlots":12}
[2026-09-08 02:32:20] 🌾 [farm] Свободных миссий: 8 (занято 12/20)
[2026-09-08 02:32:20] 🌾 [farm] Состояние: queue=2, pendingReport=null, scanSystem=372, attacked=240, failed=9
[2026-09-08 02:32:20] 🌾 [farm] current_goal = [1:372:12] BlackSun — отправляем шпионов (зондов: 5000)
[2026-09-08 02:32:21] 📍 [mission] Цель: 1:372:12 (mission=6), корабли источника: {"203":"200000000000","207":"454306452517","210":"4844187427"}
[2026-09-08 02:32:22] 🎯 [mission] Цель (стадия 2): {"galaxy":"1","system":"372","planet":"12","planet_type":"1"}
[2026-09-08 02:32:22] 🕵️ [spy] Шпионаж → 1:372:12 (BlackSun) [sent]
[2026-09-08 02:32:24] 🌾 [farm] spyTargets: sent=[{"coords":"1:372:12","player":"BlackSun","dryRun":false}], skipped=[], failed=[]
[2026-09-08 02:32:24] 🌾 [farm] Шпионы на [1:372:12] отправлены — ждём отчёт 60000мс
[2026-09-08 02:32:24] 🌾 [loop] farm результат: {"spied":"1:372:12","waitingReport":true}
[2026-09-08 02:32:24] 🚀 [loop] expedition: выключен → пропускаем launchExpeditions
[2026-09-08 02:32:24] 📊 [tick] миссий: 24 (attack:3 return:11 unknown:8 expedition:2), атаки: 0
[2026-09-08 02:34:02] 🔘 [loop] флаги: farm=ON (Линкор), expedition=OFF (Линкор×300e9, Броненосец×3e9, Эсминец×2e9, Крейсер×7e9), safety=ON; reserveSlots=20
[2026-09-08 02:34:04] 🔒 [loop] safety: включён → запускаем runSafetyCheck
[2026-09-08 02:34:04] 🛡️ [safety] Главная луна 1:363:6: входящие=0
[2026-09-08 02:34:04] 🛡️ [safety] Атак на главную луну нет, эвакуированных флотов нет
[2026-09-08 02:34:04] 🌾 [loop] farm: включён → запускаем runFarmCycle
[2026-09-08 02:34:04] 🌾 [farm] ВХОД: analysis={"total":22,"outgoing":11,"returning":11,"byType":{"attack":2,"return":10,"unknown":8,"expedition":2},"activeSlots":11}
[2026-09-08 02:34:04] 🌾 [farm] Свободных миссий: 9 (занято 11/20)
[2026-09-08 02:34:04] 🌾 [farm] Состояние: queue=2, pendingReport={"coords":"1:372:12","player":"BlackSun","spiedAt":1788823944284}, scanSystem=372, attacked=240, failed=9
[2026-09-08 02:34:04] 🌾 [farm] Ждём отчёт по 1:372:12: прошло 101с из 60с
[2026-09-08 02:34:04] 🌾 [farm] Время вышло — ищем отчёт по 1:372:12
[2026-09-08 02:34:18] 🌾 [farm] Список сообщений (попытка 1): байт=844253, title="(нет title)", строк=100
[2026-09-08 02:34:18] 🌾 [farm] Сообщений: всего=100, шпионских по 1:372:12=1 — #85068508(08.09 - 02:32:35|База [1:372:12]|Шпионский доклад)
[2026-09-08 02:34:18] 🌾 [farm] #85068508 (inline): М=41362996232623, А=10566249712756, У=10157517267668, игрок= В момент шпионажа Место: 563 Очков: 25 350 418 139 292 Специальность: Шахтер ');
[2026-09-08 02:34:18] 🌾 [farm] Доклад « В момент шпионажа Место: 563 Очков: 25 350 418 139 292 Специальность: Шахтер ');» [1:372:12] (msg#85068508, src=inline): Металл 41362996232623, Алмаз 10566249712756, Уран 10157517267668 → Итого 62086763213047 → 41391175476 × Линкор (вместимость 1500)
[2026-09-08 02:34:18] 🌾 [farm] 1:372:12: алмазов 10566249712756 < минимума 15000000000000 — отмечаю как атакованную (накопится к следующему кругу)
[2026-09-08 02:34:18] 🌾 [farm] finishTarget [1:372:12]: queue 2→1, info={"skipped":"low_diamond","diamonds":10566249712756}
[2026-09-08 02:34:18] 🌾 [loop] farm результат: {"target":"1:372:12","skipped":"low_diamond","diamonds":10566249712756}
[2026-09-08 02:34:18] 🚀 [loop] expedition: выключен → пропускаем launchExpeditions
[2026-09-08 02:34:18] 📊 [tick] миссий: 22 (attack:2 return:10 unknown:8 expedition:2), атаки: 0
[2026-09-08 02:35:41] 🔘 [loop] флаги: farm=ON (Линкор), expedition=OFF (Линкор×300e9, Броненосец×3e9, Эсминец×2e9, Крейсер×7e9), safety=ON; reserveSlots=20
[2026-09-08 02:35:44] 🔒 [loop] safety: включён → запускаем runSafetyCheck
[2026-09-08 02:35:44] 🛡️ [safety] Главная луна 1:363:6: входящие=0
[2026-09-08 02:35:44] 🛡️ [safety] Атак на главную луну нет, эвакуированных флотов нет
[2026-09-08 02:35:44] 🌾 [loop] farm: включён → запускаем runFarmCycle
[2026-09-08 02:35:44] 🌾 [farm] ВХОД: analysis={"total":22,"outgoing":11,"returning":11,"byType":{"attack":2,"return":10,"unknown":8,"expedition":2},"activeSlots":11}
[2026-09-08 02:35:44] 🌾 [farm] Свободных миссий: 9 (занято 11/20)
[2026-09-08 02:35:44] 🌾 [farm] Состояние: queue=1, pendingReport=null, scanSystem=372, attacked=240, failed=9
[2026-09-08 02:35:44] 🌾 [farm] current_goal = [1:372:15] Lexxs — отправляем шпионов (зондов: 5000)
[2026-09-08 02:35:45] 📍 [mission] Цель: 1:372:15 (mission=6), корабли источника: {"203":"200000000000","207":"565341470572","210":"4844187427"}
[2026-09-08 02:35:46] 🎯 [mission] Цель (стадия 2): {"galaxy":"1","system":"372","planet":"15","planet_type":"1"}
[2026-09-08 02:35:46] 🕵️ [spy] Шпионаж → 1:372:15 (Lexxs) [sent]
[2026-09-08 02:35:48] 🌾 [farm] spyTargets: sent=[{"coords":"1:372:15","player":"Lexxs","dryRun":false}], skipped=[], failed=[]
[2026-09-08 02:35:48] 🌾 [farm] Шпионы на [1:372:15] отправлены — ждём отчёт 60000мс
[2026-09-08 02:35:48] 🌾 [loop] farm результат: {"spied":"1:372:15","waitingReport":true}
[2026-09-08 02:35:48] 🚀 [loop] expedition: выключен → пропускаем launchExpeditions
[2026-09-08 02:35:48] 📊 [tick] миссий: 22 (attack:2 return:10 unknown:8 expedition:2), атаки: 0
[2026-09-08 02:37:12] 🔘 [loop] флаги: farm=ON (Линкор), expedition=OFF (Линкор×300e9, Броненосец×3e9, Эсминец×2e9, Крейсер×7e9), safety=ON; reserveSlots=20
[2026-09-08 02:37:15] 🔒 [loop] safety: включён → запускаем runSafetyCheck
[2026-09-08 02:37:15] 🛡️ [safety] Главная луна 1:363:6: входящие=0
[2026-09-08 02:37:15] 🛡️ [safety] Атак на главную луну нет, эвакуированных флотов нет
[2026-09-08 02:37:15] 🌾 [loop] farm: включён → запускаем runFarmCycle
[2026-09-08 02:37:15] 🌾 [farm] ВХОД: analysis={"total":22,"outgoing":11,"returning":11,"byType":{"attack":2,"return":10,"unknown":8,"expedition":2},"activeSlots":11}
[2026-09-08 02:37:15] 🌾 [farm] Свободных миссий: 9 (занято 11/20)
[2026-09-08 02:37:15] 🌾 [farm] Состояние: queue=1, pendingReport={"coords":"1:372:15","player":"Lexxs","spiedAt":1788824148318}, scanSystem=372, attacked=240, failed=9
[2026-09-08 02:37:15] 🌾 [farm] Ждём отчёт по 1:372:15: прошло 87с из 60с
[2026-09-08 02:37:15] 🌾 [farm] Время вышло — ищем отчёт по 1:372:15
[2026-09-08 02:37:28] 🌾 [farm] Список сообщений (попытка 1): байт=830190, title="(нет title)", строк=0
[2026-09-08 02:37:28] 🌾 [farm] строк=0 → снэпшот: /home/slabak/Documents/serverXG/debug/messages/empty-2026-09-07T23-37-28-785Z.html. Кусок: document.getElementById('massage-container').innerHTML = ' Сообщения \', LEFT, OFFSETY, -20);" onmouseout="return nd();"> 0 ' #modal_header_left{ background-position: -234px -52px; } #modal_header_left:hover{ background-position: -234px -78px; } Сообщения 10 20 30 40 50 60 70 80 90 100 Удалить отмеченные сообщения Удалить неотмеченные сообщения Удалить сообщения выше отмеченного Удалить сообщения 
[2026-09-08 02:37:46] 🌾 [farm] Список сообщений (попытка 2): байт=831684, title="(нет title)", строк=100
[2026-09-08 02:37:46] 🌾 [farm] Сообщений: всего=100, шпионских по 1:372:15=1 — #85068619(08.09 - 02:35:59|Колонія [1:372:15]|Шпионский доклад)
[2026-09-08 02:37:46] 🌾 [farm] #85068619 (inline): М=11706764316951, А=11706764316951, У=2009437173493, игрок= В момент шпионажа Место: 185 Очков: 572 926 676 789 900 Альянс: StGate ');
[2026-09-08 02:37:46] 🌾 [farm] Доклад « В момент шпионажа Место: 185 Очков: 572 926 676 789 900 Альянс: StGate ');» [1:372:15] (msg#85068619, src=inline): Металл 11706764316951, Алмаз 11706764316951, Уран 2009437173493 → Итого 25422965807395 → 16948643872 × Линкор (вместимость 1500)
[2026-09-08 02:37:46] 🌾 [farm] 1:372:15: алмазов 11706764316951 < минимума 15000000000000 — отмечаю как атакованную (накопится к следующему кругу)
[2026-09-08 02:37:46] 🌾 [farm] finishTarget [1:372:15]: queue 1→0, info={"skipped":"low_diamond","diamonds":11706764316951}
[2026-09-08 02:37:46] 🌾 [loop] farm результат: {"target":"1:372:15","skipped":"low_diamond","diamonds":11706764316951}
[2026-09-08 02:37:46] 🚀 [loop] expedition: выключен → пропускаем launchExpeditions
[2026-09-08 02:37:46] 📊 [tick] миссий: 22 (attack:2 return:10 unknown:8 expedition:2), атаки: 0
[2026-09-08 02:38:48] 🔘 [loop] флаги: farm=ON (Линкор), expedition=OFF (Линкор×300e9, Броненосец×3e9, Эсминец×2e9, Крейсер×7e9), safety=ON; reserveSlots=20
[2026-09-08 02:38:50] 🔒 [loop] safety: включён → запускаем runSafetyCheck
[2026-09-08 02:38:50] 🛡️ [safety] Главная луна 1:363:6: входящие=0
[2026-09-08 02:38:50] 🛡️ [safety] Атак на главную луну нет, эвакуированных флотов нет
[2026-09-08 02:38:50] 🌾 [loop] farm: включён → запускаем runFarmCycle
[2026-09-08 02:38:50] 🌾 [farm] ВХОД: analysis={"total":21,"outgoing":10,"returning":11,"byType":{"return":10,"attack":1,"unknown":8,"expedition":2},"activeSlots":10}
[2026-09-08 02:38:50] 🌾 [farm] Свободных миссий: 10 (занято 10/20)
[2026-09-08 02:38:50] 🌾 [farm] Состояние: queue=0, pendingReport=null, scanSystem=372, attacked=240, failed=9
[2026-09-08 02:38:50] 🌾 [farm] Переход к системе 1:373 (range=30, было 372)
[2026-09-08 02:38:52] 🌾 [farm] Система 1:373 получена: планет в таблице=14
[2026-09-08 02:38:52] 🌾 [farm] Фильтры: ourCoords=1:363:6,1:257:13,1:260:9,1:318:1,1:331:12,1:364:9,1:364:14,1:369:4,1:378:12,1:521:15,1:610:11,1:611:5,1:907:15,1:918:1, busyCoords=20
[2026-09-08 02:38:52] 🌾 [farm] Неактивных после базовых фильтров: 11 — AleX[3](lolonginactive), Eugene73[4](lolonginactive), донна белла[5](lolonginactive), Solevaya[6](lolonginactive), volkser[7](lolonginactive), ариания[8](lolonginactive), Meison291[9](lolonginactive), Blaze45[10](lolonginactive), monkey_business[12](lolonginactive), adff[13](lolonginactive), MIRNY_SHAXTER[15](lolonginactive)
[2026-09-08 02:38:52] 🌾 [farm] Система 1:373: в очередь 11 — AleX[3], Eugene73[4], донна белла[5], Solevaya[6], volkser[7], ариания[8], Meison291[9], Blaze45[10], monkey_business[12], adff[13], MIRNY_SHAXTER[15]
[2026-09-08 02:38:52] 🌾 [farm] current_goal = [1:373:3] AleX — отправляем шпионов (зондов: 5000)
[2026-09-08 02:38:54] 📍 [mission] Цель: 1:373:3 (mission=6), корабли источника: {"203":"200000000000","207":"565704350572","210":"4844182427"}
[2026-09-08 02:38:54] 🎯 [mission] Цель (стадия 2): {"galaxy":"1","system":"373","planet":"3","planet_type":"1"}
[2026-09-08 02:38:55] 🕵️ [spy] Шпионаж → 1:373:3 (AleX) [sent]
[2026-09-08 02:38:56] 🌾 [farm] spyTargets: sent=[{"coords":"1:373:3","player":"AleX","dryRun":false}], skipped=[], failed=[]
[2026-09-08 02:38:56] 🌾 [farm] Шпионы на [1:373:3] отправлены — ждём отчёт 60000мс
[2026-09-08 02:38:56] 🌾 [loop] farm результат: {"spied":"1:373:3","waitingReport":true}
[2026-09-08 02:38:56] 🚀 [loop] expedition: выключен → пропускаем launchExpeditions
[2026-09-08 02:38:56] 📊 [tick] миссий: 21 (return:10 attack:1 unknown:8 expedition:2), атаки: 0
[2026-09-08 02:40:19] 🔘 [loop] флаги: farm=ON (Линкор), expedition=OFF (Линкор×300e9, Броненосец×3e9, Эсминец×2e9, Крейсер×7e9), safety=ON; reserveSlots=20
[2026-09-08 02:40:21] 🔒 [loop] safety: включён → запускаем runSafetyCheck
[2026-09-08 02:40:21] 🛡️ [safety] Главная луна 1:363:6: входящие=0
[2026-09-08 02:40:21] 🛡️ [safety] Атак на главную луну нет, эвакуированных флотов нет
[2026-09-08 02:40:21] 🌾 [loop] farm: включён → запускаем runFarmCycle
[2026-09-08 02:40:21] 🌾 [farm] ВХОД: analysis={"total":20,"outgoing":10,"returning":10,"byType":{"attack":1,"return":9,"unknown":8,"expedition":2},"activeSlots":10}
[2026-09-08 02:40:21] 🌾 [farm] Свободных миссий: 10 (занято 10/20)
[2026-09-08 02:40:21] 🌾 [farm] Состояние: queue=11, pendingReport={"coords":"1:373:3","player":"AleX","spiedAt":1788824336697}, scanSystem=373, attacked=240, failed=9
[2026-09-08 02:40:21] 🌾 [farm] Ждём отчёт по 1:373:3: прошло 85с из 60с
[2026-09-08 02:40:21] 🌾 [farm] Время вышло — ищем отчёт по 1:373:3
[2026-09-08 02:40:35] 🌾 [farm] Список сообщений (попытка 1): байт=811565, title="(нет title)", строк=100
[2026-09-08 02:40:35] 🌾 [farm] Сообщений: всего=100, шпионских по 1:373:3=1 — #85068734(08.09 - 02:39:08|Пункт 5 [1:373:3]|Шпионский доклад)
[2026-09-08 02:40:35] 🌾 [farm] #85068734 (inline): М=64058325975709, А=23706069947818, У=15845353368222, игрок= В момент шпионажа Место: 961 Очков: 3 464 615 627 824 Альянс: USG Специальность: Ученый ');
[2026-09-08 02:40:35] 🌾 [farm] Доклад « В момент шпионажа Место: 961 Очков: 3 464 615 627 824 Альянс: USG Специальность: Ученый ');» [1:373:3] (msg#85068734, src=inline): Металл 64058325975709, Алмаз 23706069947818, Уран 15845353368222 → Итого 103609749291749 → 69073166195 × Линкор (вместимость 1500)
[2026-09-08 02:40:35] 🌾 [farm] Атака: target=1:373:3, mission=1, ships={207: 69073166195} (Линкор), fromCp=31694, dryRun=false
[2026-09-08 02:40:36] 📍 [mission] Цель: 1:373:3 (mission=1), корабли источника: {"203":"200000000000","207":"620802417497","210":"4844182427"}
[2026-09-08 02:40:36] 🎯 [mission] Цель (стадия 2): {"galaxy":"1","system":"373","planet":"3","planet_type":"1"}
[2026-09-08 02:40:37] 🌾 [farm] Результат sendMission: ok=true, stage=4, confirmed=true, error=-
[2026-09-08 02:40:37] 🌾 [farm] ✅ ФЛОТ ОТПРАВЛЕН: [1:373:3] (AleX), 69073166195 × Линкор, источник: главная луна cp=31694
[2026-09-08 02:40:37] 🌾 [farm] finishTarget [1:373:3]: queue 11→10, info={"ok":true,"count":69073166195,"ship":"Линкор","atk":{"ok":true,"stage":4,"confirmed":true,"resources":null}}
[2026-09-08 02:40:37] 🌾 [farm] [1:373:3] помечено как атакованное (кулдаун 1ч)
[2026-09-08 02:40:37] 🌾 [loop] farm результат: {"target":"1:373:3","ok":true,"count":69073166195,"ship":"Линкор","atk":{"ok":true,"stage":4,"confirmed":true,"resources":null}}
[2026-09-08 02:40:37] 🚀 [loop] expedition: выключен → пропускаем launchExpeditions
[2026-09-08 02:40:37] 📊 [tick] миссий: 20 (attack:1 return:9 unknown:8 expedition:2), атаки: 0
[2026-09-08 02:41:51] 🔘 [loop] флаги: farm=ON (Линкор), expedition=OFF (Линкор×300e9, Броненосец×3e9, Эсминец×2e9, Крейсер×7e9), safety=ON; reserveSlots=20
[2026-09-08 02:41:53] 🔒 [loop] safety: включён → запускаем runSafetyCheck
[2026-09-08 02:41:53] 🛡️ [safety] Главная луна 1:363:6: входящие=0
[2026-09-08 02:41:53] 🛡️ [safety] Атак на главную луну нет, эвакуированных флотов нет
[2026-09-08 02:41:53] 🌾 [loop] farm: включён → запускаем runFarmCycle
[2026-09-08 02:41:53] 🌾 [farm] ВХОД: analysis={"total":21,"outgoing":10,"returning":11,"byType":{"return":10,"attack":1,"unknown":8,"expedition":2},"activeSlots":10}
[2026-09-08 02:41:53] 🌾 [farm] Свободных миссий: 10 (занято 10/20)
[2026-09-08 02:41:53] 🌾 [farm] Состояние: queue=10, pendingReport=null, scanSystem=373, attacked=240, failed=9
[2026-09-08 02:41:53] 🌾 [farm] current_goal = [1:373:4] Eugene73 — отправляем шпионов (зондов: 5000)
[2026-09-08 02:41:54] 📍 [mission] Цель: 1:373:4 (mission=6), корабли источника: {"203":"200000000000","207":"551879011302","210":"4844182427"}
[2026-09-08 02:41:54] 🎯 [mission] Цель (стадия 2): {"galaxy":"1","system":"373","planet":"4","planet_type":"1"}
[2026-09-08 02:41:55] 🕵️ [spy] Шпионаж → 1:373:4 (Eugene73) [sent]
[2026-09-08 02:41:57] 🌾 [farm] spyTargets: sent=[{"coords":"1:373:4","player":"Eugene73","dryRun":false}], skipped=[], failed=[]
[2026-09-08 02:41:57] 🌾 [farm] Шпионы на [1:373:4] отправлены — ждём отчёт 60000мс
[2026-09-08 02:41:57] 🌾 [loop] farm результат: {"spied":"1:373:4","waitingReport":true}
[2026-09-08 02:41:57] 🚀 [loop] expedition: выключен → пропускаем launchExpeditions
[2026-09-08 02:41:57] 📊 [tick] миссий: 21 (return:10 attack:1 unknown:8 expedition:2), атаки: 0
[2026-09-08 02:43:33] 🔘 [loop] флаги: farm=ON (Линкор), expedition=OFF (Линкор×300e9, Броненосец×3e9, Эсминец×2e9, Крейсер×7e9), safety=ON; reserveSlots=20
[2026-09-08 02:43:35] 🔒 [loop] safety: включён → запускаем runSafetyCheck
[2026-09-08 02:43:35] 🛡️ [safety] Главная луна 1:363:6: входящие=0
[2026-09-08 02:43:35] 🛡️ [safety] Атак на главную луну нет, эвакуированных флотов нет
[2026-09-08 02:43:35] 🌾 [loop] farm: включён → запускаем runFarmCycle
[2026-09-08 02:43:35] 🌾 [farm] ВХОД: analysis={"total":20,"outgoing":10,"returning":10,"byType":{"return":9,"attack":1,"unknown":8,"expedition":2},"activeSlots":10}
[2026-09-08 02:43:35] 🌾 [farm] Свободных миссий: 10 (занято 10/20)
[2026-09-08 02:43:35] 🌾 [farm] Состояние: queue=10, pendingReport={"coords":"1:373:4","player":"Eugene73","spiedAt":1788824517241}, scanSystem=373, attacked=240, failed=9
[2026-09-08 02:43:35] 🌾 [farm] Ждём отчёт по 1:373:4: прошло 98с из 60с
[2026-09-08 02:43:35] 🌾 [farm] Время вышло — ищем отчёт по 1:373:4
[2026-09-08 02:43:48] 🌾 [farm] Список сообщений (попытка 1): байт=783176, title="(нет title)", строк=100
[2026-09-08 02:43:48] 🌾 [farm] Сообщений: всего=100, шпионских по 1:373:4=1 — #85068988(08.09 - 02:42:08|Колония [1:373:4]|Шпионский доклад)
[2026-09-08 02:43:48] 🌾 [farm] #85068988 (inline): М=116982802630739, А=23634495677089, У=17917770295633, игрок= В момент шпионажа Место: 539 Очков: 30 423 207 993 095 ');
[2026-09-08 02:43:48] 🌾 [farm] Доклад « В момент шпионажа Место: 539 Очков: 30 423 207 993 095 ');» [1:373:4] (msg#85068988, src=inline): Металл 116982802630739, Алмаз 23634495677089, Уран 17917770295633 → Итого 158535068603461 → 105690045736 × Линкор (вместимость 1500)
[2026-09-08 02:43:48] 🌾 [farm] Атака: target=1:373:4, mission=1, ships={207: 105690045736} (Линкор), fromCp=31694, dryRun=false
[2026-09-08 02:43:49] 📍 [mission] Цель: 1:373:4 (mission=1), корабли источника: {"203":"200000000000","207":"661995987835","210":"4844182427"}
[2026-09-08 02:43:49] 🎯 [mission] Цель (стадия 2): {"galaxy":"1","system":"373","planet":"4","planet_type":"1"}
[2026-09-08 02:43:50] 🌾 [farm] Результат sendMission: ok=true, stage=4, confirmed=true, error=-
[2026-09-08 02:43:50] 🌾 [farm] ✅ ФЛОТ ОТПРАВЛЕН: [1:373:4] (Eugene73), 105690045736 × Линкор, источник: главная луна cp=31694
[2026-09-08 02:43:50] 🌾 [farm] finishTarget [1:373:4]: queue 10→9, info={"ok":true,"count":105690045736,"ship":"Линкор","atk":{"ok":true,"stage":4,"confirmed":true,"resources":null}}
[2026-09-08 02:43:50] 🌾 [farm] [1:373:4] помечено как атакованное (кулдаун 1ч)
[2026-09-08 02:43:50] 🌾 [loop] farm результат: {"target":"1:373:4","ok":true,"count":105690045736,"ship":"Линкор","atk":{"ok":true,"stage":4,"confirmed":true,"resources":null}}
[2026-09-08 02:43:50] 🚀 [loop] expedition: выключен → пропускаем launchExpeditions
[2026-09-08 02:43:50] 📊 [tick] миссий: 20 (return:9 attack:1 unknown:8 expedition:2), атаки: 0
[2026-09-08 02:45:12] 🔘 [loop] флаги: farm=ON (Линкор), expedition=OFF (Линкор×300e9, Броненосец×3e9, Эсминец×2e9, Крейсер×7e9), safety=ON; reserveSlots=20
[2026-09-08 02:45:14] 🔒 [loop] safety: включён → запускаем runSafetyCheck
[2026-09-08 02:45:14] 🛡️ [safety] Главная луна 1:363:6: входящие=0
[2026-09-08 02:45:14] 🛡️ [safety] Атак на главную луну нет, эвакуированных флотов нет
[2026-09-08 02:45:14] 🌾 [loop] farm: включён → запускаем runFarmCycle
[2026-09-08 02:45:14] 🌾 [farm] ВХОД: analysis={"total":22,"outgoing":11,"returning":11,"byType":{"return":10,"attack":2,"unknown":8,"expedition":2},"activeSlots":11}
[2026-09-08 02:45:14] 🌾 [farm] Свободных миссий: 9 (занято 11/20)
[2026-09-08 02:45:14] 🌾 [farm] Состояние: queue=9, pendingReport=null, scanSystem=373, attacked=240, failed=9
[2026-09-08 02:45:14] 🌾 [farm] current_goal = [1:373:5] донна белла — отправляем шпионов (зондов: 5000)
[2026-09-08 02:45:16] 📍 [mission] Цель: 1:373:5 (mission=6), корабли источника: {"203":"200000000000","207":"556472982099","210":"4844182427"}
[2026-09-08 02:45:16] 🎯 [mission] Цель (стадия 2): {"galaxy":"1","system":"373","planet":"5","planet_type":"1"}
[2026-09-08 02:45:17] 🕵️ [spy] Шпионаж → 1:373:5 (донна белла) [sent]
[2026-09-08 02:45:18] 🌾 [farm] spyTargets: sent=[{"coords":"1:373:5","player":"донна белла","dryRun":false}], skipped=[], failed=[]
[2026-09-08 02:45:18] 🌾 [farm] Шпионы на [1:373:5] отправлены — ждём отчёт 60000мс
[2026-09-08 02:45:18] 🌾 [loop] farm результат: {"spied":"1:373:5","waitingReport":true}
[2026-09-08 02:45:18] 🚀 [loop] expedition: выключен → пропускаем launchExpeditions
[2026-09-08 02:45:18] 📊 [tick] миссий: 22 (return:10 attack:2 unknown:8 expedition:2), атаки: 0
[2026-09-08 02:46:45] 🔘 [loop] флаги: farm=ON (Линкор), expedition=OFF (Линкор×300e9, Броненосец×3e9, Эсминец×2e9, Крейсер×7e9), safety=ON; reserveSlots=20
[2026-09-08 02:46:47] 🔒 [loop] safety: включён → запускаем runSafetyCheck
[2026-09-08 02:46:47] 🛡️ [safety] Главная луна 1:363:6: входящие=0
[2026-09-08 02:46:47] 🛡️ [safety] Атак на главную луну нет, эвакуированных флотов нет
[2026-09-08 02:46:47] 🌾 [loop] farm: включён → запускаем runFarmCycle
[2026-09-08 02:46:47] 🌾 [farm] ВХОД: analysis={"total":22,"outgoing":11,"returning":11,"byType":{"return":10,"attack":2,"unknown":8,"expedition":2},"activeSlots":11}
[2026-09-08 02:46:47] 🌾 [farm] Свободных миссий: 9 (занято 11/20)
[2026-09-08 02:46:47] 🌾 [farm] Состояние: queue=9, pendingReport={"coords":"1:373:5","player":"донна белла","spiedAt":1788824718734}, scanSystem=373, attacked=240, failed=9
[2026-09-08 02:46:47] 🌾 [farm] Ждём отчёт по 1:373:5: прошло 89с из 60с
[2026-09-08 02:46:47] 🌾 [farm] Время вышло — ищем отчёт по 1:373:5
[2026-09-08 02:46:55] 🌾 [farm] Список сообщений (попытка 1): байт=775322, title="(нет title)", строк=0
[2026-09-08 02:46:55] 🌾 [farm] строк=0 → снэпшот: /home/slabak/Documents/serverXG/debug/messages/empty-2026-09-07T23-46-55-787Z.html. Кусок: document.getElementById('massage-container').innerHTML = ' Сообщения \', LEFT, OFFSETY, -20);" onmouseout="return nd();"> 0 ' #modal_header_left{ background-position: -234px -52px; } #modal_header_left:hover{ background-position: -234px -78px; } Сообщения 10 20 30 40 50 60 70 80 90 100 Удалить отмеченные сообщения Удалить неотмеченные сообщения Удалить сообщения выше отмеченного Удалить сообщения 
[2026-09-08 02:47:09] 🌾 [farm] Список сообщений (попытка 2): байт=776816, title="(нет title)", строк=100
[2026-09-08 02:47:09] 🌾 [farm] Сообщений: всего=100, шпионских по 1:373:5=1 — #85069214(08.09 - 02:45:30|Колония [1:373:5]|Шпионский доклад)
[2026-09-08 02:47:09] 🌾 [farm] #85069214 (inline): М=112062738167822, А=19647763960240, У=15678034284439, игрок= В момент шпионажа Место: 440 Очков: 55 770 700 056 937 ');
[2026-09-08 02:47:09] 🌾 [farm] Доклад « В момент шпионажа Место: 440 Очков: 55 770 700 056 937 ');» [1:373:5] (msg#85069214, src=inline): Металл 112062738167822, Алмаз 19647763960240, Уран 15678034284439 → Итого 147388536412501 → 98259024276 × Линкор (вместимость 1500)
[2026-09-08 02:47:09] 🌾 [farm] Атака: target=1:373:5, mission=1, ships={207: 98259024276} (Линкор), fromCp=31694, dryRun=false
[2026-09-08 02:47:11] 📍 [mission] Цель: 1:373:5 (mission=1), корабли источника: {"203":"200000000000","207":"556693782099","210":"4844182427"}
[2026-09-08 02:47:11] 🎯 [mission] Цель (стадия 2): {"galaxy":"1","system":"373","planet":"5","planet_type":"1"}
[2026-09-08 02:47:12] 🌾 [farm] Результат sendMission: ok=true, stage=4, confirmed=true, error=-
[2026-09-08 02:47:12] 🌾 [farm] ✅ ФЛОТ ОТПРАВЛЕН: [1:373:5] (донна белла), 98259024276 × Линкор, источник: главная луна cp=31694
[2026-09-08 02:47:12] 🌾 [farm] finishTarget [1:373:5]: queue 9→8, info={"ok":true,"count":98259024276,"ship":"Линкор","atk":{"ok":true,"stage":4,"confirmed":true,"resources":null}}
[2026-09-08 02:47:12] 🌾 [farm] [1:373:5] помечено как атакованное (кулдаун 1ч)
[2026-09-08 02:47:12] 🌾 [loop] farm результат: {"target":"1:373:5","ok":true,"count":98259024276,"ship":"Линкор","atk":{"ok":true,"stage":4,"confirmed":true,"resources":null}}
[2026-09-08 02:47:12] 🚀 [loop] expedition: выключен → пропускаем launchExpeditions
[2026-09-08 02:47:12] 📊 [tick] миссий: 22 (return:10 attack:2 unknown:8 expedition:2), атаки: 0
[2026-09-08 02:48:17] 🔘 [loop] флаги: farm=ON (Линкор), expedition=OFF (Линкор×300e9, Броненосец×3e9, Эсминец×2e9, Крейсер×7e9), safety=ON; reserveSlots=20
[2026-09-08 02:48:19] 🔒 [loop] safety: включён → запускаем runSafetyCheck
[2026-09-08 02:48:19] 🛡️ [safety] Главная луна 1:363:6: входящие=0
[2026-09-08 02:48:19] 🛡️ [safety] Атак на главную луну нет, эвакуированных флотов нет
[2026-09-08 02:48:19] 🌾 [loop] farm: включён → запускаем runFarmCycle
[2026-09-08 02:48:19] 🌾 [farm] ВХОД: analysis={"total":24,"outgoing":12,"returning":12,"byType":{"return":11,"attack":3,"unknown":8,"expedition":2},"activeSlots":12}
[2026-09-08 02:48:19] 🌾 [farm] Свободных миссий: 8 (занято 12/20)
[2026-09-08 02:48:19] 🌾 [farm] Состояние: queue=8, pendingReport=null, scanSystem=373, attacked=240, failed=9
[2026-09-08 02:48:19] 🌾 [farm] current_goal = [1:373:6] Solevaya — отправляем шпионов (зондов: 5000)
[2026-09-08 02:48:20] 📍 [mission] Цель: 1:373:6 (mission=6), корабли источника: {"203":"200000000000","207":"458567237823","210":"4844182427"}
[2026-09-08 02:48:20] 🎯 [mission] Цель (стадия 2): {"galaxy":"1","system":"373","planet":"6","planet_type":"1"}
[2026-09-08 02:48:21] 🕵️ [spy] Шпионаж → 1:373:6 (Solevaya) [sent]
[2026-09-08 02:48:23] 🌾 [farm] spyTargets: sent=[{"coords":"1:373:6","player":"Solevaya","dryRun":false}], skipped=[], failed=[]
[2026-09-08 02:48:23] 🌾 [farm] Шпионы на [1:373:6] отправлены — ждём отчёт 60000мс
[2026-09-08 02:48:23] 🌾 [loop] farm результат: {"spied":"1:373:6","waitingReport":true}
[2026-09-08 02:48:23] 🚀 [loop] expedition: выключен → пропускаем launchExpeditions
[2026-09-08 02:48:23] 📊 [tick] миссий: 24 (return:11 attack:3 unknown:8 expedition:2), атаки: 0
[2026-09-08 02:49:53] 🔘 [loop] флаги: farm=ON (Линкор), expedition=OFF (Линкор×300e9, Броненосец×3e9, Эсминец×2e9, Крейсер×7e9), safety=ON; reserveSlots=20
[2026-09-08 02:49:56] 🔒 [loop] safety: включён → запускаем runSafetyCheck
[2026-09-08 02:49:56] 🛡️ [safety] Главная луна 1:363:6: входящие=0
[2026-09-08 02:49:56] 🛡️ [safety] Атак на главную луну нет, эвакуированных флотов нет
[2026-09-08 02:49:56] 🌾 [loop] farm: включён → запускаем runFarmCycle
[2026-09-08 02:49:56] 🌾 [farm] ВХОД: analysis={"total":23,"outgoing":12,"returning":11,"byType":{"attack":3,"return":10,"unknown":8,"expedition":2},"activeSlots":12}
[2026-09-08 02:49:56] 🌾 [farm] Свободных миссий: 8 (занято 12/20)
[2026-09-08 02:49:56] 🌾 [farm] Состояние: queue=8, pendingReport={"coords":"1:373:6","player":"Solevaya","spiedAt":1788824903105}, scanSystem=373, attacked=240, failed=9
[2026-09-08 02:49:56] 🌾 [farm] Ждём отчёт по 1:373:6: прошло 93с из 60с
[2026-09-08 02:49:56] 🌾 [farm] Время вышло — ищем отчёт по 1:373:6
[2026-09-08 02:50:08] 🌾 [farm] Список сообщений (попытка 1): байт=770721, title="(нет title)", строк=0
[2026-09-08 02:50:08] 🌾 [farm] строк=0 → снэпшот: /home/slabak/Documents/serverXG/debug/messages/empty-2026-09-07T23-50-08-103Z.html. Кусок: document.getElementById('massage-container').innerHTML = ' Сообщения \', LEFT, OFFSETY, -20);" onmouseout="return nd();"> 0 ' #modal_header_left{ background-position: -234px -52px; } #modal_header_left:hover{ background-position: -234px -78px; } Сообщения 10 20 30 40 50 60 70 80 90 100 Удалить отмеченные сообщения Удалить неотмеченные сообщения Удалить сообщения выше отмеченного Удалить сообщения 
[2026-09-08 02:50:19] 🌾 [farm] Список сообщений (попытка 2): байт=772215, title="(нет title)", строк=100
[2026-09-08 02:50:19] 🌾 [farm] Сообщений: всего=100, шпионских по 1:373:6=1 — #85069369(08.09 - 02:48:34|Colony [1:373:6]|Шпионский доклад)
[2026-09-08 02:50:19] 🌾 [farm] #85069369 (inline): М=62361331658897, А=30211047521464, У=11275450606139, игрок= В момент шпионажа Место: 703 Очков: 12 299 302 693 790 Специальность: Ученый ');
[2026-09-08 02:50:19] 🌾 [farm] Доклад « В момент шпионажа Место: 703 Очков: 12 299 302 693 790 Специальность: Ученый ');» [1:373:6] (msg#85069369, src=inline): Металл 62361331658897, Алмаз 30211047521464, Уран 11275450606139 → Итого 103847829786500 → 69231886525 × Линкор (вместимость 1500)
[2026-09-08 02:50:19] 🌾 [farm] Атака: target=1:373:6, mission=1, ships={207: 69231886525} (Линкор), fromCp=31694, dryRun=false
[2026-09-08 02:50:20] 📍 [mission] Цель: 1:373:6 (mission=1), корабли источника: {"203":"200000000000","207":"507442569427","210":"4844182427"}
[2026-09-08 02:50:21] 🎯 [mission] Цель (стадия 2): {"galaxy":"1","system":"373","planet":"6","planet_type":"1"}
[2026-09-08 02:50:22] 🌾 [farm] Результат sendMission: ok=true, stage=4, confirmed=true, error=-
[2026-09-08 02:50:22] 🌾 [farm] ✅ ФЛОТ ОТПРАВЛЕН: [1:373:6] (Solevaya), 69231886525 × Линкор, источник: главная луна cp=31694
[2026-09-08 02:50:22] 🌾 [farm] finishTarget [1:373:6]: queue 8→7, info={"ok":true,"count":69231886525,"ship":"Линкор","atk":{"ok":true,"stage":4,"confirmed":true,"resources":null}}
[2026-09-08 02:50:22] 🌾 [farm] [1:373:6] помечено как атакованное (кулдаун 1ч)
[2026-09-08 02:50:22] 🌾 [loop] farm результат: {"target":"1:373:6","ok":true,"count":69231886525,"ship":"Линкор","atk":{"ok":true,"stage":4,"confirmed":true,"resources":null}}
[2026-09-08 02:50:22] 🚀 [loop] expedition: выключен → пропускаем launchExpeditions
[2026-09-08 02:50:22] 📊 [tick] миссий: 23 (attack:3 return:10 unknown:8 expedition:2), атаки: 0
[2026-09-08 02:51:28] 🔘 [loop] флаги: farm=ON (Линкор), expedition=OFF (Линкор×300e9, Броненосец×3e9, Эсминец×2e9, Крейсер×7e9), safety=ON; reserveSlots=20
[2026-09-08 02:51:29] 🔒 [loop] safety: включён → запускаем runSafetyCheck
[2026-09-08 02:51:29] 🛡️ [safety] Главная луна 1:363:6: входящие=0
[2026-09-08 02:51:29] 🛡️ [safety] Атак на главную луну нет, эвакуированных флотов нет
[2026-09-08 02:51:29] 🌾 [loop] farm: включён → запускаем runFarmCycle
[2026-09-08 02:51:29] 🌾 [farm] ВХОД: analysis={"total":25,"outgoing":13,"returning":12,"byType":{"attack":4,"return":11,"unknown":8,"expedition":2},"activeSlots":13}
[2026-09-08 02:51:29] 🌾 [farm] Свободных миссий: 7 (занято 13/20)
[2026-09-08 02:51:29] 🌾 [farm] Состояние: queue=7, pendingReport=null, scanSystem=373, attacked=240, failed=9
[2026-09-08 02:51:29] 🌾 [farm] current_goal = [1:373:7] volkser — отправляем шпионов (зондов: 5000)
[2026-09-08 02:51:30] 📍 [mission] Цель: 1:373:7 (mission=6), корабли источника: {"203":"200000000000","207":"438345082902","210":"4844182427"}
[2026-09-08 02:51:31] 🎯 [mission] Цель (стадия 2): {"galaxy":"1","system":"373","planet":"7","planet_type":"1"}
[2026-09-08 02:51:31] 🕵️ [spy] Шпионаж → 1:373:7 (volkser) [sent]
[2026-09-08 02:51:33] 🌾 [farm] spyTargets: sent=[{"coords":"1:373:7","player":"volkser","dryRun":false}], skipped=[], failed=[]
[2026-09-08 02:51:33] 🌾 [farm] Шпионы на [1:373:7] отправлены — ждём отчёт 60000мс
[2026-09-08 02:51:33] 🌾 [loop] farm результат: {"spied":"1:373:7","waitingReport":true}
[2026-09-08 02:51:33] 🚀 [loop] expedition: выключен → пропускаем launchExpeditions
[2026-09-08 02:51:33] 📊 [tick] миссий: 25 (attack:4 return:11 unknown:8 expedition:2), атаки: 0
[2026-09-08 02:53:02] 🔘 [loop] флаги: farm=ON (Линкор), expedition=OFF (Линкор×300e9, Броненосец×3e9, Эсминец×2e9, Крейсер×7e9), safety=ON; reserveSlots=20
[2026-09-08 02:53:04] 🔒 [loop] safety: включён → запускаем runSafetyCheck
[2026-09-08 02:53:04] 🛡️ [safety] Главная луна 1:363:6: входящие=0
[2026-09-08 02:53:04] 🛡️ [safety] Атак на главную луну нет, эвакуированных флотов нет
[2026-09-08 02:53:04] 🌾 [loop] farm: включён → запускаем runFarmCycle
[2026-09-08 02:53:04] 🌾 [farm] ВХОД: analysis={"total":23,"outgoing":12,"returning":11,"byType":{"attack":3,"return":10,"unknown":8,"expedition":2},"activeSlots":12}
[2026-09-08 02:53:04] 🌾 [farm] Свободных миссий: 8 (занято 12/20)
[2026-09-08 02:53:04] 🌾 [farm] Состояние: queue=7, pendingReport={"coords":"1:373:7","player":"volkser","spiedAt":1788825093433}, scanSystem=373, attacked=240, failed=9
[2026-09-08 02:53:04] 🌾 [farm] Ждём отчёт по 1:373:7: прошло 91с из 60с
[2026-09-08 02:53:04] 🌾 [farm] Время вышло — ищем отчёт по 1:373:7
[2026-09-08 02:53:13] 🌾 [farm] Список сообщений (попытка 1): байт=770157, title="(нет title)", строк=100
[2026-09-08 02:53:13] 🌾 [farm] Сообщений: всего=100, шпионских по 1:373:7=1 — #85069455(08.09 - 02:51:44|dimon 1 [1:373:7]|Шпионский доклад)
[2026-09-08 02:53:13] 🌾 [farm] #85069455 (inline): М=70951056013663, А=11991197829316, У=9286237223958, игрок= В момент шпионажа Место: 462 Очков: 48 026 977 830 910 Специальность: Шахтер ');
[2026-09-08 02:53:13] 🌾 [farm] Доклад « В момент шпионажа Место: 462 Очков: 48 026 977 830 910 Специальность: Шахтер ');» [1:373:7] (msg#85069455, src=inline): Металл 70951056013663, Алмаз 11991197829316, Уран 9286237223958 → Итого 92228491066937 → 61485660712 × Линкор (вместимость 1500)
[2026-09-08 02:53:13] 🌾 [farm] 1:373:7: алмазов 11991197829316 < минимума 15000000000000 — отмечаю как атакованную (накопится к следующему кругу)
[2026-09-08 02:53:13] 🌾 [farm] finishTarget [1:373:7]: queue 7→6, info={"skipped":"low_diamond","diamonds":11991197829316}
[2026-09-08 02:53:13] 🌾 [loop] farm результат: {"target":"1:373:7","skipped":"low_diamond","diamonds":11991197829316}
[2026-09-08 02:53:13] 🚀 [loop] expedition: выключен → пропускаем launchExpeditions
[2026-09-08 02:53:13] 📊 [tick] миссий: 23 (attack:3 return:10 unknown:8 expedition:2), атаки: 0
[2026-09-08 02:54:35] 🔘 [loop] флаги: farm=ON (Линкор), expedition=OFF (Линкор×300e9, Броненосец×3e9, Эсминец×2e9, Крейсер×7e9), safety=ON; reserveSlots=20
[2026-09-08 02:54:37] 🔒 [loop] safety: включён → запускаем runSafetyCheck
[2026-09-08 02:54:37] 🛡️ [safety] Главная луна 1:363:6: входящие=0
[2026-09-08 02:54:37] 🛡️ [safety] Атак на главную луну нет, эвакуированных флотов нет
[2026-09-08 02:54:37] 🌾 [loop] farm: включён → запускаем runFarmCycle
[2026-09-08 02:54:37] 🌾 [farm] ВХОД: analysis={"total":23,"outgoing":12,"returning":11,"byType":{"attack":3,"return":10,"unknown":8,"expedition":2},"activeSlots":12}
[2026-09-08 02:54:37] 🌾 [farm] Свободных миссий: 8 (занято 12/20)
[2026-09-08 02:54:37] 🌾 [farm] Состояние: queue=6, pendingReport=null, scanSystem=373, attacked=240, failed=9
[2026-09-08 02:54:37] 🌾 [farm] current_goal = [1:373:8] ариания — отправляем шпионов (зондов: 5000)
[2026-09-08 02:54:38] 📍 [mission] Цель: 1:373:8 (mission=6), корабли источника: {"203":"200000000000","207":"499975536705","210":"4844182427"}
[2026-09-08 02:54:38] 🎯 [mission] Цель (стадия 2): {"galaxy":"1","system":"373","planet":"8","planet_type":"1"}
[2026-09-08 02:54:39] 🕵️ [spy] Шпионаж → 1:373:8 (ариания) [sent]
[2026-09-08 02:54:41] 🌾 [farm] spyTargets: sent=[{"coords":"1:373:8","player":"ариания","dryRun":false}], skipped=[], failed=[]
[2026-09-08 02:54:41] 🌾 [farm] Шпионы на [1:373:8] отправлены — ждём отчёт 60000мс
[2026-09-08 02:54:41] 🌾 [loop] farm результат: {"spied":"1:373:8","waitingReport":true}
[2026-09-08 02:54:41] 🚀 [loop] expedition: выключен → пропускаем launchExpeditions
[2026-09-08 02:54:41] 📊 [tick] миссий: 23 (attack:3 return:10 unknown:8 expedition:2), атаки: 0
[2026-09-08 02:56:14] 🔘 [loop] флаги: farm=ON (Линкор), expedition=OFF (Линкор×300e9, Броненосец×3e9, Эсминец×2e9, Крейсер×7e9), safety=ON; reserveSlots=20
[2026-09-08 02:56:16] 🔒 [loop] safety: включён → запускаем runSafetyCheck
[2026-09-08 02:56:16] 🛡️ [safety] Главная луна 1:363:6: входящие=0
[2026-09-08 02:56:16] 🛡️ [safety] Атак на главную луну нет, эвакуированных флотов нет
[2026-09-08 02:56:16] 🌾 [loop] farm: включён → запускаем runFarmCycle
[2026-09-08 02:56:16] 🌾 [farm] ВХОД: analysis={"total":22,"outgoing":11,"returning":11,"byType":{"attack":2,"return":10,"unknown":8,"expedition":2},"activeSlots":11}
[2026-09-08 02:56:16] 🌾 [farm] Свободных миссий: 9 (занято 11/20)
[2026-09-08 02:56:16] 🌾 [farm] Состояние: queue=6, pendingReport={"coords":"1:373:8","player":"ариания","spiedAt":1788825281044}, scanSystem=373, attacked=240, failed=9
[2026-09-08 02:56:16] 🌾 [farm] Ждём отчёт по 1:373:8: прошло 96с из 60с
[2026-09-08 02:56:16] 🌾 [farm] Время вышло — ищем отчёт по 1:373:8
[2026-09-08 02:56:27] 🌾 [farm] Список сообщений (попытка 1): байт=765802, title="(нет title)", строк=100
[2026-09-08 02:56:27] 🌾 [farm] Сообщений: всего=100, шпионских по 1:373:8=1 — #85069579(08.09 - 02:54:52|Колония [1:373:8]|Шпионский доклад)
[2026-09-08 02:56:27] 🌾 [farm] #85069579 (inline): М=49028697798069, А=8725847404739, У=9976076138109, игрок= В момент шпионажа Место: 723 Очков: 11 084 787 621 751 Специальность: Шахтер ');
[2026-09-08 02:56:27] 🌾 [farm] Доклад « В момент шпионажа Место: 723 Очков: 11 084 787 621 751 Специальность: Шахтер ');» [1:373:8] (msg#85069579, src=inline): Металл 49028697798069, Алмаз 8725847404739, Уран 9976076138109 → Итого 67730621340917 → 45153747561 × Линкор (вместимость 1500)
[2026-09-08 02:56:27] 🌾 [farm] 1:373:8: алмазов 8725847404739 < минимума 15000000000000 — отмечаю как атакованную (накопится к следующему кругу)
[2026-09-08 02:56:27] 🌾 [farm] finishTarget [1:373:8]: queue 6→5, info={"skipped":"low_diamond","diamonds":8725847404739}
[2026-09-08 02:56:27] 🌾 [loop] farm результат: {"target":"1:373:8","skipped":"low_diamond","diamonds":8725847404739}
[2026-09-08 02:56:27] 🚀 [loop] expedition: выключен → пропускаем launchExpeditions
[2026-09-08 02:56:27] 📊 [tick] миссий: 22 (attack:2 return:10 unknown:8 expedition:2), атаки: 0
[2026-09-08 02:57:51] 🔘 [loop] флаги: farm=ON (Линкор), expedition=OFF (Линкор×300e9, Броненосец×3e9, Эсминец×2e9, Крейсер×7e9), safety=ON; reserveSlots=20
[2026-09-08 02:57:53] 🔒 [loop] safety: включён → запускаем runSafetyCheck
[2026-09-08 02:57:53] 🛡️ [safety] Главная луна 1:363:6: входящие=0
[2026-09-08 02:57:53] 🛡️ [safety] Атак на главную луну нет, эвакуированных флотов нет
[2026-09-08 02:57:53] 🌾 [loop] farm: включён → запускаем runFarmCycle
[2026-09-08 02:57:53] 🌾 [farm] ВХОД: analysis={"total":22,"outgoing":11,"returning":11,"byType":{"attack":2,"return":10,"unknown":8,"expedition":2},"activeSlots":11}
[2026-09-08 02:57:53] 🌾 [farm] Свободных миссий: 9 (занято 11/20)
[2026-09-08 02:57:53] 🌾 [farm] Состояние: queue=5, pendingReport=null, scanSystem=373, attacked=240, failed=9
[2026-09-08 02:57:53] 🌾 [farm] current_goal = [1:373:9] Meison291 — отправляем шпионов (зондов: 5000)
[2026-09-08 02:57:55] 📍 [mission] Цель: 1:373:9 (mission=6), корабли источника: {"203":"200000000000","207":"500353776705","210":"4844182427"}
[2026-09-08 02:57:55] 🎯 [mission] Цель (стадия 2): {"galaxy":"1","system":"373","planet":"9","planet_type":"1"}
[2026-09-08 02:57:56] 🕵️ [spy] Шпионаж → 1:373:9 (Meison291) [sent]
[2026-09-08 02:57:57] 🌾 [farm] spyTargets: sent=[{"coords":"1:373:9","player":"Meison291","dryRun":false}], skipped=[], failed=[]
[2026-09-08 02:57:57] 🌾 [farm] Шпионы на [1:373:9] отправлены — ждём отчёт 60000мс
[2026-09-08 02:57:57] 🌾 [loop] farm результат: {"spied":"1:373:9","waitingReport":true}
[2026-09-08 02:57:57] 🚀 [loop] expedition: выключен → пропускаем launchExpeditions
[2026-09-08 02:57:57] 📊 [tick] миссий: 22 (attack:2 return:10 unknown:8 expedition:2), атаки: 0
[2026-09-08 02:59:20] 🔘 [loop] флаги: farm=ON (Линкор), expedition=OFF (Линкор×300e9, Броненосец×3e9, Эсминец×2e9, Крейсер×7e9), safety=ON; reserveSlots=20
[2026-09-08 02:59:21] 🔒 [loop] safety: включён → запускаем runSafetyCheck
[2026-09-08 02:59:21] 🛡️ [safety] Главная луна 1:363:6: входящие=0
[2026-09-08 02:59:21] 🛡️ [safety] Атак на главную луну нет, эвакуированных флотов нет
[2026-09-08 02:59:21] 🌾 [loop] farm: включён → запускаем runFarmCycle
[2026-09-08 02:59:21] 🌾 [farm] ВХОД: analysis={"total":21,"outgoing":10,"returning":11,"byType":{"attack":1,"return":10,"unknown":8,"expedition":2},"activeSlots":10}
[2026-09-08 02:59:21] 🌾 [farm] Свободных миссий: 10 (занято 10/20)
[2026-09-08 02:59:21] 🌾 [farm] Состояние: queue=5, pendingReport={"coords":"1:373:9","player":"Meison291","spiedAt":1788825477966}, scanSystem=373, attacked=240, failed=9
[2026-09-08 02:59:21] 🌾 [farm] Ждём отчёт по 1:373:9: прошло 84с из 60с
[2026-09-08 02:59:21] 🌾 [farm] Время вышло — ищем отчёт по 1:373:9
[2026-09-08 02:59:29] 🌾 [farm] Список сообщений (попытка 1): байт=766764, title="(нет title)", строк=100
[2026-09-08 02:59:29] 🌾 [farm] Сообщений: всего=100, шпионских по 1:373:9=1 — #85069709(08.09 - 02:58:09|Мдяя [1:373:9]|Шпионский доклад)
[2026-09-08 02:59:29] 🌾 [farm] #85069709 (inline): М=42881255307135, А=8514544543881, У=7399178737338, игрок= В момент шпионажа Место: 512 Очков: 37 147 030 012 645 ');
[2026-09-08 02:59:29] 🌾 [farm] Доклад « В момент шпионажа Место: 512 Очков: 37 147 030 012 645 ');» [1:373:9] (msg#85069709, src=inline): Металл 42881255307135, Алмаз 8514544543881, Уран 7399178737338 → Итого 58794978588354 → 39196652393 × Линкор (вместимость 1500)
[2026-09-08 02:59:29] 🌾 [farm] 1:373:9: алмазов 8514544543881 < минимума 15000000000000 — отмечаю как атакованную (накопится к следующему кругу)
[2026-09-08 02:59:29] 🌾 [farm] finishTarget [1:373:9]: queue 5→4, info={"skipped":"low_diamond","diamonds":8514544543881}
[2026-09-08 02:59:29] 🌾 [loop] farm результат: {"target":"1:373:9","skipped":"low_diamond","diamonds":8514544543881}
[2026-09-08 02:59:29] 🚀 [loop] expedition: выключен → пропускаем launchExpeditions
[2026-09-08 02:59:29] 📊 [tick] миссий: 21 (attack:1 return:10 unknown:8 expedition:2), атаки: 0
[2026-09-08 03:00:50] 🔘 [loop] флаги: farm=ON (Линкор), expedition=OFF (Линкор×300e9, Броненосец×3e9, Эсминец×2e9, Крейсер×7e9), safety=ON; reserveSlots=20
[2026-09-08 03:00:52] 🔒 [loop] safety: включён → запускаем runSafetyCheck
[2026-09-08 03:00:52] 🛡️ [safety] Главная луна 1:363:6: входящие=0
[2026-09-08 03:00:52] 🛡️ [safety] Атак на главную луну нет, эвакуированных флотов нет
[2026-09-08 03:00:52] 🌾 [loop] farm: включён → запускаем runFarmCycle
[2026-09-08 03:00:52] 🌾 [farm] ВХОД: analysis={"total":21,"outgoing":10,"returning":11,"byType":{"attack":1,"return":10,"unknown":8,"expedition":2},"activeSlots":10}
[2026-09-08 03:00:52] 🌾 [farm] Свободных миссий: 10 (занято 10/20)
[2026-09-08 03:00:52] 🌾 [farm] Состояние: queue=4, pendingReport=null, scanSystem=373, attacked=240, failed=9
[2026-09-08 03:00:52] 🌾 [farm] current_goal = [1:373:10] Blaze45 — отправляем шпионов (зондов: 5000)
[2026-09-08 03:00:53] 📍 [mission] Цель: 1:373:10 (mission=6), корабли источника: {"203":"200000000000","207":"500695536705","210":"4844182427"}
[2026-09-08 03:00:54] 🎯 [mission] Цель (стадия 2): {"galaxy":"1","system":"373","planet":"10","planet_type":"1"}
[2026-09-08 03:00:55] 🕵️ [spy] Шпионаж → 1:373:10 (Blaze45) [sent]
[2026-09-08 03:00:56] 🌾 [farm] spyTargets: sent=[{"coords":"1:373:10","player":"Blaze45","dryRun":false}], skipped=[], failed=[]
[2026-09-08 03:00:56] 🌾 [farm] Шпионы на [1:373:10] отправлены — ждём отчёт 60000мс
[2026-09-08 03:00:56] 🌾 [loop] farm результат: {"spied":"1:373:10","waitingReport":true}
[2026-09-08 03:00:56] 🚀 [loop] expedition: выключен → пропускаем launchExpeditions
[2026-09-08 03:00:56] 📊 [tick] миссий: 21 (attack:1 return:10 unknown:8 expedition:2), атаки: 0
[2026-09-08 03:02:28] 🔘 [loop] флаги: farm=ON (Линкор), expedition=OFF (Линкор×300e9, Броненосец×3e9, Эсминец×2e9, Крейсер×7e9), safety=ON; reserveSlots=20
[2026-09-08 03:02:30] 🔒 [loop] safety: включён → запускаем runSafetyCheck
[2026-09-08 03:02:30] 🛡️ [safety] Главная луна 1:363:6: входящие=0
[2026-09-08 03:02:30] 🛡️ [safety] Атак на главную луну нет, эвакуированных флотов нет
[2026-09-08 03:02:30] 🌾 [loop] farm: включён → запускаем runFarmCycle
[2026-09-08 03:02:30] 🌾 [farm] ВХОД: analysis={"total":19,"outgoing":9,"returning":10,"byType":{"return":9,"unknown":8,"expedition":2},"activeSlots":9}
[2026-09-08 03:02:30] 🌾 [farm] Свободных миссий: 11 (занято 9/20)
[2026-09-08 03:02:30] 🌾 [farm] Состояние: queue=4, pendingReport={"coords":"1:373:10","player":"Blaze45","spiedAt":1788825656566}, scanSystem=373, attacked=240, failed=9
[2026-09-08 03:02:30] 🌾 [farm] Ждём отчёт по 1:373:10: прошло 94с из 60с
[2026-09-08 03:02:30] 🌾 [farm] Время вышло — ищем отчёт по 1:373:10
[2026-09-08 03:02:38] 🌾 [farm] Список сообщений (попытка 1): байт=747405, title="(нет title)", строк=100
[2026-09-08 03:02:38] 🌾 [farm] Сообщений: всего=100, шпионских по 1:373:10=1 — #85069875(08.09 - 03:01:07|Колония [1:373:10]|Шпионский доклад)
[2026-09-08 03:02:38] 🌾 [farm] #85069875 (inline): М=34767839199608, А=7716734738000, У=6083873506319, игрок= В момент шпионажа Место: 842 Очков: 5 903 255 947 876 Альянс: Stellar:Might45 Специальность: Ученый ');
[2026-09-08 03:02:38] 🌾 [farm] Доклад « В момент шпионажа Место: 842 Очков: 5 903 255 947 876 Альянс: Stellar:Might45 Специальность: Ученый ');» [1:373:10] (msg#85069875, src=inline): Металл 34767839199608, Алмаз 7716734738000, Уран 6083873506319 → Итого 48568447443927 → 32378964963 × Линкор (вместимость 1500)
[2026-09-08 03:02:38] 🌾 [farm] 1:373:10: алмазов 7716734738000 < минимума 15000000000000 — отмечаю как атакованную (накопится к следующему кругу)
[2026-09-08 03:02:38] 🌾 [farm] finishTarget [1:373:10]: queue 4→3, info={"skipped":"low_diamond","diamonds":7716734738000}
[2026-09-08 03:02:38] 🌾 [loop] farm результат: {"target":"1:373:10","skipped":"low_diamond","diamonds":7716734738000}
[2026-09-08 03:02:38] 🚀 [loop] expedition: выключен → пропускаем launchExpeditions
[2026-09-08 03:02:38] 📊 [tick] миссий: 19 (return:9 unknown:8 expedition:2), атаки: 0
[2026-09-08 03:03:59] 🔘 [loop] флаги: farm=ON (Линкор), expedition=OFF (Линкор×300e9, Броненосец×3e9, Эсминец×2e9, Крейсер×7e9), safety=ON; reserveSlots=20
[2026-09-08 03:04:01] 🔒 [loop] safety: включён → запускаем runSafetyCheck
[2026-09-08 03:04:01] 🛡️ [safety] Главная луна 1:363:6: входящие=0
[2026-09-08 03:04:01] 🛡️ [safety] Атак на главную луну нет, эвакуированных флотов нет
[2026-09-08 03:04:01] 🌾 [loop] farm: включён → запускаем runFarmCycle
[2026-09-08 03:04:01] 🌾 [farm] ВХОД: analysis={"total":19,"outgoing":9,"returning":10,"byType":{"return":9,"unknown":8,"expedition":2},"activeSlots":9}
[2026-09-08 03:04:01] 🌾 [farm] Свободных миссий: 11 (занято 9/20)
[2026-09-08 03:04:01] 🌾 [farm] Состояние: queue=3, pendingReport=null, scanSystem=373, attacked=240, failed=9
[2026-09-08 03:04:01] 🌾 [farm] current_goal = [1:373:12] monkey_business — отправляем шпионов (зондов: 5000)
[2026-09-08 03:04:03] 📍 [mission] Цель: 1:373:12 (mission=6), корабли источника: {"203":"200000000000","207":"570131582900","210":"4844182427"}
[2026-09-08 03:04:03] 🎯 [mission] Цель (стадия 2): {"galaxy":"1","system":"373","planet":"12","planet_type":"1"}
[2026-09-08 03:04:04] 🕵️ [spy] Шпионаж → 1:373:12 (monkey_business) [sent]
[2026-09-08 03:04:05] 🌾 [farm] spyTargets: sent=[{"coords":"1:373:12","player":"monkey_business","dryRun":false}], skipped=[], failed=[]
[2026-09-08 03:04:05] 🌾 [farm] Шпионы на [1:373:12] отправлены — ждём отчёт 60000мс
[2026-09-08 03:04:05] 🌾 [loop] farm результат: {"spied":"1:373:12","waitingReport":true}
[2026-09-08 03:04:05] 🚀 [loop] expedition: выключен → пропускаем launchExpeditions
[2026-09-08 03:04:05] 📊 [tick] миссий: 19 (return:9 unknown:8 expedition:2), атаки: 0
[2026-09-08 03:05:45] 🔘 [loop] флаги: farm=ON (Линкор), expedition=OFF (Линкор×300e9, Броненосец×3e9, Эсминец×2e9, Крейсер×7e9), safety=ON; reserveSlots=20
[2026-09-08 03:05:46] 🔒 [loop] safety: включён → запускаем runSafetyCheck
[2026-09-08 03:05:46] 🛡️ [safety] Главная луна 1:363:6: входящие=0
[2026-09-08 03:05:46] 🛡️ [safety] Атак на главную луну нет, эвакуированных флотов нет
[2026-09-08 03:05:46] 🌾 [loop] farm: включён → запускаем runFarmCycle
[2026-09-08 03:05:46] 🌾 [farm] ВХОД: analysis={"total":18,"outgoing":9,"returning":9,"byType":{"return":8,"unknown":8,"expedition":2},"activeSlots":9}
[2026-09-08 03:05:46] 🌾 [farm] Свободных миссий: 11 (занято 9/20)
[2026-09-08 03:05:46] 🌾 [farm] Состояние: queue=3, pendingReport={"coords":"1:373:12","player":"monkey_business","spiedAt":1788825845937}, scanSystem=373, attacked=240, failed=9
[2026-09-08 03:05:46] 🌾 [farm] Ждём отчёт по 1:373:12: прошло 101с из 60с
[2026-09-08 03:05:46] 🌾 [farm] Время вышло — ищем отчёт по 1:373:12
[2026-09-08 03:05:59] 🌾 [farm] Список сообщений (попытка 1): байт=760412, title="(нет title)", строк=0
[2026-09-08 03:05:59] 🌾 [farm] строк=0 → снэпшот: /home/slabak/Documents/serverXG/debug/messages/empty-2026-09-08T00-05-59-478Z.html. Кусок: document.getElementById('massage-container').innerHTML = ' Сообщения \', LEFT, OFFSETY, -20);" onmouseout="return nd();"> 0 ' #modal_header_left{ background-position: -234px -52px; } #modal_header_left:hover{ background-position: -234px -78px; } Сообщения 10 20 30 40 50 60 70 80 90 100 Удалить отмеченные сообщения Удалить неотмеченные сообщения Удалить сообщения выше отмеченного Удалить сообщения 
[2026-09-08 03:06:10] 🌾 [farm] Список сообщений (попытка 2): байт=761906, title="(нет title)", строк=100
[2026-09-08 03:06:10] 🌾 [farm] Сообщений: всего=100, шпионских по 1:373:12=1 — #85069982(08.09 - 03:04:17|адын [1:373:12]|Шпионский доклад)
[2026-09-08 03:06:10] 🌾 [farm] #85069982 (inline): М=73163413905311, А=11914825137665, У=14834084609109, игрок= В момент шпионажа Место: 507 Очков: 37 872 009 799 795 Специальность: Шахтер ');
[2026-09-08 03:06:10] 🌾 [farm] Доклад « В момент шпионажа Место: 507 Очков: 37 872 009 799 795 Специальность: Шахтер ');» [1:373:12] (msg#85069982, src=inline): Металл 73163413905311, Алмаз 11914825137665, Уран 14834084609109 → Итого 99912323652085 → 66608215769 × Линкор (вместимость 1500)
[2026-09-08 03:06:10] 🌾 [farm] 1:373:12: алмазов 11914825137665 < минимума 15000000000000 — отмечаю как атакованную (накопится к следующему кругу)
[2026-09-08 03:06:10] 🌾 [farm] finishTarget [1:373:12]: queue 3→2, info={"skipped":"low_diamond","diamonds":11914825137665}
[2026-09-08 03:06:10] 🌾 [loop] farm результат: {"target":"1:373:12","skipped":"low_diamond","diamonds":11914825137665}
[2026-09-08 03:06:10] 🚀 [loop] expedition: выключен → пропускаем launchExpeditions
[2026-09-08 03:06:10] 📊 [tick] миссий: 18 (return:8 unknown:8 expedition:2), атаки: 0
[2026-09-08 03:07:27] 🔘 [loop] флаги: farm=ON (Линкор), expedition=OFF (Линкор×300e9, Броненосец×3e9, Эсминец×2e9, Крейсер×7e9), safety=ON; reserveSlots=20
[2026-09-08 03:07:34] 🔒 [loop] safety: включён → запускаем runSafetyCheck
[2026-09-08 03:07:34] 🛡️ [safety] Главная луна 1:363:6: входящие=0
[2026-09-08 03:07:34] 🛡️ [safety] Атак на главную луну нет, эвакуированных флотов нет
[2026-09-08 03:07:34] 🌾 [loop] farm: включён → запускаем runFarmCycle
[2026-09-08 03:07:34] 🌾 [farm] ВХОД: analysis={"total":18,"outgoing":9,"returning":9,"byType":{"return":8,"unknown":8,"expedition":2},"activeSlots":9}
[2026-09-08 03:07:34] 🌾 [farm] Свободных миссий: 11 (занято 9/20)
[2026-09-08 03:07:34] 🌾 [farm] Состояние: queue=2, pendingReport=null, scanSystem=373, attacked=240, failed=9
[2026-09-08 03:07:34] 🌾 [farm] current_goal = [1:373:13] adff — отправляем шпионов (зондов: 5000)
[2026-09-08 03:07:35] 📍 [mission] Цель: 1:373:13 (mission=6), корабли источника: {"203":"200000000000","207":"676230588636","210":"4844182427"}
[2026-09-08 03:07:36] 🎯 [mission] Цель (стадия 2): {"galaxy":"1","system":"373","planet":"13","planet_type":"1"}
[2026-09-08 03:07:36] 🕵️ [spy] Шпионаж → 1:373:13 (adff) [sent]
[2026-09-08 03:07:38] 🌾 [farm] spyTargets: sent=[{"coords":"1:373:13","player":"adff","dryRun":false}], skipped=[], failed=[]
[2026-09-08 03:07:38] 🌾 [farm] Шпионы на [1:373:13] отправлены — ждём отчёт 60000мс
[2026-09-08 03:07:38] 🌾 [loop] farm результат: {"spied":"1:373:13","waitingReport":true}
[2026-09-08 03:07:38] 🚀 [loop] expedition: выключен → пропускаем launchExpeditions
[2026-09-08 03:07:38] 📊 [tick] миссий: 18 (return:8 unknown:8 expedition:2), атаки: 0
[2026-09-08 03:09:05] 🔘 [loop] флаги: farm=ON (Линкор), expedition=OFF (Линкор×300e9, Броненосец×3e9, Эсминец×2e9, Крейсер×7e9), safety=ON; reserveSlots=20
[2026-09-08 03:09:07] 🔒 [loop] safety: включён → запускаем runSafetyCheck
[2026-09-08 03:09:07] 🛡️ [safety] Главная луна 1:363:6: входящие=0
[2026-09-08 03:09:07] 🛡️ [safety] Атак на главную луну нет, эвакуированных флотов нет
[2026-09-08 03:09:07] 🌾 [loop] farm: включён → запускаем runFarmCycle
[2026-09-08 03:09:07] 🌾 [farm] ВХОД: analysis={"total":17,"outgoing":9,"returning":8,"byType":{"return":7,"unknown":8,"expedition":2},"activeSlots":9}
[2026-09-08 03:09:07] 🌾 [farm] Свободных миссий: 11 (занято 9/20)
[2026-09-08 03:09:07] 🌾 [farm] Состояние: queue=2, pendingReport={"coords":"1:373:13","player":"adff","spiedAt":1788826058415}, scanSystem=373, attacked=240, failed=9
[2026-09-08 03:09:07] 🌾 [farm] Ждём отчёт по 1:373:13: прошло 89с из 60с
[2026-09-08 03:09:07] 🌾 [farm] Время вышло — ищем отчёт по 1:373:13
[2026-09-08 03:09:17] 🌾 [farm] Список сообщений (попытка 1): байт=775492, title="(нет title)", строк=0
[2026-09-08 03:09:17] 🌾 [farm] строк=0 → снэпшот: /home/slabak/Documents/serverXG/debug/messages/empty-2026-09-08T00-09-17-287Z.html. Кусок: document.getElementById('massage-container').innerHTML = ' Сообщения \', LEFT, OFFSETY, -20);" onmouseout="return nd();"> 0 ' #modal_header_left{ background-position: -234px -52px; } #modal_header_left:hover{ background-position: -234px -78px; } Сообщения 10 20 30 40 50 60 70 80 90 100 Удалить отмеченные сообщения Удалить неотмеченные сообщения Удалить сообщения выше отмеченного Удалить сообщения 
[2026-09-08 03:09:29] 🌾 [farm] Список сообщений (попытка 2): байт=776986, title="(нет title)", строк=100
[2026-09-08 03:09:29] 🌾 [farm] Сообщений: всего=100, шпионских по 1:373:13=1 — #85070175(08.09 - 03:07:49|Колония [1:373:13]|Шпионский доклад)
[2026-09-08 03:09:29] 🌾 [farm] #85070175 (inline): М=144342429844817, А=25246761551131, У=24679941935283, игрок= В момент шпионажа Место: 877 Очков: 5 335 817 714 490 Альянс: Україна Специальность: Шахтер ');
[2026-09-08 03:09:29] 🌾 [farm] Доклад « В момент шпионажа Место: 877 Очков: 5 335 817 714 490 Альянс: Україна Специальность: Шахтер ');» [1:373:13] (msg#85070175, src=inline): Металл 144342429844817, Алмаз 25246761551131, Уран 24679941935283 → Итого 194269133331231 → 129512755555 × Линкор (вместимость 1500)
[2026-09-08 03:09:29] 🌾 [farm] Атака: target=1:373:13, mission=1, ships={207: 129512755555} (Линкор), fromCp=31694, dryRun=false
[2026-09-08 03:09:31] 📍 [mission] Цель: 1:373:13 (mission=1), корабли источника: {"203":"200000000000","207":"774712332912","210":"4844182427"}
[2026-09-08 03:09:31] 🎯 [mission] Цель (стадия 2): {"galaxy":"1","system":"373","planet":"13","planet_type":"1"}
[2026-09-08 03:09:32] 🌾 [farm] Результат sendMission: ok=true, stage=4, confirmed=true, error=-
[2026-09-08 03:09:32] 🌾 [farm] ✅ ФЛОТ ОТПРАВЛЕН: [1:373:13] (adff), 129512755555 × Линкор, источник: главная луна cp=31694
[2026-09-08 03:09:32] 🌾 [farm] finishTarget [1:373:13]: queue 2→1, info={"ok":true,"count":129512755555,"ship":"Линкор","atk":{"ok":true,"stage":4,"confirmed":true,"resources":null}}
[2026-09-08 03:09:32] 🌾 [farm] [1:373:13] помечено как атакованное (кулдаун 1ч)
[2026-09-08 03:09:32] 🌾 [loop] farm результат: {"target":"1:373:13","ok":true,"count":129512755555,"ship":"Линкор","atk":{"ok":true,"stage":4,"confirmed":true,"resources":null}}
[2026-09-08 03:09:32] 🚀 [loop] expedition: выключен → пропускаем launchExpeditions
[2026-09-08 03:09:32] 📊 [tick] миссий: 17 (return:7 unknown:8 expedition:2), атаки: 0
[2026-09-08 03:10:49] 🔘 [loop] флаги: farm=ON (Линкор), expedition=OFF (Линкор×300e9, Броненосец×3e9, Эсминец×2e9, Крейсер×7e9), safety=ON; reserveSlots=20
[2026-09-08 03:10:51] 🔒 [loop] safety: включён → запускаем runSafetyCheck
[2026-09-08 03:10:51] 🛡️ [safety] Главная луна 1:363:6: входящие=0
[2026-09-08 03:10:51] 🛡️ [safety] Атак на главную луну нет, эвакуированных флотов нет
[2026-09-08 03:10:51] 🌾 [loop] farm: включён → запускаем runFarmCycle
[2026-09-08 03:10:51] 🌾 [farm] ВХОД: analysis={"total":19,"outgoing":10,"returning":9,"byType":{"return":8,"unknown":8,"attack":1,"expedition":2},"activeSlots":10}
[2026-09-08 03:10:51] 🌾 [farm] Свободных миссий: 10 (занято 10/20)
[2026-09-08 03:10:51] 🌾 [farm] Состояние: queue=1, pendingReport=null, scanSystem=373, attacked=240, failed=9
[2026-09-08 03:10:51] 🌾 [farm] current_goal = [1:373:15] MIRNY_SHAXTER — отправляем шпионов (зондов: 5000)
[2026-09-08 03:10:52] 📍 [mission] Цель: 1:373:15 (mission=6), корабли источника: {"203":"200000000000","207":"645357017357","210":"4844182427"}
[2026-09-08 03:10:53] 🎯 [mission] Цель (стадия 2): {"galaxy":"1","system":"373","planet":"15","planet_type":"1"}
[2026-09-08 03:10:54] 🕵️ [spy] Шпионаж → 1:373:15 (MIRNY_SHAXTER) [sent]
[2026-09-08 03:10:55] 🌾 [farm] spyTargets: sent=[{"coords":"1:373:15","player":"MIRNY_SHAXTER","dryRun":false}], skipped=[], failed=[]
[2026-09-08 03:10:55] 🌾 [farm] Шпионы на [1:373:15] отправлены — ждём отчёт 60000мс
[2026-09-08 03:10:55] 🌾 [loop] farm результат: {"spied":"1:373:15","waitingReport":true}
[2026-09-08 03:10:55] 🚀 [loop] expedition: выключен → пропускаем launchExpeditions
[2026-09-08 03:10:55] 📊 [tick] миссий: 19 (return:8 unknown:8 attack:1 expedition:2), атаки: 0
[2026-09-08 03:12:32] 🔘 [loop] флаги: farm=ON (Линкор), expedition=OFF (Линкор×300e9, Броненосец×3e9, Эсминец×2e9, Крейсер×7e9), safety=ON; reserveSlots=20
[2026-09-08 03:12:34] 🔒 [loop] safety: включён → запускаем runSafetyCheck
[2026-09-08 03:12:34] 🛡️ [safety] Главная луна 1:363:6: входящие=0
[2026-09-08 03:12:34] 🛡️ [safety] Атак на главную луну нет, эвакуированных флотов нет
[2026-09-08 03:12:34] 🌾 [loop] farm: включён → запускаем runFarmCycle
[2026-09-08 03:12:34] 🌾 [farm] ВХОД: analysis={"total":18,"outgoing":10,"returning":8,"byType":{"unknown":8,"attack":1,"return":7,"expedition":2},"activeSlots":10}
[2026-09-08 03:12:34] 🌾 [farm] Свободных миссий: 10 (занято 10/20)
[2026-09-08 03:12:34] 🌾 [farm] Состояние: queue=1, pendingReport={"coords":"1:373:15","player":"MIRNY_SHAXTER","spiedAt":1788826255673}, scanSystem=373, attacked=240, failed=9
[2026-09-08 03:12:34] 🌾 [farm] Ждём отчёт по 1:373:15: прошло 99с из 60с
[2026-09-08 03:12:34] 🌾 [farm] Время вышло — ищем отчёт по 1:373:15
[2026-09-08 03:12:45] 🌾 [farm] Список сообщений (попытка 1): байт=792743, title="(нет title)", строк=0
[2026-09-08 03:12:45] 🌾 [farm] строк=0 → снэпшот: /home/slabak/Documents/serverXG/debug/messages/empty-2026-09-08T00-12-45-584Z.html. Кусок: document.getElementById('massage-container').innerHTML = ' Сообщения \', LEFT, OFFSETY, -20);" onmouseout="return nd();"> 0 ' #modal_header_left{ background-position: -234px -52px; } #modal_header_left:hover{ background-position: -234px -78px; } Сообщения 10 20 30 40 50 60 70 80 90 100 Удалить отмеченные сообщения Удалить неотмеченные сообщения Удалить сообщения выше отмеченного Удалить сообщения 
[2026-09-08 03:12:56] 🌾 [farm] Список сообщений (попытка 2): байт=794237, title="(нет title)", строк=100
[2026-09-08 03:12:56] 🌾 [farm] Сообщений: всего=100, шпионских по 1:373:15=1 — #85070382(08.09 - 03:11:07|Колония [1:373:15]|Шпионский доклад)
[2026-09-08 03:12:56] 🌾 [farm] #85070382 (inline): М=133341456223556, А=26803116823100, У=16454872470810, игрок= В момент шпионажа Место: 706 Очков: 12 194 253 289 503 Специальность: Шахтер ');
[2026-09-08 03:12:56] 🌾 [farm] Доклад « В момент шпионажа Место: 706 Очков: 12 194 253 289 503 Специальность: Шахтер ');» [1:373:15] (msg#85070382, src=inline): Металл 133341456223556, Алмаз 26803116823100, Уран 16454872470810 → Итого 176599445517466 → 117732963679 × Линкор (вместимость 1500)
[2026-09-08 03:12:56] 🌾 [farm] Атака: target=1:373:15, mission=1, ships={207: 117732963679} (Линкор), fromCp=31694, dryRun=false
[2026-09-08 03:12:57] 📍 [mission] Цель: 1:373:15 (mission=1), корабли источника: {"203":"200000000000","207":"714826983882","210":"4844182427"}
[2026-09-08 03:12:58] 🎯 [mission] Цель (стадия 2): {"galaxy":"1","system":"373","planet":"15","planet_type":"1"}
[2026-09-08 03:12:59] 🌾 [farm] Результат sendMission: ok=true, stage=4, confirmed=true, error=-
[2026-09-08 03:12:59] 🌾 [farm] ✅ ФЛОТ ОТПРАВЛЕН: [1:373:15] (MIRNY_SHAXTER), 117732963679 × Линкор, источник: главная луна cp=31694
[2026-09-08 03:12:59] 🌾 [farm] finishTarget [1:373:15]: queue 1→0, info={"ok":true,"count":117732963679,"ship":"Линкор","atk":{"ok":true,"stage":4,"confirmed":true,"resources":null}}
[2026-09-08 03:12:59] 🌾 [farm] [1:373:15] помечено как атакованное (кулдаун 1ч)
[2026-09-08 03:12:59] 🌾 [loop] farm результат: {"target":"1:373:15","ok":true,"count":117732963679,"ship":"Линкор","atk":{"ok":true,"stage":4,"confirmed":true,"resources":null}}
[2026-09-08 03:12:59] 🚀 [loop] expedition: выключен → пропускаем launchExpeditions
[2026-09-08 03:12:59] 📊 [tick] миссий: 18 (unknown:8 attack:1 return:7 expedition:2), атаки: 0
[2026-09-08 03:14:14] 🔘 [loop] флаги: farm=ON (Линкор), expedition=OFF (Линкор×300e9, Броненосец×3e9, Эсминец×2e9, Крейсер×7e9), safety=ON; reserveSlots=20
[2026-09-08 03:14:16] 🔒 [loop] safety: включён → запускаем runSafetyCheck
[2026-09-08 03:14:16] 🛡️ [safety] Главная луна 1:363:6: входящие=0
[2026-09-08 03:14:16] 🛡️ [safety] Атак на главную луну нет, эвакуированных флотов нет
[2026-09-08 03:14:16] 🌾 [loop] farm: включён → запускаем runFarmCycle
[2026-09-08 03:14:16] 🌾 [farm] ВХОД: analysis={"total":20,"outgoing":11,"returning":9,"byType":{"unknown":8,"attack":2,"return":8,"expedition":2},"activeSlots":11}
[2026-09-08 03:14:16] 🌾 [farm] Свободных миссий: 9 (занято 11/20)
[2026-09-08 03:14:16] 🌾 [farm] Состояние: queue=0, pendingReport=null, scanSystem=373, attacked=240, failed=9
[2026-09-08 03:14:16] 🌾 [farm] Переход к системе 1:374 (range=30, было 373)
[2026-09-08 03:14:17] 🌾 [farm] Система 1:374 получена: планет в таблице=14
[2026-09-08 03:14:17] 🌾 [farm] Фильтры: ourCoords=1:363:6,1:257:13,1:260:9,1:318:1,1:331:12,1:364:9,1:364:14,1:369:4,1:378:12,1:521:15,1:610:11,1:611:5,1:907:15,1:918:1, busyCoords=22
[2026-09-08 03:14:17] 🌾 [farm] Неактивных после базовых фильтров: 9 — mirishka1[2](lolonginactive), NextLevel[5](lolonginactive), AMGmod48[6](lolonginactive), Nemo[7](lolonginactive), serega35py[8](lolonginactive), vallantt[9](lolonginactive), Алекс86[10](lolonginactive), adff[14](lolonginactive), m33348[15](lolonginactive)
[2026-09-08 03:14:17] 🌾 [farm] Система 1:374: в очередь 9 — mirishka1[2], NextLevel[5], AMGmod48[6], Nemo[7], serega35py[8], vallantt[9], Алекс86[10], adff[14], m33348[15]
[2026-09-08 03:14:17] 🌾 [farm] current_goal = [1:374:2] mirishka1 — отправляем шпионов (зондов: 5000)
[2026-09-08 03:14:18] 📍 [mission] Цель: 1:374:2 (mission=6), корабли источника: {"203":"200000000000","207":"597249540203","210":"4844182427"}
[2026-09-08 03:14:18] 🎯 [mission] Цель (стадия 2): {"galaxy":"1","system":"374","planet":"2","planet_type":"1"}
[2026-09-08 03:14:19] 🕵️ [spy] Шпионаж → 1:374:2 (mirishka1) [sent]
[2026-09-08 03:14:21] 🌾 [farm] spyTargets: sent=[{"coords":"1:374:2","player":"mirishka1","dryRun":false}], skipped=[], failed=[]
[2026-09-08 03:14:21] 🌾 [farm] Шпионы на [1:374:2] отправлены — ждём отчёт 60000мс
[2026-09-08 03:14:21] 🌾 [loop] farm результат: {"spied":"1:374:2","waitingReport":true}
[2026-09-08 03:14:21] 🚀 [loop] expedition: выключен → пропускаем launchExpeditions
[2026-09-08 03:14:21] 📊 [tick] миссий: 20 (unknown:8 attack:2 return:8 expedition:2), атаки: 0
[2026-09-08 03:15:45] 🔘 [loop] флаги: farm=ON (Линкор), expedition=OFF (Линкор×300e9, Броненосец×3e9, Эсминец×2e9, Крейсер×7e9), safety=ON; reserveSlots=20
[2026-09-08 03:15:48] 🔒 [loop] safety: включён → запускаем runSafetyCheck
[2026-09-08 03:15:48] 🛡️ [safety] Главная луна 1:363:6: входящие=0
[2026-09-08 03:15:48] 🛡️ [safety] Атак на главную луну нет, эвакуированных флотов нет
[2026-09-08 03:15:48] 🌾 [loop] farm: включён → запускаем runFarmCycle
[2026-09-08 03:15:48] 🌾 [farm] ВХОД: analysis={"total":20,"outgoing":11,"returning":9,"byType":{"unknown":8,"attack":2,"return":8,"expedition":2},"activeSlots":11}
[2026-09-08 03:15:48] 🌾 [farm] Свободных миссий: 9 (занято 11/20)
[2026-09-08 03:15:48] 🌾 [farm] Состояние: queue=9, pendingReport={"coords":"1:374:2","player":"mirishka1","spiedAt":1788826461048}, scanSystem=374, attacked=240, failed=9
[2026-09-08 03:15:48] 🌾 [farm] Ждём отчёт по 1:374:2: прошло 87с из 60с
[2026-09-08 03:15:48] 🌾 [farm] Время вышло — ищем отчёт по 1:374:2
[2026-09-08 03:15:56] 🌾 [farm] Список сообщений (попытка 1): байт=798183, title="(нет title)", строк=0
[2026-09-08 03:15:56] 🌾 [farm] строк=0 → снэпшот: /home/slabak/Documents/serverXG/debug/messages/empty-2026-09-08T00-15-56-940Z.html. Кусок: document.getElementById('massage-container').innerHTML = ' Сообщения \', LEFT, OFFSETY, -20);" onmouseout="return nd();"> 0 ' #modal_header_left{ background-position: -234px -52px; } #modal_header_left:hover{ background-position: -234px -78px; } Сообщения 10 20 30 40 50 60 70 80 90 100 Удалить отмеченные сообщения Удалить неотмеченные сообщения Удалить сообщения выше отмеченного Удалить сообщения 
[2026-09-08 03:16:07] 🌾 [farm] Список сообщений (попытка 2): байт=799677, title="(нет title)", строк=100
[2026-09-08 03:16:07] 🌾 [farm] Сообщений: всего=100, шпионских по 1:374:2=1 — #85070586(08.09 - 03:14:33|Освея [1:374:2]|Шпионский доклад)
[2026-09-08 03:16:07] 🌾 [farm] #85070586 (inline): М=55274744431650, А=11015726676918, У=13492675643909, игрок= В момент шпионажа Место: 364 Очков: 102 676 438 503 080 ');
[2026-09-08 03:16:07] 🌾 [farm] Доклад « В момент шпионажа Место: 364 Очков: 102 676 438 503 080 ');» [1:374:2] (msg#85070586, src=inline): Металл 55274744431650, Алмаз 11015726676918, Уран 13492675643909 → Итого 79783146752477 → 53188764502 × Линкор (вместимость 1500)
[2026-09-08 03:16:07] 🌾 [farm] 1:374:2: алмазов 11015726676918 < минимума 15000000000000 — отмечаю как атакованную (накопится к следующему кругу)
[2026-09-08 03:16:07] 🌾 [farm] finishTarget [1:374:2]: queue 9→8, info={"skipped":"low_diamond","diamonds":11015726676918}
[2026-09-08 03:16:07] 🌾 [loop] farm результат: {"target":"1:374:2","skipped":"low_diamond","diamonds":11015726676918}
[2026-09-08 03:16:07] 🚀 [loop] expedition: выключен → пропускаем launchExpeditions
[2026-09-08 03:16:07] 📊 [tick] миссий: 20 (unknown:8 attack:2 return:8 expedition:2), атаки: 0
[2026-09-08 03:17:29] 🔘 [loop] флаги: farm=ON (Линкор), expedition=OFF (Линкор×300e9, Броненосец×3e9, Эсминец×2e9, Крейсер×7e9), safety=ON; reserveSlots=20
[2026-09-08 03:17:31] 🔒 [loop] safety: включён → запускаем runSafetyCheck
[2026-09-08 03:17:31] 🛡️ [safety] Главная луна 1:363:6: входящие=0
[2026-09-08 03:17:31] 🛡️ [safety] Атак на главную луну нет, эвакуированных флотов нет
[2026-09-08 03:17:31] 🌾 [loop] farm: включён → запускаем runFarmCycle
[2026-09-08 03:17:31] 🌾 [farm] ВХОД: analysis={"total":19,"outgoing":10,"returning":9,"byType":{"unknown":7,"attack":2,"return":8,"expedition":2},"activeSlots":10}
[2026-09-08 03:17:31] 🌾 [farm] Свободных миссий: 10 (занято 10/20)
[2026-09-08 03:17:31] 🌾 [farm] Состояние: queue=8, pendingReport=null, scanSystem=374, attacked=240, failed=9
[2026-09-08 03:17:31] 🌾 [farm] current_goal = [1:374:5] NextLevel — отправляем шпионов (зондов: 5000)
[2026-09-08 03:17:32] 📍 [mission] Цель: 1:374:5 (mission=6), корабли источника: {"203":"200000000000","207":"597622020203","210":"4844182427"}
[2026-09-08 03:17:33] 🎯 [mission] Цель (стадия 2): {"galaxy":"1","system":"374","planet":"5","planet_type":"1"}
[2026-09-08 03:17:34] 🕵️ [spy] Шпионаж → 1:374:5 (NextLevel) [sent]
[2026-09-08 03:17:35] 🌾 [farm] spyTargets: sent=[{"coords":"1:374:5","player":"NextLevel","dryRun":false}], skipped=[], failed=[]
[2026-09-08 03:17:35] 🌾 [farm] Шпионы на [1:374:5] отправлены — ждём отчёт 60000мс
[2026-09-08 03:17:35] 🌾 [loop] farm результат: {"spied":"1:374:5","waitingReport":true}
[2026-09-08 03:17:35] 🚀 [loop] expedition: выключен → пропускаем launchExpeditions
[2026-09-08 03:17:35] 📊 [tick] миссий: 19 (unknown:7 attack:2 return:8 expedition:2), атаки: 0
[2026-09-08 03:19:14] 🔘 [loop] флаги: farm=ON (Линкор), expedition=OFF (Линкор×300e9, Броненосец×3e9, Эсминец×2e9, Крейсер×7e9), safety=ON; reserveSlots=20
[2026-09-08 03:19:15] 🔒 [loop] safety: включён → запускаем runSafetyCheck
[2026-09-08 03:19:15] 🛡️ [safety] Главная луна 1:363:6: входящие=0
[2026-09-08 03:19:15] 🛡️ [safety] Атак на главную луну нет, эвакуированных флотов нет
[2026-09-08 03:19:15] 🌾 [loop] farm: включён → запускаем runFarmCycle
[2026-09-08 03:19:15] 🌾 [farm] ВХОД: analysis={"total":18,"outgoing":9,"returning":9,"byType":{"attack":2,"return":8,"expedition":2,"unknown":6},"activeSlots":9}
[2026-09-08 03:19:15] 🌾 [farm] Свободных миссий: 11 (занято 9/20)
[2026-09-08 03:19:15] 🌾 [farm] Состояние: queue=8, pendingReport={"coords":"1:374:5","player":"NextLevel","spiedAt":1788826655614}, scanSystem=374, attacked=240, failed=9
[2026-09-08 03:19:15] 🌾 [farm] Ждём отчёт по 1:374:5: прошло 100с из 60с
[2026-09-08 03:19:15] 🌾 [farm] Время вышло — ищем отчёт по 1:374:5
[2026-09-08 03:19:25] 🌾 [farm] Список сообщений (попытка 1): байт=800537, title="(нет title)", строк=100
[2026-09-08 03:19:25] 🌾 [farm] Сообщений: всего=100, шпионских по 1:374:5=1 — #85070744(08.09 - 03:17:47|374mb [1:374:5]|Шпионский доклад)
[2026-09-08 03:19:25] 🌾 [farm] #85070744 (inline): М=88417271446945, А=24835550892390, У=21410603117473, игрок= В момент шпионажа Место: 354 Очков: 109 168 701 644 860 Альянс: HALO ');
[2026-09-08 03:19:25] 🌾 [farm] Доклад « В момент шпионажа Место: 354 Очков: 109 168 701 644 860 Альянс: HALO ');» [1:374:5] (msg#85070744, src=inline): Металл 88417271446945, Алмаз 24835550892390, Уран 21410603117473 → Итого 134663425456808 → 89775616972 × Линкор (вместимость 1500)
[2026-09-08 03:19:25] 🌾 [farm] Атака: target=1:374:5, mission=1, ships={207: 89775616972} (Линкор), fromCp=31694, dryRun=false
[2026-09-08 03:19:26] 📍 [mission] Цель: 1:374:5 (mission=1), корабли источника: {"203":"482326817191","207":"659278548203","210":"4844182427"}
[2026-09-08 03:19:26] 🎯 [mission] Цель (стадия 2): {"galaxy":"1","system":"374","planet":"5","planet_type":"1"}
[2026-09-08 03:19:27] 🌾 [farm] Результат sendMission: ok=true, stage=4, confirmed=true, error=-
[2026-09-08 03:19:27] 🌾 [farm] ✅ ФЛОТ ОТПРАВЛЕН: [1:374:5] (NextLevel), 89775616972 × Линкор, источник: главная луна cp=31694
[2026-09-08 03:19:27] 🌾 [farm] finishTarget [1:374:5]: queue 8→7, info={"ok":true,"count":89775616972,"ship":"Линкор","atk":{"ok":true,"stage":4,"confirmed":true,"resources":null}}
[2026-09-08 03:19:27] 🌾 [farm] [1:374:5] помечено как атакованное (кулдаун 1ч)
[2026-09-08 03:19:27] 🌾 [loop] farm результат: {"target":"1:374:5","ok":true,"count":89775616972,"ship":"Линкор","atk":{"ok":true,"stage":4,"confirmed":true,"resources":null}}
[2026-09-08 03:19:27] 🚀 [loop] expedition: выключен → пропускаем launchExpeditions
[2026-09-08 03:19:27] 📊 [tick] миссий: 18 (attack:2 return:8 expedition:2 unknown:6), атаки: 0
[2026-09-08 03:20:55] 🔘 [loop] флаги: farm=ON (Линкор), expedition=OFF (Линкор×300e9, Броненосец×3e9, Эсминец×2e9, Крейсер×7e9), safety=ON; reserveSlots=20
[2026-09-08 03:20:57] 🔒 [loop] safety: включён → запускаем runSafetyCheck
[2026-09-08 03:20:57] 🛡️ [safety] Главная луна 1:363:6: входящие=0
[2026-09-08 03:20:57] 🛡️ [safety] Атак на главную луну нет, эвакуированных флотов нет
[2026-09-08 03:20:57] 🌾 [loop] farm: включён → запускаем runFarmCycle
[2026-09-08 03:20:57] 🌾 [farm] ВХОД: analysis={"total":19,"outgoing":9,"returning":10,"byType":{"attack":2,"return":9,"expedition":2,"unknown":6},"activeSlots":9}
[2026-09-08 03:20:57] 🌾 [farm] Свободных миссий: 11 (занято 9/20)
[2026-09-08 03:20:57] 🌾 [farm] Состояние: queue=7, pendingReport=null, scanSystem=374, attacked=240, failed=9
[2026-09-08 03:20:57] 🌾 [farm] current_goal = [1:374:6] AMGmod48 — отправляем шпионов (зондов: 5000)
[2026-09-08 03:20:58] 📍 [mission] Цель: 1:374:6 (mission=6), корабли источника: {"203":"482326817191","207":"569679571231","210":"4844182427"}
[2026-09-08 03:20:59] 🎯 [mission] Цель (стадия 2): {"galaxy":"1","system":"374","planet":"6","planet_type":"1"}
[2026-09-08 03:20:59] 🕵️ [spy] Шпионаж → 1:374:6 (AMGmod48) [sent]
[2026-09-08 03:21:01] 🌾 [farm] spyTargets: sent=[{"coords":"1:374:6","player":"AMGmod48","dryRun":false}], skipped=[], failed=[]
[2026-09-08 03:21:01] 🌾 [farm] Шпионы на [1:374:6] отправлены — ждём отчёт 60000мс
[2026-09-08 03:21:01] 🌾 [loop] farm результат: {"spied":"1:374:6","waitingReport":true}
[2026-09-08 03:21:01] 🚀 [loop] expedition: выключен → пропускаем launchExpeditions
[2026-09-08 03:21:01] 📊 [tick] миссий: 19 (attack:2 return:9 expedition:2 unknown:6), атаки: 0
[2026-09-08 03:22:25] 🔘 [loop] флаги: farm=ON (Линкор), expedition=OFF (Линкор×300e9, Броненосец×3e9, Эсминец×2e9, Крейсер×7e9), safety=ON; reserveSlots=20
[2026-09-08 03:22:27] 🔒 [loop] safety: включён → запускаем runSafetyCheck
[2026-09-08 03:22:27] 🛡️ [safety] Главная луна 1:363:6: входящие=0
[2026-09-08 03:22:27] 🛡️ [safety] Атак на главную луну нет, эвакуированных флотов нет
[2026-09-08 03:22:27] 🌾 [loop] farm: включён → запускаем runFarmCycle
[2026-09-08 03:22:27] 🌾 [farm] ВХОД: analysis={"total":19,"outgoing":9,"returning":10,"byType":{"attack":2,"return":9,"expedition":2,"unknown":6},"activeSlots":9}
[2026-09-08 03:22:27] 🌾 [farm] Свободных миссий: 11 (занято 9/20)
[2026-09-08 03:22:27] 🌾 [farm] Состояние: queue=7, pendingReport={"coords":"1:374:6","player":"AMGmod48","spiedAt":1788826861265}, scanSystem=374, attacked=240, failed=9
[2026-09-08 03:22:27] 🌾 [farm] Ждём отчёт по 1:374:6: прошло 86с из 60с
[2026-09-08 03:22:27] 🌾 [farm] Время вышло — ищем отчёт по 1:374:6
[2026-09-08 03:22:36] 🌾 [farm] Список сообщений (попытка 1): байт=805345, title="(нет title)", строк=100
[2026-09-08 03:22:36] 🌾 [farm] Сообщений: всего=100, шпионских по 1:374:6=1 — #85070939(08.09 - 03:21:13|Колония [1:374:6]|Шпионский доклад)
[2026-09-08 03:22:36] 🌾 [farm] #85070939 (inline): М=104601602840318, А=20968262585320, У=19192680252137, игрок= В момент шпионажа Место: 194 Очков: 501 936 289 468 110 ');
[2026-09-08 03:22:36] 🌾 [farm] Доклад « В момент шпионажа Место: 194 Очков: 501 936 289 468 110 ');» [1:374:6] (msg#85070939, src=inline): Металл 104601602840318, Алмаз 20968262585320, Уран 19192680252137 → Итого 144762545677775 → 96508363786 × Линкор (вместимость 1500)
[2026-09-08 03:22:36] 🌾 [farm] Атака: target=1:374:6, mission=1, ships={207: 96508363786} (Линкор), fromCp=31694, dryRun=false
[2026-09-08 03:22:38] 📍 [mission] Цель: 1:374:6 (mission=1), корабли источника: {"203":"482326817191","207":"569871571231","210":"4844182427"}
[2026-09-08 03:22:38] 🎯 [mission] Цель (стадия 2): {"galaxy":"1","system":"374","planet":"6","planet_type":"1"}
[2026-09-08 03:22:39] 🌾 [farm] Результат sendMission: ok=true, stage=4, confirmed=true, error=-
[2026-09-08 03:22:39] 🌾 [farm] ✅ ФЛОТ ОТПРАВЛЕН: [1:374:6] (AMGmod48), 96508363786 × Линкор, источник: главная луна cp=31694
[2026-09-08 03:22:39] 🌾 [farm] finishTarget [1:374:6]: queue 7→6, info={"ok":true,"count":96508363786,"ship":"Линкор","atk":{"ok":true,"stage":4,"confirmed":true,"resources":null}}
[2026-09-08 03:22:39] 🌾 [farm] [1:374:6] помечено как атакованное (кулдаун 1ч)
[2026-09-08 03:22:39] 🌾 [loop] farm результат: {"target":"1:374:6","ok":true,"count":96508363786,"ship":"Линкор","atk":{"ok":true,"stage":4,"confirmed":true,"resources":null}}
[2026-09-08 03:22:39] 🚀 [loop] expedition: выключен → пропускаем launchExpeditions
[2026-09-08 03:22:39] 📊 [tick] миссий: 19 (attack:2 return:9 expedition:2 unknown:6), атаки: 0
[2026-09-08 03:23:07] 👋 [server] Остановка...
[2026-09-08 15:03:42] 🚀 [server] Запускаем...
[2026-09-08 15:03:42] 🖥️  [server] Режим браузера: с UI
[2026-09-08 15:03:43] 🧭 [server] PORT из env: 3000
[2026-09-08 15:03:43] 🌐 [server] Health-сервер реально запущен на :3000
[2026-09-08 15:03:43] 🌐 [server] Живая страница: http://localhost:3000/controls
[2026-09-08 15:03:43] 🍪 [session] Найдена сохранённая сессия, проверяем...
[2026-09-08 15:03:44] ✅ [session] Сессия активна — логин не нужен
[2026-09-08 15:03:44] 🤖 Бот запущен. Интервал: 90с (±10%)
[2026-09-08 15:03:44] 🔘 [loop] флаги: farm=ON (Линкор), expedition=OFF (Линкор×300e9, Броненосец×3e9, Эсминец×2e9, Крейсер×7e9), safety=ON; reserveSlots=20
[2026-09-08 15:03:45] 🔒 [loop] safety: включён → запускаем runSafetyCheck
[2026-09-08 15:03:45] 🛡️ [safety] Главная луна 1:363:6: входящие=0
[2026-09-08 15:03:45] 🛡️ [safety] Атак на главную луну нет, эвакуированных флотов нет
[2026-09-08 15:03:45] 🌾 [loop] farm: включён → запускаем runFarmCycle
[2026-09-08 15:03:45] 🌾 [farm] ВХОД: analysis={"total":24,"outgoing":11,"returning":13,"byType":{"attack":3,"return":12,"expedition":2,"transport":1,"unknown":6},"activeSlots":11}
[2026-09-08 15:03:45] 🌾 [farm] Свободных миссий: 9 (занято 11/20)
[2026-09-08 15:03:45] 🌾 [farm] Состояние: queue=8, pendingReport={"coords":"1:373:6","player":"Solevaya","spiedAt":1788868844694}, scanSystem=373, attacked=240, failed=11
[2026-09-08 15:03:45] 🌾 [farm] Ждём отчёт по 1:373:6: прошло 181с из 60с
[2026-09-08 15:03:45] 🌾 [farm] Время вышло — ищем отчёт по 1:373:6
[2026-09-08 15:03:49] 🌾 [farm] Список сообщений (попытка 1): байт=994803, title="(нет title)", строк=100
[2026-09-08 15:03:49] 🌾 [farm] Сообщений: всего=100, шпионских по 1:373:6=1 — #85113997(08.09 - 15:00:56|Colony [1:373:6]|Шпионский доклад)
[2026-09-08 15:03:49] 🌾 [farm] #85113997 (inline): М=65474742745741, А=31719344639042, У=13248597811174, игрок= В момент шпионажа Место: 703 Очков: 12 299 302 693 790 Специальность: Ученый ');
[2026-09-08 15:03:49] 🌾 [farm] Доклад « В момент шпионажа Место: 703 Очков: 12 299 302 693 790 Специальность: Ученый ');» [1:373:6] (msg#85113997, src=inline): Металл 65474742745741, Алмаз 31719344639042, Уран 13248597811174 → Итого 110442685195957 → 73628456798 × Линкор (вместимость 1500)
[2026-09-08 15:03:49] 🌾 [farm] Атака: target=1:373:6, mission=1, ships={207: 73628456798} (Линкор), fromCp=31694, dryRun=false
[2026-09-08 15:03:50] 📍 [mission] Цель: 1:373:6 (mission=1), корабли источника: {"203":"500000000000","207":"242050305531","210":"4590595000"}
[2026-09-08 15:03:51] 🎯 [mission] Цель (стадия 2): {"galaxy":"1","system":"373","planet":"6","planet_type":"1"}
[2026-09-08 15:03:51] 🌾 [farm] Результат sendMission: ok=true, stage=4, confirmed=true, error=-
[2026-09-08 15:03:51] 🌾 [farm] ✅ ФЛОТ ОТПРАВЛЕН: [1:373:6] (Solevaya), 73628456798 × Линкор, источник: главная луна cp=31694
[2026-09-08 15:03:51] 🌾 [farm] finishTarget [1:373:6]: queue 8→7, info={"ok":true,"count":73628456798,"ship":"Линкор","atk":{"ok":true,"stage":4,"confirmed":true,"resources":null}}
[2026-09-08 15:03:51] 🌾 [farm] [1:373:6] помечено как атакованное (кулдаун 1ч)
[2026-09-08 15:03:51] 🌾 [loop] farm результат: {"target":"1:373:6","ok":true,"count":73628456798,"ship":"Линкор","atk":{"ok":true,"stage":4,"confirmed":true,"resources":null}}
[2026-09-08 15:03:51] 🚀 [loop] expedition: выключен → пропускаем launchExpeditions
[2026-09-08 15:03:51] 📊 [tick] миссий: 24 (attack:3 return:12 expedition:2 transport:1 unknown:6), атаки: 0
[2026-09-08 15:05:06] 🔘 [loop] флаги: farm=ON (Линкор), expedition=OFF (Линкор×300e9, Броненосец×3e9, Эсминец×2e9, Крейсер×7e9), safety=ON; reserveSlots=20
[2026-09-08 15:05:08] 🔒 [loop] safety: включён → запускаем runSafetyCheck
[2026-09-08 15:05:08] 🛡️ [safety] Главная луна 1:363:6: входящие=0
[2026-09-08 15:05:08] 🛡️ [safety] Атак на главную луну нет, эвакуированных флотов нет
[2026-09-08 15:05:08] 🌾 [loop] farm: включён → запускаем runFarmCycle
[2026-09-08 15:05:08] 🌾 [farm] ВХОД: analysis={"total":25,"outgoing":11,"returning":14,"byType":{"return":13,"attack":3,"expedition":2,"transport":1,"unknown":6},"activeSlots":11}
[2026-09-08 15:05:08] 🌾 [farm] Свободных миссий: 9 (занято 11/20)
[2026-09-08 15:05:08] 🌾 [farm] Состояние: queue=7, pendingReport=null, scanSystem=373, attacked=240, failed=11
[2026-09-08 15:05:08] 🌾 [farm] current_goal = [1:373:7] volkser — отправляем шпионов (зондов: 5000)
[2026-09-08 15:05:09] 📍 [mission] Цель: 1:373:7 (mission=6), корабли источника: {"203":"500000000000","207":"168421848733","210":"4590595000"}
[2026-09-08 15:05:09] 🎯 [mission] Цель (стадия 2): {"galaxy":"1","system":"373","planet":"7","planet_type":"1"}
[2026-09-08 15:05:10] 🕵️ [spy] Шпионаж → 1:373:7 (volkser) [sent]
[2026-09-08 15:05:11] 🌾 [farm] spyTargets: sent=[{"coords":"1:373:7","player":"volkser","dryRun":false}], skipped=[], failed=[]
[2026-09-08 15:05:11] 🌾 [farm] Шпионы на [1:373:7] отправлены — ждём отчёт 60000мс
[2026-09-08 15:05:11] 🌾 [loop] farm результат: {"spied":"1:373:7","waitingReport":true}
[2026-09-08 15:05:11] 🚀 [loop] expedition: выключен → пропускаем launchExpeditions
[2026-09-08 15:05:11] 📊 [tick] миссий: 25 (return:13 attack:3 expedition:2 transport:1 unknown:6), атаки: 0
[2026-09-08 15:06:28] 🔘 [loop] флаги: farm=ON (Линкор), expedition=OFF (Линкор×300e9, Броненосец×3e9, Эсминец×2e9, Крейсер×7e9), safety=ON; reserveSlots=20
[2026-09-08 15:06:30] 🔒 [loop] safety: включён → запускаем runSafetyCheck
[2026-09-08 15:06:30] 🛡️ [safety] Главная луна 1:363:6: входящие=0
[2026-09-08 15:06:30] 🛡️ [safety] Атак на главную луну нет, эвакуированных флотов нет
[2026-09-08 15:06:30] 🌾 [loop] farm: включён → запускаем runFarmCycle
[2026-09-08 15:06:30] 🌾 [farm] ВХОД: analysis={"total":24,"outgoing":11,"returning":13,"byType":{"attack":3,"return":12,"expedition":2,"transport":1,"unknown":6},"activeSlots":11}
[2026-09-08 15:06:30] 🌾 [farm] Свободных миссий: 9 (занято 11/20)
[2026-09-08 15:06:30] 🌾 [farm] Состояние: queue=7, pendingReport={"coords":"1:373:7","player":"volkser","spiedAt":1788869111559}, scanSystem=373, attacked=240, failed=11
[2026-09-08 15:06:30] 🌾 [farm] Ждём отчёт по 1:373:7: прошло 79с из 60с
[2026-09-08 15:06:30] 🌾 [farm] Время вышло — ищем отчёт по 1:373:7
[2026-09-08 15:06:33] 🌾 [farm] Список сообщений (попытка 1): байт=979026, title="(нет title)", строк=100
[2026-09-08 15:06:33] 🌾 [farm] Сообщений: всего=100, шпионских по 1:373:7=1 — #85114209(08.09 - 15:05:22|dimon 1 [1:373:7]|Шпионский доклад)
[2026-09-08 15:06:33] 🌾 [farm] #85114209 (inline): М=110287340030938, А=17586104297096, У=17586104297096, игрок= В момент шпионажа Место: 462 Очков: 48 026 977 830 910 Специальность: Шахтер ');
[2026-09-08 15:06:33] 🌾 [farm] Доклад « В момент шпионажа Место: 462 Очков: 48 026 977 830 910 Специальность: Шахтер ');» [1:373:7] (msg#85114209, src=inline): Металл 110287340030938, Алмаз 17586104297096, Уран 17586104297096 → Итого 145459548625130 → 96973032417 × Линкор (вместимость 1500)
[2026-09-08 15:06:33] 🌾 [farm] Атака: target=1:373:7, mission=1, ships={207: 96973032417} (Линкор), fromCp=31694, dryRun=false
[2026-09-08 15:06:34] 📍 [mission] Цель: 1:373:7 (mission=1), корабли источника: {"203":"500000000000","207":"297411817892","210":"4590595000"}
[2026-09-08 15:06:35] 🎯 [mission] Цель (стадия 2): {"galaxy":"1","system":"373","planet":"7","planet_type":"1"}
[2026-09-08 15:06:36] 🌾 [farm] Результат sendMission: ok=true, stage=4, confirmed=true, error=-
[2026-09-08 15:06:36] 🌾 [farm] ✅ ФЛОТ ОТПРАВЛЕН: [1:373:7] (volkser), 96973032417 × Линкор, источник: главная луна cp=31694
[2026-09-08 15:06:36] 🌾 [farm] finishTarget [1:373:7]: queue 7→6, info={"ok":true,"count":96973032417,"ship":"Линкор","atk":{"ok":true,"stage":4,"confirmed":true,"resources":null}}
[2026-09-08 15:06:36] 🌾 [farm] [1:373:7] помечено как атакованное (кулдаун 1ч)
[2026-09-08 15:06:36] 🌾 [loop] farm результат: {"target":"1:373:7","ok":true,"count":96973032417,"ship":"Линкор","atk":{"ok":true,"stage":4,"confirmed":true,"resources":null}}
[2026-09-08 15:06:36] 🚀 [loop] expedition: выключен → пропускаем launchExpeditions
[2026-09-08 15:06:36] 📊 [tick] миссий: 24 (attack:3 return:12 expedition:2 transport:1 unknown:6), атаки: 0
[2026-09-08 15:07:52] 🔘 [loop] флаги: farm=ON (Линкор), expedition=OFF (Линкор×300e9, Броненосец×3e9, Эсминец×2e9, Крейсер×7e9), safety=ON; reserveSlots=20
[2026-09-08 15:07:53] 🔒 [loop] safety: включён → запускаем runSafetyCheck
[2026-09-08 15:07:53] 🛡️ [safety] Главная луна 1:363:6: входящие=0
[2026-09-08 15:07:53] 🛡️ [safety] Атак на главную луну нет, эвакуированных флотов нет
[2026-09-08 15:07:53] 🌾 [loop] farm: включён → запускаем runFarmCycle
[2026-09-08 15:07:53] 🌾 [farm] ВХОД: analysis={"total":25,"outgoing":11,"returning":14,"byType":{"return":13,"attack":3,"expedition":2,"transport":1,"unknown":6},"activeSlots":11}
[2026-09-08 15:07:53] 🌾 [farm] Свободных миссий: 9 (занято 11/20)
[2026-09-08 15:07:53] 🌾 [farm] Состояние: queue=6, pendingReport=null, scanSystem=373, attacked=240, failed=11
[2026-09-08 15:07:53] 🌾 [farm] current_goal = [1:373:8] ариания — отправляем шпионов (зондов: 5000)
[2026-09-08 15:07:54] 📍 [mission] Цель: 1:373:8 (mission=6), корабли источника: {"203":"500000000000","207":"200438785475","210":"4590595000"}
[2026-09-08 15:07:55] 🎯 [mission] Цель (стадия 2): {"galaxy":"1","system":"373","planet":"8","planet_type":"1"}
[2026-09-08 15:07:56] 🕵️ [spy] Шпионаж → 1:373:8 (ариания) [sent]
[2026-09-08 15:07:57] 🌾 [farm] spyTargets: sent=[{"coords":"1:373:8","player":"ариания","dryRun":false}], skipped=[], failed=[]
[2026-09-08 15:07:57] 🌾 [farm] Шпионы на [1:373:8] отправлены — ждём отчёт 60000мс
[2026-09-08 15:07:57] 🌾 [loop] farm результат: {"spied":"1:373:8","waitingReport":true}
[2026-09-08 15:07:57] 🚀 [loop] expedition: выключен → пропускаем launchExpeditions
[2026-09-08 15:07:57] 📊 [tick] миссий: 25 (return:13 attack:3 expedition:2 transport:1 unknown:6), атаки: 0
[2026-09-08 15:09:16] 🔘 [loop] флаги: farm=ON (Линкор), expedition=OFF (Линкор×300e9, Броненосец×3e9, Эсминец×2e9, Крейсер×7e9), safety=ON; reserveSlots=20
[2026-09-08 15:09:18] 🔒 [loop] safety: включён → запускаем runSafetyCheck
[2026-09-08 15:09:18] 🛡️ [safety] Главная луна 1:363:6: входящие=0
[2026-09-08 15:09:18] 🛡️ [safety] Атак на главную луну нет, эвакуированных флотов нет
[2026-09-08 15:09:18] 🌾 [loop] farm: включён → запускаем runFarmCycle
[2026-09-08 15:09:18] 🌾 [farm] ВХОД: analysis={"total":24,"outgoing":11,"returning":13,"byType":{"attack":3,"expedition":2,"return":12,"transport":1,"unknown":6},"activeSlots":11}
[2026-09-08 15:09:18] 🌾 [farm] Свободных миссий: 9 (занято 11/20)
[2026-09-08 15:09:18] 🌾 [farm] Состояние: queue=6, pendingReport={"coords":"1:373:8","player":"ариания","spiedAt":1788869277530}, scanSystem=373, attacked=240, failed=11
[2026-09-08 15:09:18] 🌾 [farm] Ждём отчёт по 1:373:8: прошло 80с из 60с
[2026-09-08 15:09:18] 🌾 [farm] Время вышло — ищем отчёт по 1:373:8
[2026-09-08 15:09:21] 🌾 [farm] Список сообщений (попытка 1): байт=965198, title="(нет title)", строк=100
[2026-09-08 15:09:21] 🌾 [farm] Сообщений: всего=100, шпионских по 1:373:8=1 — #85114319(08.09 - 15:08:08|Колония [1:373:8]|Шпионский доклад)
[2026-09-08 15:09:21] 🌾 [farm] #85114319 (inline): М=137401110329897, А=24453864284106, У=27957584020632, игрок= В момент шпионажа Место: 723 Очков: 11 084 787 621 751 Специальность: Шахтер ');
[2026-09-08 15:09:21] 🌾 [farm] Доклад « В момент шпионажа Место: 723 Очков: 11 084 787 621 751 Специальность: Шахтер ');» [1:373:8] (msg#85114319, src=inline): Металл 137401110329897, Алмаз 24453864284106, Уран 27957584020632 → Итого 189812558634635 → 126541705757 × Линкор (вместимость 1500)
[2026-09-08 15:09:21] 🌾 [farm] Атака: target=1:373:8, mission=1, ships={207: 126541705757} (Линкор), fromCp=31694, dryRun=false
[2026-09-08 15:09:23] 📍 [mission] Цель: 1:373:8 (mission=1), корабли источника: {"203":"500000000000","207":"278095912292","210":"4590595000"}
[2026-09-08 15:09:24] 🎯 [mission] Цель (стадия 2): {"galaxy":"1","system":"373","planet":"8","planet_type":"1"}
[2026-09-08 15:09:25] 🌾 [farm] Результат sendMission: ok=true, stage=4, confirmed=true, error=-
[2026-09-08 15:09:25] 🌾 [farm] ✅ ФЛОТ ОТПРАВЛЕН: [1:373:8] (ариания), 126541705757 × Линкор, источник: главная луна cp=31694
[2026-09-08 15:09:25] 🌾 [farm] finishTarget [1:373:8]: queue 6→5, info={"ok":true,"count":126541705757,"ship":"Линкор","atk":{"ok":true,"stage":4,"confirmed":true,"resources":null}}
[2026-09-08 15:09:25] 🌾 [farm] [1:373:8] помечено как атакованное (кулдаун 1ч)
[2026-09-08 15:09:25] 🌾 [loop] farm результат: {"target":"1:373:8","ok":true,"count":126541705757,"ship":"Линкор","atk":{"ok":true,"stage":4,"confirmed":true,"resources":null}}
[2026-09-08 15:09:25] 🚀 [loop] expedition: выключен → пропускаем launchExpeditions
[2026-09-08 15:09:25] 📊 [tick] миссий: 24 (attack:3 expedition:2 return:12 transport:1 unknown:6), атаки: 0
[2026-09-08 15:10:42] 🔘 [loop] флаги: farm=ON (Линкор), expedition=OFF (Линкор×300e9, Броненосец×3e9, Эсминец×2e9, Крейсер×7e9), safety=ON; reserveSlots=20
[2026-09-08 15:10:43] 🔒 [loop] safety: включён → запускаем runSafetyCheck
[2026-09-08 15:10:43] 🛡️ [safety] Главная луна 1:363:6: входящие=0
[2026-09-08 15:10:43] 🛡️ [safety] Атак на главную луну нет, эвакуированных флотов нет
[2026-09-08 15:10:43] 🌾 [loop] farm: включён → запускаем runFarmCycle
[2026-09-08 15:10:43] 🌾 [farm] ВХОД: analysis={"total":25,"outgoing":11,"returning":14,"byType":{"expedition":2,"attack":3,"return":13,"transport":1,"unknown":6},"activeSlots":11}
[2026-09-08 15:10:43] 🌾 [farm] Свободных миссий: 9 (занято 11/20)
[2026-09-08 15:10:43] 🌾 [farm] Состояние: queue=5, pendingReport=null, scanSystem=373, attacked=240, failed=11
[2026-09-08 15:10:43] 🌾 [farm] current_goal = [1:373:9] Meison291 — отправляем шпионов (зондов: 5000)
[2026-09-08 15:10:44] 📍 [mission] Цель: 1:373:9 (mission=6), корабли источника: {"203":"500000000000","207":"151554206535","210":"4590595000"}
[2026-09-08 15:10:45] 🎯 [mission] Цель (стадия 2): {"galaxy":"1","system":"373","planet":"9","planet_type":"1"}
[2026-09-08 15:10:45] 🕵️ [spy] Шпионаж → 1:373:9 (Meison291) [sent]
[2026-09-08 15:10:47] 🌾 [farm] spyTargets: sent=[{"coords":"1:373:9","player":"Meison291","dryRun":false}], skipped=[], failed=[]
[2026-09-08 15:10:47] 🌾 [farm] Шпионы на [1:373:9] отправлены — ждём отчёт 60000мс
[2026-09-08 15:10:47] 🌾 [loop] farm результат: {"spied":"1:373:9","waitingReport":true}
[2026-09-08 15:10:47] 🚀 [loop] expedition: выключен → пропускаем launchExpeditions
[2026-09-08 15:10:47] 📊 [tick] миссий: 25 (expedition:2 attack:3 return:13 transport:1 unknown:6), атаки: 0
[2026-09-08 15:12:06] 🔘 [loop] флаги: farm=ON (Линкор), expedition=OFF (Линкор×300e9, Броненосец×3e9, Эсминец×2e9, Крейсер×7e9), safety=ON; reserveSlots=20
[2026-09-08 15:12:08] 🔒 [loop] safety: включён → запускаем runSafetyCheck
[2026-09-08 15:12:08] 🛡️ [safety] Главная луна 1:363:6: входящие=0
[2026-09-08 15:12:08] 🛡️ [safety] Атак на главную луну нет, эвакуированных флотов нет
[2026-09-08 15:12:08] 🌾 [loop] farm: включён → запускаем runFarmCycle
[2026-09-08 15:12:08] 🌾 [farm] ВХОД: analysis={"total":25,"outgoing":11,"returning":14,"byType":{"expedition":2,"attack":3,"return":13,"transport":1,"unknown":6},"activeSlots":11}
[2026-09-08 15:12:08] 🌾 [farm] Свободных миссий: 9 (занято 11/20)
[2026-09-08 15:12:08] 🌾 [farm] Состояние: queue=5, pendingReport={"coords":"1:373:9","player":"Meison291","spiedAt":1788869447389}, scanSystem=373, attacked=240, failed=11
[2026-09-08 15:12:08] 🌾 [farm] Ждём отчёт по 1:373:9: прошло 81с из 60с
[2026-09-08 15:12:08] 🌾 [farm] Время вышло — ищем отчёт по 1:373:9
[2026-09-08 15:12:11] 🌾 [farm] Список сообщений (попытка 1): байт=947971, title="(нет title)", строк=100
[2026-09-08 15:12:11] 🌾 [farm] Сообщений: всего=100, шпионских по 1:373:9=1 — #85114411(08.09 - 15:10:58|Мдяя [1:373:9]|Шпионский доклад)
[2026-09-08 15:12:11] 🌾 [farm] #85114411 (inline): М=76234982774326, А=15137293719244, У=13154378516788, игрок= В момент шпионажа Место: 512 Очков: 37 147 030 012 645 ');
[2026-09-08 15:12:11] 🌾 [farm] Доклад « В момент шпионажа Место: 512 Очков: 37 147 030 012 645 ');» [1:373:9] (msg#85114411, src=inline): Металл 76234982774326, Алмаз 15137293719244, Уран 13154378516788 → Итого 104526655010358 → 69684436674 × Линкор (вместимость 1500)
[2026-09-08 15:12:11] 🌾 [farm] Атака: target=1:373:9, mission=1, ships={207: 69684436674} (Линкор), fromCp=31694, dryRun=false
[2026-09-08 15:12:12] 📍 [mission] Цель: 1:373:9 (mission=1), корабли источника: {"203":"500000000000","207":"151554206535","210":"4590595000"}
[2026-09-08 15:12:13] 🎯 [mission] Цель (стадия 2): {"galaxy":"1","system":"373","planet":"9","planet_type":"1"}
[2026-09-08 15:12:14] 🌾 [farm] Результат sendMission: ok=true, stage=4, confirmed=true, error=-
[2026-09-08 15:12:14] 🌾 [farm] ✅ ФЛОТ ОТПРАВЛЕН: [1:373:9] (Meison291), 69684436674 × Линкор, источник: главная луна cp=31694
[2026-09-08 15:12:14] 🌾 [farm] finishTarget [1:373:9]: queue 5→4, info={"ok":true,"count":69684436674,"ship":"Линкор","atk":{"ok":true,"stage":4,"confirmed":true,"resources":null}}
[2026-09-08 15:12:14] 🌾 [farm] [1:373:9] помечено как атакованное (кулдаун 1ч)
[2026-09-08 15:12:14] 🌾 [loop] farm результат: {"target":"1:373:9","ok":true,"count":69684436674,"ship":"Линкор","atk":{"ok":true,"stage":4,"confirmed":true,"resources":null}}
[2026-09-08 15:12:14] 🚀 [loop] expedition: выключен → пропускаем launchExpeditions
[2026-09-08 15:12:14] 📊 [tick] миссий: 25 (expedition:2 attack:3 return:13 transport:1 unknown:6), атаки: 0
[2026-09-08 15:13:34] 🔘 [loop] флаги: farm=ON (Линкор), expedition=OFF (Линкор×300e9, Броненосец×3e9, Эсминец×2e9, Крейсер×7e9), safety=ON; reserveSlots=20
[2026-09-08 15:13:35] 🔒 [loop] safety: включён → запускаем runSafetyCheck
[2026-09-08 15:13:35] 🛡️ [safety] Главная луна 1:363:6: входящие=0
[2026-09-08 15:13:35] 🛡️ [safety] Атак на главную луну нет, эвакуированных флотов нет
[2026-09-08 15:13:35] 🌾 [loop] farm: включён → запускаем runFarmCycle
[2026-09-08 15:13:35] 🌾 [farm] ВХОД: analysis={"total":26,"outgoing":11,"returning":15,"byType":{"attack":4,"return":14,"expedition":1,"transport":1,"unknown":6},"activeSlots":11}
[2026-09-08 15:13:35] 🌾 [farm] Свободных миссий: 9 (занято 11/20)
[2026-09-08 15:13:35] 🌾 [farm] Состояние: queue=4, pendingReport=null, scanSystem=373, attacked=240, failed=11
[2026-09-08 15:13:35] 🌾 [farm] current_goal = [1:373:10] Blaze45 — отправляем шпионов (зондов: 5000)
[2026-09-08 15:13:36] 📍 [mission] Цель: 1:373:10 (mission=6), корабли источника: {"203":"500000000000","207":"81869769861","210":"4590595000"}
[2026-09-08 15:13:37] 🎯 [mission] Цель (стадия 2): {"galaxy":"1","system":"373","planet":"10","planet_type":"1"}
[2026-09-08 15:13:38] 🕵️ [spy] Шпионаж → 1:373:10 (Blaze45) [sent]
[2026-09-08 15:13:39] 🌾 [farm] spyTargets: sent=[{"coords":"1:373:10","player":"Blaze45","dryRun":false}], skipped=[], failed=[]
[2026-09-08 15:13:39] 🌾 [farm] Шпионы на [1:373:10] отправлены — ждём отчёт 60000мс
[2026-09-08 15:13:39] 🌾 [loop] farm результат: {"spied":"1:373:10","waitingReport":true}
[2026-09-08 15:13:39] 🚀 [loop] expedition: выключен → пропускаем launchExpeditions
[2026-09-08 15:13:39] 📊 [tick] миссий: 26 (attack:4 return:14 expedition:1 transport:1 unknown:6), атаки: 0
[2026-09-08 15:15:02] 🔘 [loop] флаги: farm=ON (Линкор), expedition=OFF (Линкор×300e9, Броненосец×3e9, Эсминец×2e9, Крейсер×7e9), safety=ON; reserveSlots=20
[2026-09-08 15:15:03] 🔒 [loop] safety: включён → запускаем runSafetyCheck
[2026-09-08 15:15:03] 🛡️ [safety] Главная луна 1:363:6: входящие=0
[2026-09-08 15:15:03] 🛡️ [safety] Атак на главную луну нет, эвакуированных флотов нет
[2026-09-08 15:15:03] 🌾 [loop] farm: включён → запускаем runFarmCycle
[2026-09-08 15:15:03] 🌾 [farm] ВХОД: analysis={"total":25,"outgoing":10,"returning":15,"byType":{"return":14,"expedition":1,"attack":3,"transport":1,"unknown":6},"activeSlots":10}
[2026-09-08 15:15:03] 🌾 [farm] Свободных миссий: 10 (занято 10/20)
[2026-09-08 15:15:03] 🌾 [farm] Состояние: queue=4, pendingReport={"coords":"1:373:10","player":"Blaze45","spiedAt":1788869619515}, scanSystem=373, attacked=240, failed=11
[2026-09-08 15:15:03] 🌾 [farm] Ждём отчёт по 1:373:10: прошло 84с из 60с
[2026-09-08 15:15:03] 🌾 [farm] Время вышло — ищем отчёт по 1:373:10
[2026-09-08 15:15:06] 🌾 [farm] Список сообщений (попытка 1): байт=920135, title="(нет title)", строк=100
[2026-09-08 15:15:06] 🌾 [farm] Сообщений: всего=100, шпионских по 1:373:10=1 — #85114571(08.09 - 15:13:50|Колония [1:373:10]|Шпионский доклад)
[2026-09-08 15:15:06] 🌾 [farm] #85114571 (inline): М=103058308328464, А=22873829557037, У=18033726745177, игрок= В момент шпионажа Место: 842 Очков: 5 903 255 947 876 Альянс: Stellar:Might45 Специальность: Ученый ');
[2026-09-08 15:15:06] 🌾 [farm] Доклад « В момент шпионажа Место: 842 Очков: 5 903 255 947 876 Альянс: Stellar:Might45 Специальность: Ученый ');» [1:373:10] (msg#85114571, src=inline): Металл 103058308328464, Алмаз 22873829557037, Уран 18033726745177 → Итого 143965864630678 → 95977243088 × Линкор (вместимость 1500)
[2026-09-08 15:15:06] 🌾 [farm] Атака: target=1:373:10, mission=1, ships={207: 95977243088} (Линкор), fromCp=31694, dryRun=false
[2026-09-08 15:15:07] 📍 [mission] Цель: 1:373:10 (mission=1), корабли источника: {"203":"500000000000","207":"81869769861","210":"4590595000"}
[2026-09-08 15:15:33] 🌾 [farm] Результат sendMission: ok=false, stage=2, confirmed=undefined, error=Уведомление: У Вас нет 95&nbsp;977&nbsp;243&nbsp;088 единиц
[2026-09-08 15:15:33] 🌾 [farm] Атака не удалась (стадия 2): Уведомление: У Вас нет 95&nbsp;977&nbsp;243&nbsp;088 единиц
[2026-09-08 15:15:33] 🌾 [farm] finishTarget [1:373:10]: queue 4→3, info={"ok":false,"error":"Уведомление: У Вас нет 95&nbsp;977&nbsp;243&nbsp;088 единиц","stage":2}
[2026-09-08 15:15:33] 🌾 [loop] farm результат: {"target":"1:373:10","ok":false,"error":"Уведомление: У Вас нет 95&nbsp;977&nbsp;243&nbsp;088 единиц","stage":2}
[2026-09-08 15:15:33] 🚀 [loop] expedition: выключен → пропускаем launchExpeditions
[2026-09-08 15:15:33] 📊 [tick] миссий: 25 (return:14 expedition:1 attack:3 transport:1 unknown:6), атаки: 0
[2026-09-08 15:16:36] 🔘 [loop] флаги: farm=ON (Линкор), expedition=OFF (Линкор×300e9, Броненосец×3e9, Эсминец×2e9, Крейсер×7e9), safety=ON; reserveSlots=20
[2026-09-08 15:16:37] 🔒 [loop] safety: включён → запускаем runSafetyCheck
[2026-09-08 15:16:37] 🛡️ [safety] Главная луна 1:363:6: входящие=0
[2026-09-08 15:16:37] 🛡️ [safety] Атак на главную луну нет, эвакуированных флотов нет
[2026-09-08 15:16:37] 🌾 [loop] farm: включён → запускаем runFarmCycle
[2026-09-08 15:16:37] 🌾 [farm] ВХОД: analysis={"total":24,"outgoing":10,"returning":14,"byType":{"expedition":1,"return":13,"attack":3,"transport":1,"unknown":6},"activeSlots":10}
[2026-09-08 15:16:37] 🌾 [farm] Свободных миссий: 10 (занято 10/20)
[2026-09-08 15:16:37] 🌾 [farm] Состояние: queue=3, pendingReport=null, scanSystem=373, attacked=240, failed=11
[2026-09-08 15:16:37] 🌾 [farm] current_goal = [1:373:12] monkey_business — отправляем шпионов (зондов: 5000)
[2026-09-08 15:16:38] 📍 [mission] Цель: 1:373:12 (mission=6), корабли источника: {"203":"500000000000","207":"158944891523","210":"4590595000"}
[2026-09-08 15:16:39] 🎯 [mission] Цель (стадия 2): {"galaxy":"1","system":"373","planet":"12","planet_type":"1"}
[2026-09-08 15:16:39] 🕵️ [spy] Шпионаж → 1:373:12 (monkey_business) [sent]
[2026-09-08 15:16:41] 🌾 [farm] spyTargets: sent=[{"coords":"1:373:12","player":"monkey_business","dryRun":false}], skipped=[], failed=[]
[2026-09-08 15:16:41] 🌾 [farm] Шпионы на [1:373:12] отправлены — ждём отчёт 60000мс
[2026-09-08 15:16:41] 🌾 [loop] farm результат: {"spied":"1:373:12","waitingReport":true}
[2026-09-08 15:16:41] 🚀 [loop] expedition: выключен → пропускаем launchExpeditions
[2026-09-08 15:16:41] 📊 [tick] миссий: 24 (expedition:1 return:13 attack:3 transport:1 unknown:6), атаки: 0
[2026-09-08 15:18:04] 🔘 [loop] флаги: farm=ON (Линкор), expedition=OFF (Линкор×300e9, Броненосец×3e9, Эсминец×2e9, Крейсер×7e9), safety=ON; reserveSlots=20
[2026-09-08 15:18:05] 🔒 [loop] safety: включён → запускаем runSafetyCheck
[2026-09-08 15:18:05] 🛡️ [safety] Главная луна 1:363:6: входящие=0
[2026-09-08 15:18:05] 🛡️ [safety] Атак на главную луну нет, эвакуированных флотов нет
[2026-09-08 15:18:05] 🌾 [loop] farm: включён → запускаем runFarmCycle
[2026-09-08 15:18:05] 🌾 [farm] ВХОД: analysis={"total":23,"outgoing":10,"returning":13,"byType":{"return":12,"attack":2,"expedition":3,"unknown":6},"activeSlots":10}
[2026-09-08 15:18:05] 🌾 [farm] Свободных миссий: 10 (занято 10/20)
[2026-09-08 15:18:05] 🌾 [farm] Состояние: queue=3, pendingReport={"coords":"1:373:12","player":"monkey_business","spiedAt":1788869801121}, scanSystem=373, attacked=240, failed=11
[2026-09-08 15:18:05] 🌾 [farm] Ждём отчёт по 1:373:12: прошло 85с из 60с
[2026-09-08 15:18:05] 🌾 [farm] Время вышло — ищем отчёт по 1:373:12
[2026-09-08 15:18:10] 🌾 [farm] Список сообщений (попытка 1): байт=899748, title="(нет title)", строк=100
[2026-09-08 15:18:10] 🌾 [farm] Сообщений: всего=100, шпионских по 1:373:12=1 — #85114725(08.09 - 15:16:52|адын [1:373:12]|Шпионский доклад)
[2026-09-08 15:18:10] 🌾 [farm] #85114725 (inline): М=143886167011904, А=23437307444262, У=29178202553409, игрок= В момент шпионажа Место: 507 Очков: 37 872 009 799 795 Специальность: Шахтер ');
[2026-09-08 15:18:10] 🌾 [farm] Доклад « В момент шпионажа Место: 507 Очков: 37 872 009 799 795 Специальность: Шахтер ');» [1:373:12] (msg#85114725, src=inline): Металл 143886167011904, Алмаз 23437307444262, Уран 29178202553409 → Итого 196501677009575 → 131001118007 × Линкор (вместимость 1500)
[2026-09-08 15:18:10] 🌾 [farm] Атака: target=1:373:12, mission=1, ships={207: 131001118007} (Линкор), fromCp=31694, dryRun=false
[2026-09-08 15:18:11] 📍 [mission] Цель: 1:373:12 (mission=1), корабли источника: {"203":"512963845247","207":"275423438419","210":"4627176302"}
[2026-09-08 15:18:12] 🎯 [mission] Цель (стадия 2): {"galaxy":"1","system":"373","planet":"12","planet_type":"1"}
[2026-09-08 15:18:12] 🌾 [farm] Результат sendMission: ok=true, stage=4, confirmed=true, error=-
[2026-09-08 15:18:12] 🌾 [farm] ✅ ФЛОТ ОТПРАВЛЕН: [1:373:12] (monkey_business), 131001118007 × Линкор, источник: главная луна cp=31694
[2026-09-08 15:18:12] 🌾 [farm] finishTarget [1:373:12]: queue 3→2, info={"ok":true,"count":131001118007,"ship":"Линкор","atk":{"ok":true,"stage":4,"confirmed":true,"resources":null}}
[2026-09-08 15:18:12] 🌾 [farm] [1:373:12] помечено как атакованное (кулдаун 1ч)
[2026-09-08 15:18:12] 🌾 [loop] farm результат: {"target":"1:373:12","ok":true,"count":131001118007,"ship":"Линкор","atk":{"ok":true,"stage":4,"confirmed":true,"resources":null}}
[2026-09-08 15:18:12] 🚀 [loop] expedition: выключен → пропускаем launchExpeditions
[2026-09-08 15:18:12] 📊 [tick] миссий: 23 (return:12 attack:2 expedition:3 unknown:6), атаки: 0
[2026-09-08 15:19:30] 🔘 [loop] флаги: farm=ON (Линкор), expedition=OFF (Линкор×300e9, Броненосец×3e9, Эсминец×2e9, Крейсер×7e9), safety=ON; reserveSlots=20
[2026-09-08 15:19:31] 🔒 [loop] safety: включён → запускаем runSafetyCheck
[2026-09-08 15:19:31] 🛡️ [safety] Главная луна 1:363:6: входящие=0
[2026-09-08 15:19:31] 🛡️ [safety] Атак на главную луну нет, эвакуированных флотов нет
[2026-09-08 15:19:31] 🌾 [loop] farm: включён → запускаем runFarmCycle
[2026-09-08 15:19:31] 🌾 [farm] ВХОД: analysis={"total":24,"outgoing":11,"returning":13,"byType":{"attack":3,"expedition":3,"return":12,"unknown":6},"activeSlots":11}
[2026-09-08 15:19:31] 🌾 [farm] Свободных миссий: 9 (занято 11/20)
[2026-09-08 15:19:31] 🌾 [farm] Состояние: queue=2, pendingReport=null, scanSystem=373, attacked=240, failed=11
[2026-09-08 15:19:31] 🌾 [farm] current_goal = [1:373:13] adff — отправляем шпионов (зондов: 5000)
[2026-09-08 15:19:32] 📍 [mission] Цель: 1:373:13 (mission=6), корабли источника: {"203":"512963845247","207":"144422320412","210":"4627176302"}
[2026-09-08 15:19:33] 🎯 [mission] Цель (стадия 2): {"galaxy":"1","system":"373","planet":"13","planet_type":"1"}
[2026-09-08 15:19:33] 🕵️ [spy] Шпионаж → 1:373:13 (adff) [sent]
[2026-09-08 15:19:35] 🌾 [farm] spyTargets: sent=[{"coords":"1:373:13","player":"adff","dryRun":false}], skipped=[], failed=[]
[2026-09-08 15:19:35] 🌾 [farm] Шпионы на [1:373:13] отправлены — ждём отчёт 60000мс
[2026-09-08 15:19:35] 🌾 [loop] farm результат: {"spied":"1:373:13","waitingReport":true}
[2026-09-08 15:19:35] 🚀 [loop] expedition: выключен → пропускаем launchExpeditions
[2026-09-08 15:19:35] 📊 [tick] миссий: 24 (attack:3 expedition:3 return:12 unknown:6), атаки: 0
[2026-09-08 15:21:01] 🔘 [loop] флаги: farm=ON (Линкор), expedition=OFF (Линкор×300e9, Броненосец×3e9, Эсминец×2e9, Крейсер×7e9), safety=ON; reserveSlots=20
[2026-09-08 15:21:03] 🔒 [loop] safety: включён → запускаем runSafetyCheck
[2026-09-08 15:21:03] 🛡️ [safety] Главная луна 1:363:6: входящие=0
[2026-09-08 15:21:03] 🛡️ [safety] Атак на главную луну нет, эвакуированных флотов нет
[2026-09-08 15:21:03] 🌾 [loop] farm: включён → запускаем runFarmCycle
[2026-09-08 15:21:03] 🌾 [farm] ВХОД: analysis={"total":23,"outgoing":10,"returning":13,"byType":{"return":12,"attack":2,"expedition":3,"unknown":6},"activeSlots":10}
[2026-09-08 15:21:03] 🌾 [farm] Свободных миссий: 10 (занято 10/20)
[2026-09-08 15:21:03] 🌾 [farm] Состояние: queue=2, pendingReport={"coords":"1:373:13","player":"adff","spiedAt":1788869975405}, scanSystem=373, attacked=240, failed=11
[2026-09-08 15:21:03] 🌾 [farm] Ждём отчёт по 1:373:13: прошло 88с из 60с
[2026-09-08 15:21:03] 🌾 [farm] Время вышло — ищем отчёт по 1:373:13
[2026-09-08 15:21:07] 🌾 [farm] Список сообщений (попытка 1): байт=892061, title="(нет title)", строк=100
[2026-09-08 15:21:07] 🌾 [farm] Сообщений: всего=100, шпионских по 1:373:13=1 — #85114982(08.09 - 15:19:46|Колония [1:373:13]|Шпионский доклад)
[2026-09-08 15:21:07] 🌾 [farm] #85114982 (inline): М=97159599264796, А=17201190480420, У=16582631527874, игрок= В момент шпионажа Место: 877 Очков: 5 335 817 714 490 Альянс: Україна Специальность: Шахтер ');
[2026-09-08 15:21:07] 🌾 [farm] Доклад « В момент шпионажа Место: 877 Очков: 5 335 817 714 490 Альянс: Україна Специальность: Шахтер ');» [1:373:13] (msg#85114982, src=inline): Металл 97159599264796, Алмаз 17201190480420, Уран 16582631527874 → Итого 130943421273090 → 87295614183 × Линкор (вместимость 1500)
[2026-09-08 15:21:07] 🌾 [farm] Атака: target=1:373:13, mission=1, ships={207: 87295614183} (Линкор), fromCp=31694, dryRun=false
[2026-09-08 15:21:08] 📍 [mission] Цель: 1:373:13 (mission=1), корабли источника: {"203":"523740130933","207":"184378099354","210":"5065819257"}
[2026-09-08 15:21:08] 🎯 [mission] Цель (стадия 2): {"galaxy":"1","system":"373","planet":"13","planet_type":"1"}
[2026-09-08 15:21:10] 🌾 [farm] Результат sendMission: ok=true, stage=4, confirmed=true, error=-
[2026-09-08 15:21:10] 🌾 [farm] ✅ ФЛОТ ОТПРАВЛЕН: [1:373:13] (adff), 87295614183 × Линкор, источник: главная луна cp=31694
[2026-09-08 15:21:10] 🌾 [farm] finishTarget [1:373:13]: queue 2→1, info={"ok":true,"count":87295614183,"ship":"Линкор","atk":{"ok":true,"stage":4,"confirmed":true,"resources":null}}
[2026-09-08 15:21:10] 🌾 [farm] [1:373:13] помечено как атакованное (кулдаун 1ч)
[2026-09-08 15:21:10] 🌾 [loop] farm результат: {"target":"1:373:13","ok":true,"count":87295614183,"ship":"Линкор","atk":{"ok":true,"stage":4,"confirmed":true,"resources":null}}
[2026-09-08 15:21:10] 🚀 [loop] expedition: выключен → пропускаем launchExpeditions
[2026-09-08 15:21:10] 📊 [tick] миссий: 23 (return:12 attack:2 expedition:3 unknown:6), атаки: 0
[2026-09-08 15:22:31] 🔘 [loop] флаги: farm=ON (Линкор), expedition=OFF (Линкор×300e9, Броненосец×3e9, Эсминец×2e9, Крейсер×7e9), safety=ON; reserveSlots=20
[2026-09-08 15:22:32] 🔒 [loop] safety: включён → запускаем runSafetyCheck
[2026-09-08 15:22:32] 🛡️ [safety] Главная луна 1:363:6: входящие=0
[2026-09-08 15:22:32] 🛡️ [safety] Атак на главную луну нет, эвакуированных флотов нет
[2026-09-08 15:22:32] 🌾 [loop] farm: включён → запускаем runFarmCycle
[2026-09-08 15:22:32] 🌾 [farm] ВХОД: analysis={"total":24,"outgoing":11,"returning":13,"byType":{"attack":3,"return":12,"expedition":3,"unknown":6},"activeSlots":11}
[2026-09-08 15:22:32] 🌾 [farm] Свободных миссий: 9 (занято 11/20)
[2026-09-08 15:22:32] 🌾 [farm] Состояние: queue=1, pendingReport=null, scanSystem=373, attacked=240, failed=11
[2026-09-08 15:22:32] 🌾 [farm] current_goal = [1:373:15] MIRNY_SHAXTER — отправляем шпионов (зондов: 5000)
[2026-09-08 15:22:33] 📍 [mission] Цель: 1:373:15 (mission=6), корабли источника: {"203":"523740130933","207":"193533424250","210":"5065819257"}
[2026-09-08 15:22:34] 🎯 [mission] Цель (стадия 2): {"galaxy":"1","system":"373","planet":"15","planet_type":"1"}
[2026-09-08 15:22:34] 🕵️ [spy] Шпионаж → 1:373:15 (MIRNY_SHAXTER) [sent]
[2026-09-08 15:22:36] 🌾 [farm] spyTargets: sent=[{"coords":"1:373:15","player":"MIRNY_SHAXTER","dryRun":false}], skipped=[], failed=[]
[2026-09-08 15:22:36] 🌾 [farm] Шпионы на [1:373:15] отправлены — ждём отчёт 60000мс
[2026-09-08 15:22:36] 🌾 [loop] farm результат: {"spied":"1:373:15","waitingReport":true}
[2026-09-08 15:22:36] 🚀 [loop] expedition: выключен → пропускаем launchExpeditions
[2026-09-08 15:22:36] 📊 [tick] миссий: 24 (attack:3 return:12 expedition:3 unknown:6), атаки: 0
[2026-09-08 15:23:59] 🔘 [loop] флаги: farm=ON (Линкор), expedition=OFF (Линкор×300e9, Броненосец×3e9, Эсминец×2e9, Крейсер×7e9), safety=ON; reserveSlots=20
[2026-09-08 15:24:00] 🔒 [loop] safety: включён → запускаем runSafetyCheck
[2026-09-08 15:24:00] 🛡️ [safety] Главная луна 1:363:6: входящие=0
[2026-09-08 15:24:00] 🛡️ [safety] Атак на главную луну нет, эвакуированных флотов нет
[2026-09-08 15:24:00] 🌾 [loop] farm: включён → запускаем runFarmCycle
[2026-09-08 15:24:00] 🌾 [farm] ВХОД: analysis={"total":23,"outgoing":10,"returning":13,"byType":{"return":12,"attack":2,"expedition":3,"unknown":6},"activeSlots":10}
[2026-09-08 15:24:00] 🌾 [farm] Свободных миссий: 10 (занято 10/20)
[2026-09-08 15:24:00] 🌾 [farm] Состояние: queue=1, pendingReport={"coords":"1:373:15","player":"MIRNY_SHAXTER","spiedAt":1788870156489}, scanSystem=373, attacked=240, failed=11
[2026-09-08 15:24:00] 🌾 [farm] Ждём отчёт по 1:373:15: прошло 84с из 60с
[2026-09-08 15:24:00] 🌾 [farm] Время вышло — ищем отчёт по 1:373:15
[2026-09-08 15:24:04] 🌾 [farm] Список сообщений (попытка 1): байт=887376, title="(нет title)", строк=100
[2026-09-08 15:24:04] 🌾 [farm] Сообщений: всего=100, шпионских по 1:373:15=1 — #85115238(08.09 - 15:22:47|Колония [1:373:15]|Шпионский доклад)
[2026-09-08 15:24:04] 🌾 [farm] #85115238 (inline): М=79179517679660, А=15915964340501, У=9771071222852, игрок= В момент шпионажа Место: 706 Очков: 12 194 253 289 503 Специальность: Шахтер ');
[2026-09-08 15:24:04] 🌾 [farm] Доклад « В момент шпионажа Место: 706 Очков: 12 194 253 289 503 Специальность: Шахтер ');» [1:373:15] (msg#85115238, src=inline): Металл 79179517679660, Алмаз 15915964340501, Уран 9771071222852 → Итого 104866553243013 → 69911035496 × Линкор (вместимость 1500)
[2026-09-08 15:24:04] 🌾 [farm] Атака: target=1:373:15, mission=1, ships={207: 69911035496} (Линкор), fromCp=31694, dryRun=false
[2026-09-08 15:24:05] 📍 [mission] Цель: 1:373:15 (mission=1), корабли источника: {"203":"523740130933","207":"193533424250","210":"5065819257"}
[2026-09-08 15:24:05] 🎯 [mission] Цель (стадия 2): {"galaxy":"1","system":"373","planet":"15","planet_type":"1"}
[2026-09-08 15:24:06] 🌾 [farm] Результат sendMission: ok=true, stage=4, confirmed=true, error=-
[2026-09-08 15:24:06] 🌾 [farm] ✅ ФЛОТ ОТПРАВЛЕН: [1:373:15] (MIRNY_SHAXTER), 69911035496 × Линкор, источник: главная луна cp=31694
[2026-09-08 15:24:06] 🌾 [farm] finishTarget [1:373:15]: queue 1→0, info={"ok":true,"count":69911035496,"ship":"Линкор","atk":{"ok":true,"stage":4,"confirmed":true,"resources":null}}
[2026-09-08 15:24:06] 🌾 [farm] [1:373:15] помечено как атакованное (кулдаун 1ч)
[2026-09-08 15:24:06] 🌾 [loop] farm результат: {"target":"1:373:15","ok":true,"count":69911035496,"ship":"Линкор","atk":{"ok":true,"stage":4,"confirmed":true,"resources":null}}
[2026-09-08 15:24:06] 🚀 [loop] expedition: выключен → пропускаем launchExpeditions
[2026-09-08 15:24:06] 📊 [tick] миссий: 23 (return:12 attack:2 expedition:3 unknown:6), атаки: 0
[2026-09-08 15:25:25] 🔘 [loop] флаги: farm=ON (Линкор), expedition=OFF (Линкор×300e9, Броненосец×3e9, Эсминец×2e9, Крейсер×7e9), safety=ON; reserveSlots=20
[2026-09-08 15:25:27] 🔒 [loop] safety: включён → запускаем runSafetyCheck
[2026-09-08 15:25:27] 🛡️ [safety] Главная луна 1:363:6: входящие=0
[2026-09-08 15:25:27] 🛡️ [safety] Атак на главную луну нет, эвакуированных флотов нет
[2026-09-08 15:25:27] 🌾 [loop] farm: включён → запускаем runFarmCycle
[2026-09-08 15:25:27] 🌾 [farm] ВХОД: analysis={"total":25,"outgoing":11,"returning":14,"byType":{"return":13,"attack":3,"expedition":3,"unknown":6},"activeSlots":11}
[2026-09-08 15:25:27] 🌾 [farm] Свободных миссий: 9 (занято 11/20)
[2026-09-08 15:25:27] 🌾 [farm] Состояние: queue=0, pendingReport=null, scanSystem=373, attacked=240, failed=11
[2026-09-08 15:25:27] 🌾 [farm] Переход к системе 1:374 (range=30, было 373)
[2026-09-08 15:25:28] 🌾 [farm] Система 1:374 получена: планет в таблице=14
[2026-09-08 15:25:28] 🌾 [farm] Фильтры: ourCoords=1:363:6,1:257:13,1:260:9,1:318:1,1:331:12,1:364:9,1:364:14,1:369:4,1:378:12,1:521:15,1:610:11,1:611:5,1:907:15,1:918:1, busyCoords=22
[2026-09-08 15:25:28] 🌾 [farm] Неактивных после базовых фильтров: 9 — mirishka1[2](lolonginactive), NextLevel[5](lolonginactive), AMGmod48[6](lolonginactive), Nemo[7](lolonginactive), serega35py[8](lolonginactive), vallantt[9](lolonginactive), Алекс86[10](lolonginactive), adff[14](lolonginactive), m33348[15](lolonginactive)
[2026-09-08 15:25:28] 🌾 [farm] Система 1:374: в очередь 9 — mirishka1[2], NextLevel[5], AMGmod48[6], Nemo[7], serega35py[8], vallantt[9], Алекс86[10], adff[14], m33348[15]
[2026-09-08 15:25:28] 🌾 [farm] current_goal = [1:374:2] mirishka1 — отправляем шпионов (зондов: 5000)
[2026-09-08 15:25:29] 📍 [mission] Цель: 1:374:2 (mission=6), корабли источника: {"203":"523740130933","207":"123622388754","210":"5065819257"}
[2026-09-08 15:25:29] 🎯 [mission] Цель (стадия 2): {"galaxy":"1","system":"374","planet":"2","planet_type":"1"}
[2026-09-08 15:25:30] 🕵️ [spy] Шпионаж → 1:374:2 (mirishka1) [sent]
[2026-09-08 15:25:31] 🌾 [farm] spyTargets: sent=[{"coords":"1:374:2","player":"mirishka1","dryRun":false}], skipped=[], failed=[]
[2026-09-08 15:25:31] 🌾 [farm] Шпионы на [1:374:2] отправлены — ждём отчёт 60000мс
[2026-09-08 15:25:31] 🌾 [loop] farm результат: {"spied":"1:374:2","waitingReport":true}
[2026-09-08 15:25:31] 🚀 [loop] expedition: выключен → пропускаем launchExpeditions
[2026-09-08 15:25:31] 📊 [tick] миссий: 25 (return:13 attack:3 expedition:3 unknown:6), атаки: 0
[2026-09-08 15:26:47] 🔘 [loop] флаги: farm=ON (Линкор), expedition=OFF (Линкор×300e9, Броненосец×3e9, Эсминец×2e9, Крейсер×7e9), safety=ON; reserveSlots=20
[2026-09-08 15:26:48] 🔒 [loop] safety: включён → запускаем runSafetyCheck
[2026-09-08 15:26:48] 🛡️ [safety] Главная луна 1:363:6: входящие=0
[2026-09-08 15:26:48] 🛡️ [safety] Атак на главную луну нет, эвакуированных флотов нет
[2026-09-08 15:26:48] 🌾 [loop] farm: включён → запускаем runFarmCycle
[2026-09-08 15:26:48] 🌾 [farm] ВХОД: analysis={"total":24,"outgoing":11,"returning":13,"byType":{"return":12,"attack":3,"expedition":3,"unknown":6},"activeSlots":11}
[2026-09-08 15:26:48] 🌾 [farm] Свободных миссий: 9 (занято 11/20)
[2026-09-08 15:26:48] 🌾 [farm] Состояние: queue=9, pendingReport={"coords":"1:374:2","player":"mirishka1","spiedAt":1788870331839}, scanSystem=374, attacked=240, failed=11
[2026-09-08 15:26:48] 🌾 [farm] Ждём отчёт по 1:374:2: прошло 77с из 60с
[2026-09-08 15:26:48] 🌾 [farm] Время вышло — ищем отчёт по 1:374:2
[2026-09-08 15:26:52] 🌾 [farm] Список сообщений (попытка 1): байт=888131, title="(нет title)", строк=0
[2026-09-08 15:26:52] 🌾 [farm] строк=0 → снэпшот: /home/slabak/Documents/serverXG/debug/messages/empty-2026-09-08T12-26-52-019Z.html. Кусок: document.getElementById('massage-container').innerHTML = ' Сообщения \', LEFT, OFFSETY, -20);" onmouseout="return nd();"> 0 ' #modal_header_left{ background-position: -234px -52px; } #modal_header_left:hover{ background-position: -234px -78px; } Сообщения 10 20 30 40 50 60 70 80 90 100 Удалить отмеченные сообщения Удалить неотмеченные сообщения Удалить сообщения выше отмеченного Удалить сообщения 
[2026-09-08 15:26:58] 🌾 [farm] Список сообщений (попытка 2): байт=889625, title="(нет title)", строк=100
[2026-09-08 15:26:58] 🌾 [farm] Сообщений: всего=100, шпионских по 1:374:2=1 — #85115415(08.09 - 15:25:44|Освея [1:374:2]|Шпионский доклад)
[2026-09-08 15:26:58] 🌾 [farm] #85115415 (inline): М=90651865369610, А=18066047739919, У=22128301606545, игрок= В момент шпионажа Место: 364 Очков: 102 676 438 503 080 ');
[2026-09-08 15:26:58] 🌾 [farm] Доклад « В момент шпионажа Место: 364 Очков: 102 676 438 503 080 ');» [1:374:2] (msg#85115415, src=inline): Металл 90651865369610, Алмаз 18066047739919, Уран 22128301606545 → Итого 130846214716074 → 87230809811 × Линкор (вместимость 1500)
[2026-09-08 15:26:58] 🌾 [farm] Атака: target=1:374:2, mission=1, ships={207: 87230809811} (Линкор), fromCp=31694, dryRun=false
[2026-09-08 15:26:59] 📍 [mission] Цель: 1:374:2 (mission=1), корабли источника: {"203":"523740130933","207":"197250845552","210":"5065819257"}
[2026-09-08 15:27:00] 🎯 [mission] Цель (стадия 2): {"galaxy":"1","system":"374","planet":"2","planet_type":"1"}
[2026-09-08 15:27:00] 🌾 [farm] Результат sendMission: ok=true, stage=4, confirmed=true, error=-
[2026-09-08 15:27:00] 🌾 [farm] ✅ ФЛОТ ОТПРАВЛЕН: [1:374:2] (mirishka1), 87230809811 × Линкор, источник: главная луна cp=31694
[2026-09-08 15:27:00] 🌾 [farm] finishTarget [1:374:2]: queue 9→8, info={"ok":true,"count":87230809811,"ship":"Линкор","atk":{"ok":true,"stage":4,"confirmed":true,"resources":null}}
[2026-09-08 15:27:00] 🌾 [farm] [1:374:2] помечено как атакованное (кулдаун 1ч)
[2026-09-08 15:27:00] 🌾 [loop] farm результат: {"target":"1:374:2","ok":true,"count":87230809811,"ship":"Линкор","atk":{"ok":true,"stage":4,"confirmed":true,"resources":null}}
[2026-09-08 15:27:00] 🚀 [loop] expedition: выключен → пропускаем launchExpeditions
[2026-09-08 15:27:00] 📊 [tick] миссий: 24 (return:12 attack:3 expedition:3 unknown:6), атаки: 0
[2026-09-08 15:28:20] 🔘 [loop] флаги: farm=ON (Линкор), expedition=OFF (Линкор×300e9, Броненосец×3e9, Эсминец×2e9, Крейсер×7e9), safety=ON; reserveSlots=20
[2026-09-08 15:28:21] 🔒 [loop] safety: включён → запускаем runSafetyCheck
[2026-09-08 15:28:21] 🛡️ [safety] Главная луна 1:363:6: входящие=0
[2026-09-08 15:28:21] 🛡️ [safety] Атак на главную луну нет, эвакуированных флотов нет
[2026-09-08 15:28:21] 🌾 [loop] farm: включён → запускаем runFarmCycle
[2026-09-08 15:28:21] 🌾 [farm] ВХОД: analysis={"total":26,"outgoing":12,"returning":14,"byType":{"return":13,"attack":4,"expedition":3,"unknown":6},"activeSlots":12}
[2026-09-08 15:28:21] 🌾 [farm] Свободных миссий: 8 (занято 12/20)
[2026-09-08 15:28:21] 🌾 [farm] Состояние: queue=8, pendingReport=null, scanSystem=374, attacked=240, failed=11
[2026-09-08 15:28:21] 🌾 [farm] current_goal = [1:374:5] NextLevel — отправляем шпионов (зондов: 5000)
[2026-09-08 15:28:22] 📍 [mission] Цель: 1:374:5 (mission=6), корабли источника: {"203":"523740130933","207":"110020035741","210":"5065819257"}
[2026-09-08 15:28:23] 🎯 [mission] Цель (стадия 2): {"galaxy":"1","system":"374","planet":"5","planet_type":"1"}
[2026-09-08 15:28:23] 🕵️ [spy] Шпионаж → 1:374:5 (NextLevel) [sent]
[2026-09-08 15:28:25] 🌾 [farm] spyTargets: sent=[{"coords":"1:374:5","player":"NextLevel","dryRun":false}], skipped=[], failed=[]
[2026-09-08 15:28:25] 🌾 [farm] Шпионы на [1:374:5] отправлены — ждём отчёт 60000мс
[2026-09-08 15:28:25] 🌾 [loop] farm результат: {"spied":"1:374:5","waitingReport":true}
[2026-09-08 15:28:25] 🚀 [loop] expedition: выключен → пропускаем launchExpeditions
[2026-09-08 15:28:25] 📊 [tick] миссий: 26 (return:13 attack:4 expedition:3 unknown:6), атаки: 0
[2026-09-08 15:29:52] 🔘 [loop] флаги: farm=ON (Линкор), expedition=OFF (Линкор×300e9, Броненосец×3e9, Эсминец×2e9, Крейсер×7e9), safety=ON; reserveSlots=20
[2026-09-08 15:29:53] 🔒 [loop] safety: включён → запускаем runSafetyCheck
[2026-09-08 15:29:53] 🛡️ [safety] Главная луна 1:363:6: входящие=0
[2026-09-08 15:29:53] 🛡️ [safety] Атак на главную луну нет, эвакуированных флотов нет
[2026-09-08 15:29:53] 🌾 [loop] farm: включён → запускаем runFarmCycle
[2026-09-08 15:29:53] 🌾 [farm] ВХОД: analysis={"total":24,"outgoing":11,"returning":13,"byType":{"expedition":3,"return":12,"attack":3,"unknown":6},"activeSlots":11}
[2026-09-08 15:29:53] 🌾 [farm] Свободных миссий: 9 (занято 11/20)
[2026-09-08 15:29:53] 🌾 [farm] Состояние: queue=8, pendingReport={"coords":"1:374:5","player":"NextLevel","spiedAt":1788870505299}, scanSystem=374, attacked=240, failed=11
[2026-09-08 15:29:53] 🌾 [farm] Ждём отчёт по 1:374:5: прошло 88с из 60с
[2026-09-08 15:29:53] 🌾 [farm] Время вышло — ищем отчёт по 1:374:5
[2026-09-08 15:29:56] 🌾 [farm] Список сообщений (попытка 1): байт=859761, title="(нет title)", строк=100
[2026-09-08 15:29:56] 🌾 [farm] Сообщений: всего=100, шпионских по 1:374:5=1 — #85115825(08.09 - 15:28:37|374mb [1:374:5]|Шпионский доклад)
[2026-09-08 15:29:56] 🌾 [farm] #85115825 (inline): М=53959766014422, А=15156773059191, У=13066577581389, игрок= В момент шпионажа Место: 354 Очков: 109 168 701 644 860 Альянс: HALO ');
[2026-09-08 15:29:56] 🌾 [farm] Доклад « В момент шпионажа Место: 354 Очков: 109 168 701 644 860 Альянс: HALO ');» [1:374:5] (msg#85115825, src=inline): Металл 53959766014422, Алмаз 15156773059191, Уран 13066577581389 → Итого 82183116655002 → 54788744437 × Линкор (вместимость 1500)
[2026-09-08 15:29:56] 🌾 [farm] Атака: target=1:374:5, mission=1, ships={207: 54788744437} (Линкор), fromCp=31694, dryRun=false
[2026-09-08 15:29:57] 📍 [mission] Цель: 1:374:5 (mission=1), корабли источника: {"203":"523740130933","207":"206993068158","210":"5065819257"}
[2026-09-08 15:29:58] 🎯 [mission] Цель (стадия 2): {"galaxy":"1","system":"374","planet":"5","planet_type":"1"}
[2026-09-08 15:29:58] 🌾 [farm] Результат sendMission: ok=true, stage=4, confirmed=true, error=-
[2026-09-08 15:29:58] 🌾 [farm] ✅ ФЛОТ ОТПРАВЛЕН: [1:374:5] (NextLevel), 54788744437 × Линкор, источник: главная луна cp=31694
[2026-09-08 15:29:58] 🌾 [farm] finishTarget [1:374:5]: queue 8→7, info={"ok":true,"count":54788744437,"ship":"Линкор","atk":{"ok":true,"stage":4,"confirmed":true,"resources":null}}
[2026-09-08 15:29:58] 🌾 [farm] [1:374:5] помечено как атакованное (кулдаун 1ч)
[2026-09-08 15:29:58] 🌾 [loop] farm результат: {"target":"1:374:5","ok":true,"count":54788744437,"ship":"Линкор","atk":{"ok":true,"stage":4,"confirmed":true,"resources":null}}
[2026-09-08 15:29:58] 🚀 [loop] expedition: выключен → пропускаем launchExpeditions
[2026-09-08 15:29:58] 📊 [tick] миссий: 24 (expedition:3 return:12 attack:3 unknown:6), атаки: 0
[2026-09-08 15:31:29] 🔘 [loop] флаги: farm=ON (Линкор), expedition=OFF (Линкор×300e9, Броненосец×3e9, Эсминец×2e9, Крейсер×7e9), safety=ON; reserveSlots=20
[2026-09-08 15:31:30] 🔒 [loop] safety: включён → запускаем runSafetyCheck
[2026-09-08 15:31:30] 🛡️ [safety] Главная луна 1:363:6: входящие=0
[2026-09-08 15:31:30] 🛡️ [safety] Атак на главную луну нет, эвакуированных флотов нет
[2026-09-08 15:31:30] 🌾 [loop] farm: включён → запускаем runFarmCycle
[2026-09-08 15:31:30] 🌾 [farm] ВХОД: analysis={"total":25,"outgoing":12,"returning":13,"byType":{"attack":4,"return":12,"expedition":3,"unknown":6},"activeSlots":12}
[2026-09-08 15:31:30] 🌾 [farm] Свободных миссий: 8 (занято 12/20)
[2026-09-08 15:31:30] 🌾 [farm] Состояние: queue=7, pendingReport=null, scanSystem=374, attacked=240, failed=11
[2026-09-08 15:31:30] 🌾 [farm] current_goal = [1:374:6] AMGmod48 — отправляем шпионов (зондов: 5000)
[2026-09-08 15:31:31] 📍 [mission] Цель: 1:374:6 (mission=6), корабли источника: {"203":"523740130933","207":"278746029478","210":"5065819257"}
[2026-09-08 15:31:32] 🎯 [mission] Цель (стадия 2): {"galaxy":"1","system":"374","planet":"6","planet_type":"1"}
[2026-09-08 15:31:32] 🕵️ [spy] Шпионаж → 1:374:6 (AMGmod48) [sent]
[2026-09-08 15:31:34] 🌾 [farm] spyTargets: sent=[{"coords":"1:374:6","player":"AMGmod48","dryRun":false}], skipped=[], failed=[]
[2026-09-08 15:31:34] 🌾 [farm] Шпионы на [1:374:6] отправлены — ждём отчёт 60000мс
[2026-09-08 15:31:34] 🌾 [loop] farm результат: {"spied":"1:374:6","waitingReport":true}
[2026-09-08 15:31:34] 🚀 [loop] expedition: выключен → пропускаем launchExpeditions
[2026-09-08 15:31:34] 📊 [tick] миссий: 25 (attack:4 return:12 expedition:3 unknown:6), атаки: 0
[2026-09-08 15:33:00] 🔘 [loop] флаги: farm=ON (Линкор), expedition=OFF (Линкор×300e9, Броненосец×3e9, Эсминец×2e9, Крейсер×7e9), safety=ON; reserveSlots=20
[2026-09-08 15:33:06] 🔒 [loop] safety: включён → запускаем runSafetyCheck
[2026-09-08 15:33:06] 🛡️ [safety] Главная луна 1:363:6: входящие=0
[2026-09-08 15:33:06] 🛡️ [safety] Атак на главную луну нет, эвакуированных флотов нет
[2026-09-08 15:33:06] 🌾 [loop] farm: включён → запускаем runFarmCycle
[2026-09-08 15:33:06] 🌾 [farm] ВХОД: analysis={"total":24,"outgoing":11,"returning":13,"byType":{"return":12,"attack":3,"expedition":3,"unknown":6},"activeSlots":11}
[2026-09-08 15:33:06] 🌾 [farm] Свободных миссий: 9 (занято 11/20)
[2026-09-08 15:33:06] 🌾 [farm] Состояние: queue=7, pendingReport={"coords":"1:374:6","player":"AMGmod48","spiedAt":1788870694149}, scanSystem=374, attacked=240, failed=11
[2026-09-08 15:33:06] 🌾 [farm] Ждём отчёт по 1:374:6: прошло 92с из 60с
[2026-09-08 15:33:06] 🌾 [farm] Время вышло — ищем отчёт по 1:374:6
[2026-09-08 15:33:09] 🌾 [farm] Список сообщений (попытка 1): байт=825371, title="(нет title)", строк=100
[2026-09-08 15:33:09] 🌾 [farm] Сообщений: всего=100, шпионских по 1:374:6=1 — #85116212(08.09 - 15:31:46|Колония [1:374:6]|Шпионский доклад)
[2026-09-08 15:33:09] 🌾 [farm] #85116212 (inline): М=58802746484625, А=11789506332778, У=10791389003126, игрок= В момент шпионажа Место: 194 Очков: 501 936 289 468 110 ');
[2026-09-08 15:33:09] 🌾 [farm] Доклад « В момент шпионажа Место: 194 Очков: 501 936 289 468 110 ');» [1:374:6] (msg#85116212, src=inline): Металл 58802746484625, Алмаз 11789506332778, Уран 10791389003126 → Итого 81383641820529 → 54255761214 × Линкор (вместимость 1500)
[2026-09-08 15:33:09] 🌾 [farm] 1:374:6: алмазов 11789506332778 < минимума 15000000000000 — отмечаю как атакованную (накопится к следующему кругу)
[2026-09-08 15:33:09] 🌾 [farm] finishTarget [1:374:6]: queue 7→6, info={"skipped":"low_diamond","diamonds":11789506332778}
[2026-09-08 15:33:09] 🌾 [loop] farm результат: {"target":"1:374:6","skipped":"low_diamond","diamonds":11789506332778}
[2026-09-08 15:33:09] 🚀 [loop] expedition: выключен → пропускаем launchExpeditions
[2026-09-08 15:33:09] 📊 [tick] миссий: 24 (return:12 attack:3 expedition:3 unknown:6), атаки: 0
[2026-09-08 15:34:33] 🔘 [loop] флаги: farm=ON (Линкор), expedition=OFF (Линкор×300e9, Броненосец×3e9, Эсминец×2e9, Крейсер×7e9), safety=ON; reserveSlots=20
[2026-09-08 15:34:34] 🔒 [loop] safety: включён → запускаем runSafetyCheck
[2026-09-08 15:34:34] 🛡️ [safety] Главная луна 1:363:6: входящие=0
[2026-09-08 15:34:34] 🛡️ [safety] Атак на главную луну нет, эвакуированных флотов нет
[2026-09-08 15:34:34] 🌾 [loop] farm: включён → запускаем runFarmCycle
[2026-09-08 15:34:34] 🌾 [farm] ВХОД: analysis={"total":23,"outgoing":11,"returning":12,"byType":{"attack":3,"expedition":3,"return":11,"unknown":6},"activeSlots":11}
[2026-09-08 15:34:34] 🌾 [farm] Свободных миссий: 9 (занято 11/20)
[2026-09-08 15:34:34] 🌾 [farm] Состояние: queue=6, pendingReport=null, scanSystem=374, attacked=240, failed=11
[2026-09-08 15:34:34] 🌾 [farm] current_goal = [1:374:7] Nemo — отправляем шпионов (зондов: 5000)
[2026-09-08 15:34:35] 📍 [mission] Цель: 1:374:7 (mission=6), корабли источника: {"203":"523740130933","207":"348430466152","210":"5065819257"}
[2026-09-08 15:34:36] 🎯 [mission] Цель (стадия 2): {"galaxy":"1","system":"374","planet":"7","planet_type":"1"}
[2026-09-08 15:34:37] 🕵️ [spy] Шпионаж → 1:374:7 (Nemo) [sent]
[2026-09-08 15:34:38] 🌾 [farm] spyTargets: sent=[{"coords":"1:374:7","player":"Nemo","dryRun":false}], skipped=[], failed=[]
[2026-09-08 15:34:38] 🌾 [farm] Шпионы на [1:374:7] отправлены — ждём отчёт 60000мс
[2026-09-08 15:34:38] 🌾 [loop] farm результат: {"spied":"1:374:7","waitingReport":true}
[2026-09-08 15:34:38] 🚀 [loop] expedition: выключен → пропускаем launchExpeditions
[2026-09-08 15:34:38] 📊 [tick] миссий: 23 (attack:3 expedition:3 return:11 unknown:6), атаки: 0
[2026-09-08 15:35:56] 🔘 [loop] флаги: farm=ON (Линкор), expedition=OFF (Линкор×300e9, Броненосец×3e9, Эсминец×2e9, Крейсер×7e9), safety=ON; reserveSlots=20
[2026-09-08 15:35:58] 🔒 [loop] safety: включён → запускаем runSafetyCheck
[2026-09-08 15:35:58] 🛡️ [safety] Главная луна 1:363:6: входящие=0
[2026-09-08 15:35:58] 🛡️ [safety] Атак на главную луну нет, эвакуированных флотов нет
[2026-09-08 15:35:58] 🌾 [loop] farm: включён → запускаем runFarmCycle
[2026-09-08 15:35:58] 🌾 [farm] ВХОД: analysis={"total":22,"outgoing":10,"returning":12,"byType":{"expedition":3,"attack":2,"return":11,"unknown":6},"activeSlots":10}
[2026-09-08 15:35:58] 🌾 [farm] Свободных миссий: 10 (занято 10/20)
[2026-09-08 15:35:58] 🌾 [farm] Состояние: queue=6, pendingReport={"coords":"1:374:7","player":"Nemo","spiedAt":1788870878594}, scanSystem=374, attacked=240, failed=11
[2026-09-08 15:35:58] 🌾 [farm] Ждём отчёт по 1:374:7: прошло 79с из 60с
[2026-09-08 15:35:58] 🌾 [farm] Время вышло — ищем отчёт по 1:374:7
[2026-09-08 15:36:02] 🌾 [farm] Список сообщений (попытка 1): байт=824386, title="(нет title)", строк=100
[2026-09-08 15:36:02] 🌾 [farm] Сообщений: всего=100, шпионских по 1:374:7=1 — #85116428(08.09 - 15:34:50|Colony [1:374:7]|Шпионский доклад)
[2026-09-08 15:36:02] 🌾 [farm] #85116428 (inline): М=50399050183887, А=21728703089337, У=7808166821535, игрок= В момент шпионажа Место: 989 Очков: 3 083 242 869 838 Специальность: Ученый ');
[2026-09-08 15:36:02] 🌾 [farm] Доклад « В момент шпионажа Место: 989 Очков: 3 083 242 869 838 Специальность: Ученый ');» [1:374:7] (msg#85116428, src=inline): Металл 50399050183887, Алмаз 21728703089337, Уран 7808166821535 → Итого 79935920094759 → 53290613397 × Линкор (вместимость 1500)
[2026-09-08 15:36:02] 🌾 [farm] Атака: target=1:374:7, mission=1, ships={207: 53290613397} (Линкор), fromCp=31694, dryRun=false
[2026-09-08 15:36:03] 📍 [mission] Цель: 1:374:7 (mission=1), корабли источника: {"203":"523740130933","207":"348430466152","210":"5065819257"}
[2026-09-08 15:36:03] 🎯 [mission] Цель (стадия 2): {"galaxy":"1","system":"374","planet":"7","planet_type":"1"}
[2026-09-08 15:36:04] 🌾 [farm] Результат sendMission: ok=true, stage=4, confirmed=true, error=-
[2026-09-08 15:36:04] 🌾 [farm] ✅ ФЛОТ ОТПРАВЛЕН: [1:374:7] (Nemo), 53290613397 × Линкор, источник: главная луна cp=31694
[2026-09-08 15:36:04] 🌾 [farm] finishTarget [1:374:7]: queue 6→5, info={"ok":true,"count":53290613397,"ship":"Линкор","atk":{"ok":true,"stage":4,"confirmed":true,"resources":null}}
[2026-09-08 15:36:04] 🌾 [farm] [1:374:7] помечено как атакованное (кулдаун 1ч)
[2026-09-08 15:36:04] 🌾 [loop] farm результат: {"target":"1:374:7","ok":true,"count":53290613397,"ship":"Линкор","atk":{"ok":true,"stage":4,"confirmed":true,"resources":null}}
[2026-09-08 15:36:04] 🚀 [loop] expedition: выключен → пропускаем launchExpeditions
[2026-09-08 15:36:04] 📊 [tick] миссий: 22 (expedition:3 attack:2 return:11 unknown:6), атаки: 0
[2026-09-08 15:37:27] 🔘 [loop] флаги: farm=ON (Линкор), expedition=OFF (Линкор×300e9, Броненосец×3e9, Эсминец×2e9, Крейсер×7e9), safety=ON; reserveSlots=20
[2026-09-08 15:37:29] 🔒 [loop] safety: включён → запускаем runSafetyCheck
[2026-09-08 15:37:29] 🛡️ [safety] Главная луна 1:363:6: входящие=0
[2026-09-08 15:37:29] 🛡️ [safety] Атак на главную луну нет, эвакуированных флотов нет
[2026-09-08 15:37:29] 🌾 [loop] farm: включён → запускаем runFarmCycle
[2026-09-08 15:37:29] 🌾 [farm] ВХОД: analysis={"total":24,"outgoing":11,"returning":13,"byType":{"attack":3,"return":12,"expedition":3,"unknown":6},"activeSlots":11}
[2026-09-08 15:37:29] 🌾 [farm] Свободных миссий: 9 (занято 11/20)
[2026-09-08 15:37:29] 🌾 [farm] Состояние: queue=5, pendingReport=null, scanSystem=374, attacked=240, failed=11
[2026-09-08 15:37:29] 🌾 [farm] current_goal = [1:374:8] serega35py — отправляем шпионов (зондов: 5000)
[2026-09-08 15:37:30] 📍 [mission] Цель: 1:374:8 (mission=6), корабли источника: {"203":"523740130933","207":"295139852755","210":"5065819257"}
[2026-09-08 15:37:31] 🎯 [mission] Цель (стадия 2): {"galaxy":"1","system":"374","planet":"8","planet_type":"1"}
[2026-09-08 15:37:31] 🕵️ [spy] Шпионаж → 1:374:8 (serega35py) [sent]
[2026-09-08 15:37:33] 🌾 [farm] spyTargets: sent=[{"coords":"1:374:8","player":"serega35py","dryRun":false}], skipped=[], failed=[]
[2026-09-08 15:37:33] 🌾 [farm] Шпионы на [1:374:8] отправлены — ждём отчёт 60000мс
[2026-09-08 15:37:33] 🌾 [loop] farm результат: {"spied":"1:374:8","waitingReport":true}
[2026-09-08 15:37:33] 🚀 [loop] expedition: выключен → пропускаем launchExpeditions
[2026-09-08 15:37:33] 📊 [tick] миссий: 24 (attack:3 return:12 expedition:3 unknown:6), атаки: 0
[2026-09-08 15:38:50] 🔘 [loop] флаги: farm=ON (Линкор), expedition=OFF (Линкор×300e9, Броненосец×3e9, Эсминец×2e9, Крейсер×7e9), safety=ON; reserveSlots=20
[2026-09-08 15:38:51] 🔒 [loop] safety: включён → запускаем runSafetyCheck
[2026-09-08 15:38:51] 🛡️ [safety] Главная луна 1:363:6: входящие=0
[2026-09-08 15:38:51] 🛡️ [safety] Атак на главную луну нет, эвакуированных флотов нет
[2026-09-08 15:38:51] 🌾 [loop] farm: включён → запускаем runFarmCycle
[2026-09-08 15:38:51] 🌾 [farm] ВХОД: analysis={"total":23,"outgoing":10,"returning":13,"byType":{"return":12,"attack":2,"expedition":3,"unknown":6},"activeSlots":10}
[2026-09-08 15:38:51] 🌾 [farm] Свободных миссий: 10 (занято 10/20)
[2026-09-08 15:38:51] 🌾 [farm] Состояние: queue=5, pendingReport={"coords":"1:374:8","player":"serega35py","spiedAt":1788871053286}, scanSystem=374, attacked=240, failed=11
[2026-09-08 15:38:51] 🌾 [farm] Ждём отчёт по 1:374:8: прошло 78с из 60с
[2026-09-08 15:38:51] 🌾 [farm] Время вышло — ищем отчёт по 1:374:8
[2026-09-08 15:38:55] 🌾 [farm] Список сообщений (попытка 1): байт=814510, title="(нет title)", строк=100
[2026-09-08 15:38:55] 🌾 [farm] Сообщений: всего=100, шпионских по 1:374:8=1 — #85116609(08.09 - 15:37:45|Гл5 [1:374:8]|Шпионский доклад)
[2026-09-08 15:38:55] 🌾 [farm] #85116609 (inline): М=108268667976992, А=26740385611066, У=24656677136253, игрок= В момент шпионажа Место: 763 Очков: 9 111 589 019 264 ');
[2026-09-08 15:38:55] 🌾 [farm] Доклад « В момент шпионажа Место: 763 Очков: 9 111 589 019 264 ');» [1:374:8] (msg#85116609, src=inline): Металл 108268667976992, Алмаз 26740385611066, Уран 24656677136253 → Итого 159665730724311 → 106443820483 × Линкор (вместимость 1500)
[2026-09-08 15:38:55] 🌾 [farm] Атака: target=1:374:8, mission=1, ships={207: 106443820483} (Линкор), fromCp=31694, dryRun=false
[2026-09-08 15:38:56] 📍 [mission] Цель: 1:374:8 (mission=1), корабли источника: {"203":"523740130933","207":"295139852755","210":"5065819257"}
[2026-09-08 15:38:57] 🎯 [mission] Цель (стадия 2): {"galaxy":"1","system":"374","planet":"8","planet_type":"1"}
[2026-09-08 15:38:57] 🌾 [farm] Результат sendMission: ok=true, stage=4, confirmed=true, error=-
[2026-09-08 15:38:57] 🌾 [farm] ✅ ФЛОТ ОТПРАВЛЕН: [1:374:8] (serega35py), 106443820483 × Линкор, источник: главная луна cp=31694
[2026-09-08 15:38:57] 🌾 [farm] finishTarget [1:374:8]: queue 5→4, info={"ok":true,"count":106443820483,"ship":"Линкор","atk":{"ok":true,"stage":4,"confirmed":true,"resources":null}}
[2026-09-08 15:38:57] 🌾 [farm] [1:374:8] помечено как атакованное (кулдаун 1ч)
[2026-09-08 15:38:57] 🌾 [loop] farm результат: {"target":"1:374:8","ok":true,"count":106443820483,"ship":"Линкор","atk":{"ok":true,"stage":4,"confirmed":true,"resources":null}}
[2026-09-08 15:38:57] 🚀 [loop] expedition: выключен → пропускаем launchExpeditions
[2026-09-08 15:38:57] 📊 [tick] миссий: 23 (return:12 attack:2 expedition:3 unknown:6), атаки: 0
[2026-09-08 15:40:22] 🔘 [loop] флаги: farm=ON (Линкор), expedition=OFF (Линкор×300e9, Броненосец×3e9, Эсминец×2e9, Крейсер×7e9), safety=ON; reserveSlots=20
[2026-09-08 15:40:24] 🔒 [loop] safety: включён → запускаем runSafetyCheck
[2026-09-08 15:40:24] 🛡️ [safety] Главная луна 1:363:6: входящие=0
[2026-09-08 15:40:24] 🛡️ [safety] Атак на главную луну нет, эвакуированных флотов нет
[2026-09-08 15:40:24] 🌾 [loop] farm: включён → запускаем runFarmCycle
[2026-09-08 15:40:24] 🌾 [farm] ВХОД: analysis={"total":24,"outgoing":11,"returning":13,"byType":{"attack":3,"return":12,"expedition":3,"unknown":6},"activeSlots":11}
[2026-09-08 15:40:24] 🌾 [farm] Свободных миссий: 9 (занято 11/20)
[2026-09-08 15:40:24] 🌾 [farm] Состояние: queue=4, pendingReport=null, scanSystem=374, attacked=240, failed=11
[2026-09-08 15:40:24] 🌾 [farm] current_goal = [1:374:9] vallantt — отправляем шпионов (зондов: 5000)
[2026-09-08 15:40:25] 📍 [mission] Цель: 1:374:9 (mission=6), корабли источника: {"203":"523740130933","207":"319697150279","210":"5065819257"}
[2026-09-08 15:40:25] 🎯 [mission] Цель (стадия 2): {"galaxy":"1","system":"374","planet":"9","planet_type":"1"}
[2026-09-08 15:40:26] 🕵️ [spy] Шпионаж → 1:374:9 (vallantt) [sent]
[2026-09-08 15:40:28] 🌾 [farm] spyTargets: sent=[{"coords":"1:374:9","player":"vallantt","dryRun":false}], skipped=[], failed=[]
[2026-09-08 15:40:28] 🌾 [farm] Шпионы на [1:374:9] отправлены — ждём отчёт 60000мс
[2026-09-08 15:40:28] 🌾 [loop] farm результат: {"spied":"1:374:9","waitingReport":true}
[2026-09-08 15:40:28] 🚀 [loop] expedition: выключен → пропускаем launchExpeditions
[2026-09-08 15:40:28] 📊 [tick] миссий: 24 (attack:3 return:12 expedition:3 unknown:6), атаки: 0
[2026-09-08 15:41:46] 🔘 [loop] флаги: farm=ON (Линкор), expedition=OFF (Линкор×300e9, Броненосец×3e9, Эсминец×2e9, Крейсер×7e9), safety=ON; reserveSlots=20
[2026-09-08 15:41:47] 🔒 [loop] safety: включён → запускаем runSafetyCheck
[2026-09-08 15:41:47] 🛡️ [safety] Главная луна 1:363:6: входящие=0
[2026-09-08 15:41:47] 🛡️ [safety] Атак на главную луну нет, эвакуированных флотов нет
[2026-09-08 15:41:47] 🌾 [loop] farm: включён → запускаем runFarmCycle
[2026-09-08 15:41:47] 🌾 [farm] ВХОД: analysis={"total":23,"outgoing":10,"returning":13,"byType":{"return":12,"attack":2,"expedition":3,"unknown":6},"activeSlots":10}
[2026-09-08 15:41:47] 🌾 [farm] Свободных миссий: 10 (занято 10/20)
[2026-09-08 15:41:47] 🌾 [farm] Состояние: queue=4, pendingReport={"coords":"1:374:9","player":"vallantt","spiedAt":1788871228018}, scanSystem=374, attacked=240, failed=11
[2026-09-08 15:41:47] 🌾 [farm] Ждём отчёт по 1:374:9: прошло 79с из 60с
[2026-09-08 15:41:47] 🌾 [farm] Время вышло — ищем отчёт по 1:374:9
[2026-09-08 15:41:50] 🌾 [farm] Список сообщений (попытка 1): байт=800034, title="(нет title)", строк=100
[2026-09-08 15:41:50] 🌾 [farm] Сообщений: всего=100, шпионских по 1:374:9=1 — #85116789(08.09 - 15:40:40|Рамірес - 7 [1:374:9]|Шпионский доклад)
[2026-09-08 15:41:50] 🌾 [farm] #85116789 (inline): М=87927066414759, А=19521397293750, У=28654617168962, игрок= В момент шпионажа Место: 388 Очков: 79 649 748 209 964 ');
[2026-09-08 15:41:50] 🌾 [farm] Доклад « В момент шпионажа Место: 388 Очков: 79 649 748 209 964 ');» [1:374:9] (msg#85116789, src=inline): Металл 87927066414759, Алмаз 19521397293750, Уран 28654617168962 → Итого 136103080877471 → 90735387252 × Линкор (вместимость 1500)
[2026-09-08 15:41:50] 🌾 [farm] Атака: target=1:374:9, mission=1, ships={207: 90735387252} (Линкор), fromCp=31694, dryRun=false
[2026-09-08 15:41:51] 📍 [mission] Цель: 1:374:9 (mission=1), корабли источника: {"203":"523740130933","207":"319697150279","210":"5065819257"}
[2026-09-08 15:41:52] 🎯 [mission] Цель (стадия 2): {"galaxy":"1","system":"374","planet":"9","planet_type":"1"}
[2026-09-08 15:41:53] 🌾 [farm] Результат sendMission: ok=true, stage=4, confirmed=true, error=-
[2026-09-08 15:41:53] 🌾 [farm] ✅ ФЛОТ ОТПРАВЛЕН: [1:374:9] (vallantt), 90735387252 × Линкор, источник: главная луна cp=31694
[2026-09-08 15:41:53] 🌾 [farm] finishTarget [1:374:9]: queue 4→3, info={"ok":true,"count":90735387252,"ship":"Линкор","atk":{"ok":true,"stage":4,"confirmed":true,"resources":null}}
[2026-09-08 15:41:53] 🌾 [farm] [1:374:9] помечено как атакованное (кулдаун 1ч)
[2026-09-08 15:41:53] 🌾 [loop] farm результат: {"target":"1:374:9","ok":true,"count":90735387252,"ship":"Линкор","atk":{"ok":true,"stage":4,"confirmed":true,"resources":null}}
[2026-09-08 15:41:53] 🚀 [loop] expedition: выключен → пропускаем launchExpeditions
[2026-09-08 15:41:53] 📊 [tick] миссий: 23 (return:12 attack:2 expedition:3 unknown:6), атаки: 0
[2026-09-08 15:43:22] 🔘 [loop] флаги: farm=ON (Линкор), expedition=OFF (Линкор×300e9, Броненосец×3e9, Эсминец×2e9, Крейсер×7e9), safety=ON; reserveSlots=20
[2026-09-08 15:43:23] 🔒 [loop] safety: включён → запускаем runSafetyCheck
[2026-09-08 15:43:23] 🛡️ [safety] Главная луна 1:363:6: входящие=0
[2026-09-08 15:43:23] 🛡️ [safety] Атак на главную луну нет, эвакуированных флотов нет
[2026-09-08 15:43:23] 🌾 [loop] farm: включён → запускаем runFarmCycle
[2026-09-08 15:43:23] 🌾 [farm] ВХОД: analysis={"total":24,"outgoing":11,"returning":13,"byType":{"return":12,"attack":3,"expedition":3,"unknown":6},"activeSlots":11}
[2026-09-08 15:43:23] 🌾 [farm] Свободных миссий: 9 (занято 11/20)
[2026-09-08 15:43:23] 🌾 [farm] Состояние: queue=3, pendingReport=null, scanSystem=374, attacked=240, failed=11
[2026-09-08 15:43:23] 🌾 [farm] current_goal = [1:374:10] Алекс86 — отправляем шпионов (зондов: 5000)
[2026-09-08 15:43:24] 📍 [mission] Цель: 1:374:10 (mission=6), корабли источника: {"203":"523740130933","207":"316257377210","210":"5065819257"}
[2026-09-08 15:43:25] 🎯 [mission] Цель (стадия 2): {"galaxy":"1","system":"374","planet":"10","planet_type":"1"}
[2026-09-08 15:43:25] 🕵️ [spy] Шпионаж → 1:374:10 (Алекс86) [sent]
[2026-09-08 15:43:27] 🌾 [farm] spyTargets: sent=[{"coords":"1:374:10","player":"Алекс86","dryRun":false}], skipped=[], failed=[]
[2026-09-08 15:43:27] 🌾 [farm] Шпионы на [1:374:10] отправлены — ждём отчёт 60000мс
[2026-09-08 15:43:27] 🌾 [loop] farm результат: {"spied":"1:374:10","waitingReport":true}
[2026-09-08 15:43:27] 🚀 [loop] expedition: выключен → пропускаем launchExpeditions
[2026-09-08 15:43:27] 📊 [tick] миссий: 24 (return:12 attack:3 expedition:3 unknown:6), атаки: 0
[2026-09-08 15:44:48] 🔘 [loop] флаги: farm=ON (Линкор), expedition=OFF (Линкор×300e9, Броненосец×3e9, Эсминец×2e9, Крейсер×7e9), safety=ON; reserveSlots=20
[2026-09-08 15:44:50] 🔒 [loop] safety: включён → запускаем runSafetyCheck
[2026-09-08 15:44:50] 🛡️ [safety] Главная луна 1:363:6: входящие=0
[2026-09-08 15:44:50] 🛡️ [safety] Атак на главную луну нет, эвакуированных флотов нет
[2026-09-08 15:44:50] 🌾 [loop] farm: включён → запускаем runFarmCycle
[2026-09-08 15:44:50] 🌾 [farm] ВХОД: analysis={"total":24,"outgoing":11,"returning":13,"byType":{"return":12,"attack":3,"expedition":3,"unknown":6},"activeSlots":11}
[2026-09-08 15:44:50] 🌾 [farm] Свободных миссий: 9 (занято 11/20)
[2026-09-08 15:44:50] 🌾 [farm] Состояние: queue=3, pendingReport={"coords":"1:374:10","player":"Алекс86","spiedAt":1788871407289}, scanSystem=374, attacked=240, failed=11
[2026-09-08 15:44:50] 🌾 [farm] Ждём отчёт по 1:374:10: прошло 83с из 60с
[2026-09-08 15:44:50] 🌾 [farm] Время вышло — ищем отчёт по 1:374:10
[2026-09-08 15:44:54] 🌾 [farm] Список сообщений (попытка 1): байт=794735, title="(нет title)", строк=0
[2026-09-08 15:44:54] 🌾 [farm] строк=0 → снэпшот: /home/slabak/Documents/serverXG/debug/messages/empty-2026-09-08T12-44-54-214Z.html. Кусок: document.getElementById('massage-container').innerHTML = ' Сообщения \', LEFT, OFFSETY, -20);" onmouseout="return nd();"> 0 ' #modal_header_left{ background-position: -234px -52px; } #modal_header_left:hover{ background-position: -234px -78px; } Сообщения 10 20 30 40 50 60 70 80 90 100 Удалить отмеченные сообщения Удалить неотмеченные сообщения Удалить сообщения выше отмеченного Удалить сообщения 
[2026-09-08 15:44:59] 🌾 [farm] Список сообщений (попытка 2): байт=796229, title="(нет title)", строк=100
[2026-09-08 15:44:59] 🌾 [farm] Сообщений: всего=100, шпионских по 1:374:10=1 — #85116943(08.09 - 15:43:39|Тринадцатая [1:374:10]|Шпионский доклад)
[2026-09-08 15:44:59] 🌾 [farm] #85116943 (inline): М=69790031681329, А=13559977480010, У=15196413381253, игрок= В момент шпионажа Место: 511 Очков: 37 267 505 909 953 ');
[2026-09-08 15:44:59] 🌾 [farm] Доклад « В момент шпионажа Место: 511 Очков: 37 267 505 909 953 ');» [1:374:10] (msg#85116943, src=inline): Металл 69790031681329, Алмаз 13559977480010, Уран 15196413381253 → Итого 98546422542592 → 65697615029 × Линкор (вместимость 1500)
[2026-09-08 15:44:59] 🌾 [farm] 1:374:10: алмазов 13559977480010 < минимума 15000000000000 — отмечаю как атакованную (накопится к следующему кругу)
[2026-09-08 15:44:59] 🌾 [farm] finishTarget [1:374:10]: queue 3→2, info={"skipped":"low_diamond","diamonds":13559977480010}
[2026-09-08 15:44:59] 🌾 [loop] farm результат: {"target":"1:374:10","skipped":"low_diamond","diamonds":13559977480010}
[2026-09-08 15:44:59] 🚀 [loop] expedition: выключен → пропускаем launchExpeditions
[2026-09-08 15:44:59] 📊 [tick] миссий: 24 (return:12 attack:3 expedition:3 unknown:6), атаки: 0
[2026-09-08 15:46:16] 🔘 [loop] флаги: farm=ON (Линкор), expedition=OFF (Линкор×300e9, Броненосец×3e9, Эсминец×2e9, Крейсер×7e9), safety=ON; reserveSlots=20
[2026-09-08 15:46:18] 🔒 [loop] safety: включён → запускаем runSafetyCheck
[2026-09-08 15:46:18] 🛡️ [safety] Главная луна 1:363:6: входящие=0
[2026-09-08 15:46:18] 🛡️ [safety] Атак на главную луну нет, эвакуированных флотов нет
[2026-09-08 15:46:18] 🌾 [loop] farm: включён → запускаем runFarmCycle
[2026-09-08 15:46:18] 🌾 [farm] ВХОД: analysis={"total":23,"outgoing":11,"returning":12,"byType":{"attack":3,"return":11,"expedition":3,"unknown":6},"activeSlots":11}
[2026-09-08 15:46:18] 🌾 [farm] Свободных миссий: 9 (занято 11/20)
[2026-09-08 15:46:18] 🌾 [farm] Состояние: queue=2, pendingReport=null, scanSystem=374, attacked=240, failed=11
[2026-09-08 15:46:18] 🌾 [farm] current_goal = [1:374:14] adff — отправляем шпионов (зондов: 5000)
[2026-09-08 15:46:19] 📍 [mission] Цель: 1:374:14 (mission=6), корабли источника: {"203":"523740130933","207":"386168412706","210":"5065819257"}
[2026-09-08 15:46:19] 🎯 [mission] Цель (стадия 2): {"galaxy":"1","system":"374","planet":"14","planet_type":"1"}
[2026-09-08 15:46:20] 🕵️ [spy] Шпионаж → 1:374:14 (adff) [sent]
[2026-09-08 15:46:21] 🌾 [farm] spyTargets: sent=[{"coords":"1:374:14","player":"adff","dryRun":false}], skipped=[], failed=[]
[2026-09-08 15:46:21] 🌾 [farm] Шпионы на [1:374:14] отправлены — ждём отчёт 60000мс
[2026-09-08 15:46:21] 🌾 [loop] farm результат: {"spied":"1:374:14","waitingReport":true}
[2026-09-08 15:46:21] 🚀 [loop] expedition: выключен → пропускаем launchExpeditions
[2026-09-08 15:46:21] 📊 [tick] миссий: 23 (attack:3 return:11 expedition:3 unknown:6), атаки: 0
[2026-09-08 15:47:38] 🔘 [loop] флаги: farm=ON (Линкор), expedition=OFF (Линкор×300e9, Броненосец×3e9, Эсминец×2e9, Крейсер×7e9), safety=ON; reserveSlots=20
[2026-09-08 15:47:39] 🔒 [loop] safety: включён → запускаем runSafetyCheck
[2026-09-08 15:47:39] 🛡️ [safety] Главная луна 1:363:6: входящие=0
[2026-09-08 15:47:39] 🛡️ [safety] Атак на главную луну нет, эвакуированных флотов нет
[2026-09-08 15:47:39] 🌾 [loop] farm: включён → запускаем runFarmCycle
[2026-09-08 15:47:39] 🌾 [farm] ВХОД: analysis={"total":22,"outgoing":10,"returning":12,"byType":{"return":11,"attack":2,"expedition":3,"unknown":6},"activeSlots":10}
[2026-09-08 15:47:39] 🌾 [farm] Свободных миссий: 10 (занято 10/20)
[2026-09-08 15:47:39] 🌾 [farm] Состояние: queue=2, pendingReport={"coords":"1:374:14","player":"adff","spiedAt":1788871581807}, scanSystem=374, attacked=240, failed=11
[2026-09-08 15:47:39] 🌾 [farm] Ждём отчёт по 1:374:14: прошло 78с из 60с
[2026-09-08 15:47:39] 🌾 [farm] Время вышло — ищем отчёт по 1:374:14
[2026-09-08 15:47:43] 🌾 [farm] Список сообщений (попытка 1): байт=784709, title="(нет title)", строк=100
[2026-09-08 15:47:43] 🌾 [farm] Сообщений: всего=100, шпионских по 1:374:14=1 — #85117024(08.09 - 15:46:34|Колония [1:374:14]|Шпионский доклад)
[2026-09-08 15:47:43] 🌾 [farm] #85117024 (inline): М=60199185452744, А=18581544162969, У=17273766610002, игрок= В момент шпионажа Место: 877 Очков: 5 335 817 714 490 Альянс: Україна Специальность: Шахтер ');
[2026-09-08 15:47:43] 🌾 [farm] Доклад « В момент шпионажа Место: 877 Очков: 5 335 817 714 490 Альянс: Україна Специальность: Шахтер ');» [1:374:14] (msg#85117024, src=inline): Металл 60199185452744, Алмаз 18581544162969, Уран 17273766610002 → Итого 96054496225715 → 64036330818 × Линкор (вместимость 1500)
[2026-09-08 15:47:43] 🌾 [farm] Атака: target=1:374:14, mission=1, ships={207: 64036330818} (Линкор), fromCp=31694, dryRun=false
[2026-09-08 15:47:44] 📍 [mission] Цель: 1:374:14 (mission=1), корабли источника: {"203":"523740130933","207":"386168412706","210":"5065819257"}
[2026-09-08 15:47:45] 🎯 [mission] Цель (стадия 2): {"galaxy":"1","system":"374","planet":"14","planet_type":"1"}
[2026-09-08 15:47:45] 🌾 [farm] Результат sendMission: ok=true, stage=4, confirmed=true, error=-
[2026-09-08 15:47:45] 🌾 [farm] ✅ ФЛОТ ОТПРАВЛЕН: [1:374:14] (adff), 64036330818 × Линкор, источник: главная луна cp=31694
[2026-09-08 15:47:45] 🌾 [farm] finishTarget [1:374:14]: queue 2→1, info={"ok":true,"count":64036330818,"ship":"Линкор","atk":{"ok":true,"stage":4,"confirmed":true,"resources":null}}
[2026-09-08 15:47:45] 🌾 [farm] [1:374:14] помечено как атакованное (кулдаун 1ч)
[2026-09-08 15:47:45] 🌾 [loop] farm результат: {"target":"1:374:14","ok":true,"count":64036330818,"ship":"Линкор","atk":{"ok":true,"stage":4,"confirmed":true,"resources":null}}
[2026-09-08 15:47:45] 🚀 [loop] expedition: выключен → пропускаем launchExpeditions
[2026-09-08 15:47:45] 📊 [tick] миссий: 22 (return:11 attack:2 expedition:3 unknown:6), атаки: 0
[2026-09-08 15:49:15] 🔘 [loop] флаги: farm=ON (Линкор), expedition=OFF (Линкор×300e9, Броненосец×3e9, Эсминец×2e9, Крейсер×7e9), safety=ON; reserveSlots=20
[2026-09-08 15:49:17] 🔒 [loop] safety: включён → запускаем runSafetyCheck
[2026-09-08 15:49:17] 🛡️ [safety] Главная луна 1:363:6: входящие=0
[2026-09-08 15:49:17] 🛡️ [safety] Атак на главную луну нет, эвакуированных флотов нет
[2026-09-08 15:49:17] 🌾 [loop] farm: включён → запускаем runFarmCycle
[2026-09-08 15:49:17] 🌾 [farm] ВХОД: analysis={"total":23,"outgoing":11,"returning":12,"byType":{"attack":3,"expedition":3,"return":11,"unknown":6},"activeSlots":11}
[2026-09-08 15:49:17] 🌾 [farm] Свободных миссий: 9 (занято 11/20)
[2026-09-08 15:49:17] 🌾 [farm] Состояние: queue=1, pendingReport=null, scanSystem=374, attacked=240, failed=11
[2026-09-08 15:49:17] 🌾 [farm] current_goal = [1:374:15] m33348 — отправляем шпионов (зондов: 5000)
[2026-09-08 15:49:18] 📍 [mission] Цель: 1:374:15 (mission=6), корабли источника: {"203":"523740130933","207":"409362891699","210":"5065819257"}
[2026-09-08 15:49:18] 🎯 [mission] Цель (стадия 2): {"galaxy":"1","system":"374","planet":"15","planet_type":"1"}
[2026-09-08 15:49:19] 🕵️ [spy] Шпионаж → 1:374:15 (m33348) [sent]
[2026-09-08 15:49:20] 🌾 [farm] spyTargets: sent=[{"coords":"1:374:15","player":"m33348","dryRun":false}], skipped=[], failed=[]
[2026-09-08 15:49:20] 🌾 [farm] Шпионы на [1:374:15] отправлены — ждём отчёт 60000мс
[2026-09-08 15:49:20] 🌾 [loop] farm результат: {"spied":"1:374:15","waitingReport":true}
[2026-09-08 15:49:20] 🚀 [loop] expedition: выключен → пропускаем launchExpeditions
[2026-09-08 15:49:20] 📊 [tick] миссий: 23 (attack:3 expedition:3 return:11 unknown:6), атаки: 0
[2026-09-08 15:50:47] 🔘 [loop] флаги: farm=ON (Линкор), expedition=OFF (Линкор×300e9, Броненосец×3e9, Эсминец×2e9, Крейсер×7e9), safety=ON; reserveSlots=20
[2026-09-08 15:50:49] 🔒 [loop] safety: включён → запускаем runSafetyCheck
[2026-09-08 15:50:49] 🛡️ [safety] Главная луна 1:363:6: входящие=0
[2026-09-08 15:50:49] 🛡️ [safety] Атак на главную луну нет, эвакуированных флотов нет
[2026-09-08 15:50:49] 🌾 [loop] farm: включён → запускаем runFarmCycle
[2026-09-08 15:50:49] 🌾 [farm] ВХОД: analysis={"total":21,"outgoing":9,"returning":12,"byType":{"return":11,"attack":2,"expedition":2,"unknown":6},"activeSlots":9}
[2026-09-08 15:50:49] 🌾 [farm] Свободных миссий: 11 (занято 9/20)
[2026-09-08 15:50:49] 🌾 [farm] Состояние: queue=1, pendingReport={"coords":"1:374:15","player":"m33348","spiedAt":1788871760818}, scanSystem=374, attacked=240, failed=11
[2026-09-08 15:50:49] 🌾 [farm] Ждём отчёт по 1:374:15: прошло 88с из 60с
[2026-09-08 15:50:49] 🌾 [farm] Время вышло — ищем отчёт по 1:374:15
[2026-09-08 15:50:52] 🌾 [farm] Список сообщений (попытка 1): байт=780236, title="(нет title)", строк=100
[2026-09-08 15:50:52] 🌾 [farm] Сообщений: всего=100, шпионских по 1:374:15=1 — #85117157(08.09 - 15:49:33|Колония [1:374:15]|Шпионский доклад)
[2026-09-08 15:50:52] 🌾 [farm] #85117157 (inline): М=102483544815447, А=20702053023975, У=4310043776949, игрок= В момент шпионажа Место: 425 Очков: 61 696 680 950 647 ');
[2026-09-08 15:50:52] 🌾 [farm] Доклад « В момент шпионажа Место: 425 Очков: 61 696 680 950 647 ');» [1:374:15] (msg#85117157, src=inline): Металл 102483544815447, Алмаз 20702053023975, Уран 4310043776949 → Итого 127495641616371 → 84997094411 × Линкор (вместимость 1500)
[2026-09-08 15:50:52] 🌾 [farm] Атака: target=1:374:15, mission=1, ships={207: 84997094411} (Линкор), fromCp=31694, dryRun=false
[2026-09-08 15:50:53] 📍 [mission] Цель: 1:374:15 (mission=1), корабли источника: {"203":"523740130933","207":"409362891699","210":"5065819257"}
[2026-09-08 15:50:53] 🎯 [mission] Цель (стадия 2): {"galaxy":"1","system":"374","planet":"15","planet_type":"1"}
[2026-09-08 15:50:54] 🌾 [farm] Результат sendMission: ok=true, stage=4, confirmed=true, error=-
[2026-09-08 15:50:54] 🌾 [farm] ✅ ФЛОТ ОТПРАВЛЕН: [1:374:15] (m33348), 84997094411 × Линкор, источник: главная луна cp=31694
[2026-09-08 15:50:54] 🌾 [farm] finishTarget [1:374:15]: queue 1→0, info={"ok":true,"count":84997094411,"ship":"Линкор","atk":{"ok":true,"stage":4,"confirmed":true,"resources":null}}
[2026-09-08 15:50:54] 🌾 [farm] [1:374:15] помечено как атакованное (кулдаун 1ч)
[2026-09-08 15:50:54] 🌾 [loop] farm результат: {"target":"1:374:15","ok":true,"count":84997094411,"ship":"Линкор","atk":{"ok":true,"stage":4,"confirmed":true,"resources":null}}
[2026-09-08 15:50:54] 🚀 [loop] expedition: выключен → пропускаем launchExpeditions
[2026-09-08 15:50:54] 📊 [tick] миссий: 21 (return:11 attack:2 expedition:2 unknown:6), атаки: 0
[2026-09-08 15:52:17] 🔘 [loop] флаги: farm=ON (Линкор), expedition=OFF (Линкор×300e9, Броненосец×3e9, Эсминец×2e9, Крейсер×7e9), safety=ON; reserveSlots=20
[2026-09-08 15:52:18] 🔒 [loop] safety: включён → запускаем runSafetyCheck
[2026-09-08 15:52:18] 🛡️ [safety] Главная луна 1:363:6: входящие=0
[2026-09-08 15:52:18] 🛡️ [safety] Атак на главную луну нет, эвакуированных флотов нет
[2026-09-08 15:52:18] 🌾 [loop] farm: включён → запускаем runFarmCycle
[2026-09-08 15:52:18] 🌾 [farm] ВХОД: analysis={"total":22,"outgoing":10,"returning":12,"byType":{"attack":3,"return":11,"expedition":2,"unknown":6},"activeSlots":10}
[2026-09-08 15:52:18] 🌾 [farm] Свободных миссий: 10 (занято 10/20)
[2026-09-08 15:52:18] 🌾 [farm] Состояние: queue=0, pendingReport=null, scanSystem=374, attacked=240, failed=11
[2026-09-08 15:52:18] 🌾 [farm] Переход к системе 1:375 (range=30, было 374)
[2026-09-08 15:52:19] 🌾 [farm] Система 1:375 получена: планет в таблице=11
[2026-09-08 15:52:19] 🌾 [farm] Фильтры: ourCoords=1:363:6,1:257:13,1:260:9,1:318:1,1:331:12,1:364:9,1:364:14,1:369:4,1:378:12,1:521:15,1:610:11,1:611:5,1:907:15,1:918:1, busyCoords=20
[2026-09-08 15:52:19] 🌾 [farm] Неактивных после базовых фильтров: 9 — DAEWOO[3](lolonginactive), serega35py[6](lolonginactive), Qwerty[7](lolonginactive), serega35py[8](lolonginactive), Б У М Е Р[9](lolonginactive), serega35py[10](lolonginactive), Светик[11](lolonginactive), izarg[13](lolonginactive), арбонций[15](lolonginactive)
[2026-09-08 15:52:19] 🌾 [farm] Система 1:375: в очередь 9 — DAEWOO[3], serega35py[6], Qwerty[7], serega35py[8], Б У М Е Р[9], serega35py[10], Светик[11], izarg[13], арбонций[15]
[2026-09-08 15:52:19] 🌾 [farm] current_goal = [1:375:3] DAEWOO — отправляем шпионов (зондов: 5000)
[2026-09-08 15:52:20] 📍 [mission] Цель: 1:375:3 (mission=6), корабли источника: {"203":"523740130933","207":"379154541725","210":"5065819257"}
[2026-09-08 15:52:21] 🎯 [mission] Цель (стадия 2): {"galaxy":"1","system":"375","planet":"3","planet_type":"1"}
[2026-09-08 15:52:21] 🕵️ [spy] Шпионаж → 1:375:3 (DAEWOO) [sent]
[2026-09-08 15:52:23] 🌾 [farm] spyTargets: sent=[{"coords":"1:375:3","player":"DAEWOO","dryRun":false}], skipped=[], failed=[]
[2026-09-08 15:52:23] 🌾 [farm] Шпионы на [1:375:3] отправлены — ждём отчёт 60000мс
[2026-09-08 15:52:23] 🌾 [loop] farm результат: {"spied":"1:375:3","waitingReport":true}
[2026-09-08 15:52:23] 🚀 [loop] expedition: выключен → пропускаем launchExpeditions
[2026-09-08 15:52:23] 📊 [tick] миссий: 22 (attack:3 return:11 expedition:2 unknown:6), атаки: 0
[2026-09-08 15:53:47] 🔘 [loop] флаги: farm=ON (Линкор), expedition=OFF (Линкор×300e9, Броненосец×3e9, Эсминец×2e9, Крейсер×7e9), safety=ON; reserveSlots=20
[2026-09-08 15:53:49] 🔒 [loop] safety: включён → запускаем runSafetyCheck
[2026-09-08 15:53:49] 🛡️ [safety] Главная луна 1:363:6: входящие=0
[2026-09-08 15:53:49] 🛡️ [safety] Атак на главную луну нет, эвакуированных флотов нет
[2026-09-08 15:53:49] 🌾 [loop] farm: включён → запускаем runFarmCycle
[2026-09-08 15:53:49] 🌾 [farm] ВХОД: analysis={"total":21,"outgoing":9,"returning":12,"byType":{"return":11,"attack":2,"expedition":2,"unknown":6},"activeSlots":9}
[2026-09-08 15:53:49] 🌾 [farm] Свободных миссий: 11 (занято 9/20)
[2026-09-08 15:53:49] 🌾 [farm] Состояние: queue=9, pendingReport={"coords":"1:375:3","player":"DAEWOO","spiedAt":1788871943459}, scanSystem=375, attacked=240, failed=11
[2026-09-08 15:53:49] 🌾 [farm] Ждём отчёт по 1:375:3: прошло 86с из 60с
[2026-09-08 15:53:49] 🌾 [farm] Время вышло — ищем отчёт по 1:375:3
[2026-09-08 15:53:52] 🌾 [farm] Список сообщений (попытка 1): байт=776545, title="(нет title)", строк=100
[2026-09-08 15:53:52] 🌾 [farm] Сообщений: всего=100, шпионских по 1:375:3=1 — #85117525(08.09 - 15:52:35|Planeta-8 [1:375:3]|Шпионский доклад)
[2026-09-08 15:53:52] 🌾 [farm] #85117525 (inline): М=104553062339143, А=26544909785723, У=20424451590813, игрок= В момент шпионажа Место: 709 Очков: 12 171 467 656 165 Специальность: Шахтер ');
[2026-09-08 15:53:52] 🌾 [farm] Доклад « В момент шпионажа Место: 709 Очков: 12 171 467 656 165 Специальность: Шахтер ');» [1:375:3] (msg#85117525, src=inline): Металл 104553062339143, Алмаз 26544909785723, Уран 20424451590813 → Итого 151522423715679 → 101014949144 × Линкор (вместимость 1500)
[2026-09-08 15:53:52] 🌾 [farm] Атака: target=1:375:3, mission=1, ships={207: 101014949144} (Линкор), fromCp=31694, dryRun=false
[2026-09-08 15:53:53] 📍 [mission] Цель: 1:375:3 (mission=1), корабли источника: {"203":"523740130933","207":"379154541725","210":"5065819257"}
[2026-09-08 15:53:54] 🎯 [mission] Цель (стадия 2): {"galaxy":"1","system":"375","planet":"3","planet_type":"1"}
[2026-09-08 15:53:54] 🌾 [farm] Результат sendMission: ok=true, stage=4, confirmed=true, error=-
[2026-09-08 15:53:54] 🌾 [farm] ✅ ФЛОТ ОТПРАВЛЕН: [1:375:3] (DAEWOO), 101014949144 × Линкор, источник: главная луна cp=31694
[2026-09-08 15:53:54] 🌾 [farm] finishTarget [1:375:3]: queue 9→8, info={"ok":true,"count":101014949144,"ship":"Линкор","atk":{"ok":true,"stage":4,"confirmed":true,"resources":null}}
[2026-09-08 15:53:54] 🌾 [farm] [1:375:3] помечено как атакованное (кулдаун 1ч)
[2026-09-08 15:53:54] 🌾 [loop] farm результат: {"target":"1:375:3","ok":true,"count":101014949144,"ship":"Линкор","atk":{"ok":true,"stage":4,"confirmed":true,"resources":null}}
[2026-09-08 15:53:54] 🚀 [loop] expedition: выключен → пропускаем launchExpeditions
[2026-09-08 15:53:54] 📊 [tick] миссий: 21 (return:11 attack:2 expedition:2 unknown:6), атаки: 0
[2026-09-08 15:55:12] 🔘 [loop] флаги: farm=ON (Линкор), expedition=OFF (Линкор×300e9, Броненосец×3e9, Эсминец×2e9, Крейсер×7e9), safety=ON; reserveSlots=20
[2026-09-08 15:55:14] 🔒 [loop] safety: включён → запускаем runSafetyCheck
[2026-09-08 15:55:14] 🛡️ [safety] Главная луна 1:363:6: входящие=0
[2026-09-08 15:55:14] 🛡️ [safety] Атак на главную луну нет, эвакуированных флотов нет
[2026-09-08 15:55:14] 🌾 [loop] farm: включён → запускаем runFarmCycle
[2026-09-08 15:55:14] 🌾 [farm] ВХОД: analysis={"total":23,"outgoing":10,"returning":13,"byType":{"return":12,"attack":3,"expedition":2,"unknown":6},"activeSlots":10}
[2026-09-08 15:55:14] 🌾 [farm] Свободных миссий: 10 (занято 10/20)
[2026-09-08 15:55:14] 🌾 [farm] Состояние: queue=8, pendingReport=null, scanSystem=375, attacked=240, failed=11
[2026-09-08 15:55:14] 🌾 [farm] current_goal = [1:375:6] serega35py — отправляем шпионов (зондов: 5000)
[2026-09-08 15:55:15] 📍 [mission] Цель: 1:375:6 (mission=6), корабли источника: {"203":"523740130933","207":"278139592581","210":"5065819257"}
[2026-09-08 15:55:16] 🎯 [mission] Цель (стадия 2): {"galaxy":"1","system":"375","planet":"6","planet_type":"1"}
[2026-09-08 15:55:17] 🕵️ [spy] Шпионаж → 1:375:6 (serega35py) [sent]
[2026-09-08 15:55:18] 🌾 [farm] spyTargets: sent=[{"coords":"1:375:6","player":"serega35py","dryRun":false}], skipped=[], failed=[]
[2026-09-08 15:55:18] 🌾 [farm] Шпионы на [1:375:6] отправлены — ждём отчёт 60000мс
[2026-09-08 15:55:18] 🌾 [loop] farm результат: {"spied":"1:375:6","waitingReport":true}
[2026-09-08 15:55:18] 🚀 [loop] expedition: выключен → пропускаем launchExpeditions
[2026-09-08 15:55:18] 📊 [tick] миссий: 23 (return:12 attack:3 expedition:2 unknown:6), атаки: 0
[2026-09-08 15:56:46] 🔘 [loop] флаги: farm=ON (Линкор), expedition=OFF (Линкор×300e9, Броненосец×3e9, Эсминец×2e9, Крейсер×7e9), safety=ON; reserveSlots=20
[2026-09-08 15:56:47] 🔒 [loop] safety: включён → запускаем runSafetyCheck
[2026-09-08 15:56:47] 🛡️ [safety] Главная луна 1:363:6: входящие=0
[2026-09-08 15:56:47] 🛡️ [safety] Атак на главную луну нет, эвакуированных флотов нет
[2026-09-08 15:56:47] 🌾 [loop] farm: включён → запускаем runFarmCycle
[2026-09-08 15:56:47] 🌾 [farm] ВХОД: analysis={"total":23,"outgoing":10,"returning":13,"byType":{"return":12,"attack":3,"expedition":2,"unknown":6},"activeSlots":10}
[2026-09-08 15:56:47] 🌾 [farm] Свободных миссий: 10 (занято 10/20)
[2026-09-08 15:56:47] 🌾 [farm] Состояние: queue=8, pendingReport={"coords":"1:375:6","player":"serega35py","spiedAt":1788872118534}, scanSystem=375, attacked=240, failed=11
[2026-09-08 15:56:47] 🌾 [farm] Ждём отчёт по 1:375:6: прошло 89с из 60с
[2026-09-08 15:56:47] 🌾 [farm] Время вышло — ищем отчёт по 1:375:6
[2026-09-08 15:56:51] 🌾 [farm] Список сообщений (попытка 1): байт=772114, title="(нет title)", строк=0
[2026-09-08 15:56:51] 🌾 [farm] строк=0 → снэпшот: /home/slabak/Documents/serverXG/debug/messages/empty-2026-09-08T12-56-51-301Z.html. Кусок: document.getElementById('massage-container').innerHTML = ' Сообщения \', LEFT, OFFSETY, -20);" onmouseout="return nd();"> 0 ' #modal_header_left{ background-position: -234px -52px; } #modal_header_left:hover{ background-position: -234px -78px; } Сообщения 10 20 30 40 50 60 70 80 90 100 Удалить отмеченные сообщения Удалить неотмеченные сообщения Удалить сообщения выше отмеченного Удалить сообщения 
[2026-09-08 15:56:56] 🌾 [farm] Список сообщений (попытка 2): байт=773608, title="(нет title)", строк=100
[2026-09-08 15:56:56] 🌾 [farm] Сообщений: всего=100, шпионских по 1:375:6=1 — #85117815(08.09 - 15:55:30|Гл6 [1:375:6]|Шпионский доклад)
[2026-09-08 15:56:56] 🌾 [farm] #85117815 (inline): М=118718809429931, А=29381715040619, У=26046930937159, игрок= В момент шпионажа Место: 763 Очков: 9 111 589 019 264 ');
[2026-09-08 15:56:56] 🌾 [farm] Доклад « В момент шпионажа Место: 763 Очков: 9 111 589 019 264 ');» [1:375:6] (msg#85117815, src=inline): Металл 118718809429931, Алмаз 29381715040619, Уран 26046930937159 → Итого 174147455407709 → 116098303606 × Линкор (вместимость 1500)
[2026-09-08 15:56:56] 🌾 [farm] Атака: target=1:375:6, mission=1, ships={207: 116098303606} (Линкор), fromCp=31694, dryRun=false
[2026-09-08 15:56:57] 📍 [mission] Цель: 1:375:6 (mission=1), корабли источника: {"203":"523740130933","207":"278139592581","210":"5065819257"}
[2026-09-08 15:56:58] 🎯 [mission] Цель (стадия 2): {"galaxy":"1","system":"375","planet":"6","planet_type":"1"}
[2026-09-08 15:56:59] 🌾 [farm] Результат sendMission: ok=true, stage=4, confirmed=true, error=-
[2026-09-08 15:56:59] 🌾 [farm] ✅ ФЛОТ ОТПРАВЛЕН: [1:375:6] (serega35py), 116098303606 × Линкор, источник: главная луна cp=31694
[2026-09-08 15:56:59] 🌾 [farm] finishTarget [1:375:6]: queue 8→7, info={"ok":true,"count":116098303606,"ship":"Линкор","atk":{"ok":true,"stage":4,"confirmed":true,"resources":null}}
[2026-09-08 15:56:59] 🌾 [farm] [1:375:6] помечено как атакованное (кулдаун 1ч)
[2026-09-08 15:56:59] 🌾 [loop] farm результат: {"target":"1:375:6","ok":true,"count":116098303606,"ship":"Линкор","atk":{"ok":true,"stage":4,"confirmed":true,"resources":null}}
[2026-09-08 15:56:59] 🚀 [loop] expedition: выключен → пропускаем launchExpeditions
[2026-09-08 15:56:59] 📊 [tick] миссий: 23 (return:12 attack:3 expedition:2 unknown:6), атаки: 0
[2026-09-08 15:58:15] 🔘 [loop] флаги: farm=ON (Линкор), expedition=OFF (Линкор×300e9, Броненосец×3e9, Эсминец×2e9, Крейсер×7e9), safety=ON; reserveSlots=20
[2026-09-08 15:58:16] 🔒 [loop] safety: включён → запускаем runSafetyCheck
[2026-09-08 15:58:16] 🛡️ [safety] Главная луна 1:363:6: входящие=0
[2026-09-08 15:58:16] 🛡️ [safety] Атак на главную луну нет, эвакуированных флотов нет
[2026-09-08 15:58:16] 🌾 [loop] farm: включён → запускаем runFarmCycle
[2026-09-08 15:58:16] 🌾 [farm] ВХОД: analysis={"total":24,"outgoing":11,"returning":13,"byType":{"attack":4,"return":12,"expedition":2,"unknown":6},"activeSlots":11}
[2026-09-08 15:58:16] 🌾 [farm] Свободных миссий: 9 (занято 11/20)
[2026-09-08 15:58:16] 🌾 [farm] Состояние: queue=7, pendingReport=null, scanSystem=375, attacked=240, failed=11
[2026-09-08 15:58:16] 🌾 [farm] current_goal = [1:375:7] Qwerty — отправляем шпионов (зондов: 5000)
[2026-09-08 15:58:17] 📍 [mission] Цель: 1:375:7 (mission=6), корабли источника: {"203":"523740130933","207":"215331902372","210":"5065819257"}
[2026-09-08 15:58:18] 🎯 [mission] Цель (стадия 2): {"galaxy":"1","system":"375","planet":"7","planet_type":"1"}
[2026-09-08 15:58:19] 🕵️ [spy] Шпионаж → 1:375:7 (Qwerty) [sent]
[2026-09-08 15:58:20] 🌾 [farm] spyTargets: sent=[{"coords":"1:375:7","player":"Qwerty","dryRun":false}], skipped=[], failed=[]
[2026-09-08 15:58:20] 🌾 [farm] Шпионы на [1:375:7] отправлены — ждём отчёт 60000мс
[2026-09-08 15:58:20] 🌾 [loop] farm результат: {"spied":"1:375:7","waitingReport":true}
[2026-09-08 15:58:20] 🚀 [loop] expedition: выключен → пропускаем launchExpeditions
[2026-09-08 15:58:20] 📊 [tick] миссий: 24 (attack:4 return:12 expedition:2 unknown:6), атаки: 0
[2026-09-08 15:59:42] 🔘 [loop] флаги: farm=ON (Линкор), expedition=OFF (Линкор×300e9, Броненосец×3e9, Эсминец×2e9, Крейсер×7e9), safety=ON; reserveSlots=20
[2026-09-08 15:59:43] 🔒 [loop] safety: включён → запускаем runSafetyCheck
[2026-09-08 15:59:43] 🛡️ [safety] Главная луна 1:363:6: входящие=0
[2026-09-08 15:59:43] 🛡️ [safety] Атак на главную луну нет, эвакуированных флотов нет
[2026-09-08 15:59:43] 🌾 [loop] farm: включён → запускаем runFarmCycle
[2026-09-08 15:59:43] 🌾 [farm] ВХОД: analysis={"total":23,"outgoing":10,"returning":13,"byType":{"return":12,"attack":3,"expedition":2,"unknown":6},"activeSlots":10}
[2026-09-08 15:59:43] 🌾 [farm] Свободных миссий: 10 (занято 10/20)
[2026-09-08 15:59:43] 🌾 [farm] Состояние: queue=7, pendingReport={"coords":"1:375:7","player":"Qwerty","spiedAt":1788872300615}, scanSystem=375, attacked=240, failed=11
[2026-09-08 15:59:43] 🌾 [farm] Ждём отчёт по 1:375:7: прошло 83с из 60с
[2026-09-08 15:59:43] 🌾 [farm] Время вышло — ищем отчёт по 1:375:7
[2026-09-08 15:59:46] 🌾 [farm] Список сообщений (попытка 1): байт=752910, title="(нет title)", строк=100
[2026-09-08 15:59:46] 🌾 [farm] Сообщений: всего=100, шпионских по 1:375:7=1 — #85117926(08.09 - 15:58:32|Б_Г [1:375:7]|Шпионский доклад)
[2026-09-08 15:59:46] 🌾 [farm] #85117926 (inline): М=89094547914569, А=18066041852169, У=17599708877265, игрок= В момент шпионажа Место: 358 Очков: 104 979 245 378 650 ');
[2026-09-08 15:59:46] 🌾 [farm] Доклад « В момент шпионажа Место: 358 Очков: 104 979 245 378 650 ');» [1:375:7] (msg#85117926, src=inline): Металл 89094547914569, Алмаз 18066041852169, Уран 17599708877265 → Итого 124760298644003 → 83173532430 × Линкор (вместимость 1500)
[2026-09-08 15:59:46] 🌾 [farm] Атака: target=1:375:7, mission=1, ships={207: 83173532430} (Линкор), fromCp=31694, dryRun=false
[2026-09-08 15:59:47] 📍 [mission] Цель: 1:375:7 (mission=1), корабли источника: {"203":"523740130933","207":"215331902372","210":"5065819257"}
[2026-09-08 15:59:48] 🎯 [mission] Цель (стадия 2): {"galaxy":"1","system":"375","planet":"7","planet_type":"1"}
[2026-09-08 15:59:48] 🌾 [farm] Результат sendMission: ok=true, stage=4, confirmed=true, error=-
[2026-09-08 15:59:48] 🌾 [farm] ✅ ФЛОТ ОТПРАВЛЕН: [1:375:7] (Qwerty), 83173532430 × Линкор, источник: главная луна cp=31694
[2026-09-08 15:59:48] 🌾 [farm] finishTarget [1:375:7]: queue 7→6, info={"ok":true,"count":83173532430,"ship":"Линкор","atk":{"ok":true,"stage":4,"confirmed":true,"resources":null}}
[2026-09-08 15:59:48] 🌾 [farm] [1:375:7] помечено как атакованное (кулдаун 1ч)
[2026-09-08 15:59:48] 🌾 [loop] farm результат: {"target":"1:375:7","ok":true,"count":83173532430,"ship":"Линкор","atk":{"ok":true,"stage":4,"confirmed":true,"resources":null}}
[2026-09-08 15:59:48] 🚀 [loop] expedition: выключен → пропускаем launchExpeditions
[2026-09-08 15:59:48] 📊 [tick] миссий: 23 (return:12 attack:3 expedition:2 unknown:6), атаки: 0
[2026-09-08 16:01:12] 🔘 [loop] флаги: farm=ON (Линкор), expedition=OFF (Линкор×300e9, Броненосец×3e9, Эсминец×2e9, Крейсер×7e9), safety=ON; reserveSlots=20
[2026-09-08 16:01:16] 🔒 [loop] safety: включён → запускаем runSafetyCheck
[2026-09-08 16:01:16] 🛡️ [safety] Главная луна 1:363:6: входящие=0
[2026-09-08 16:01:16] 🛡️ [safety] Атак на главную луну нет, эвакуированных флотов нет
[2026-09-08 16:01:16] 🌾 [loop] farm: включён → запускаем runFarmCycle
[2026-09-08 16:01:16] 🌾 [farm] ВХОД: analysis={"total":24,"outgoing":11,"returning":13,"byType":{"attack":4,"return":12,"expedition":2,"unknown":6},"activeSlots":11}
[2026-09-08 16:01:16] 🌾 [farm] Свободных миссий: 9 (занято 11/20)
[2026-09-08 16:01:16] 🌾 [farm] Состояние: queue=6, pendingReport=null, scanSystem=375, attacked=240, failed=11
[2026-09-08 16:01:16] 🌾 [farm] current_goal = [1:375:8] serega35py — отправляем шпионов (зондов: 5000)
[2026-09-08 16:01:17] 📍 [mission] Цель: 1:375:8 (mission=6), корабли источника: {"203":"523740130933","207":"238602190425","210":"5065819257"}
[2026-09-08 16:01:18] 🎯 [mission] Цель (стадия 2): {"galaxy":"1","system":"375","planet":"8","planet_type":"1"}
[2026-09-08 16:01:18] 🕵️ [spy] Шпионаж → 1:375:8 (serega35py) [sent]
[2026-09-08 16:01:20] 🌾 [farm] spyTargets: sent=[{"coords":"1:375:8","player":"serega35py","dryRun":false}], skipped=[], failed=[]
[2026-09-08 16:01:20] 🌾 [farm] Шпионы на [1:375:8] отправлены — ждём отчёт 60000мс
[2026-09-08 16:01:20] 🌾 [loop] farm результат: {"spied":"1:375:8","waitingReport":true}
[2026-09-08 16:01:20] 🚀 [loop] expedition: выключен → пропускаем launchExpeditions
[2026-09-08 16:01:20] 📊 [tick] миссий: 24 (attack:4 return:12 expedition:2 unknown:6), атаки: 0
[2026-09-08 16:02:40] 🔘 [loop] флаги: farm=ON (Линкор), expedition=OFF (Линкор×300e9, Броненосец×3e9, Эсминец×2e9, Крейсер×7e9), safety=ON; reserveSlots=20
[2026-09-08 16:02:41] 🔒 [loop] safety: включён → запускаем runSafetyCheck
[2026-09-08 16:02:41] 🛡️ [safety] Главная луна 1:363:6: входящие=0
[2026-09-08 16:02:41] 🛡️ [safety] Атак на главную луну нет, эвакуированных флотов нет
[2026-09-08 16:02:41] 🌾 [loop] farm: включён → запускаем runFarmCycle
[2026-09-08 16:02:41] 🌾 [farm] ВХОД: analysis={"total":23,"outgoing":10,"returning":13,"byType":{"return":12,"attack":3,"expedition":2,"unknown":6},"activeSlots":10}
[2026-09-08 16:02:41] 🌾 [farm] Свободных миссий: 10 (занято 10/20)
[2026-09-08 16:02:41] 🌾 [farm] Состояние: queue=6, pendingReport={"coords":"1:375:8","player":"serega35py","spiedAt":1788872480332}, scanSystem=375, attacked=240, failed=11
[2026-09-08 16:02:41] 🌾 [farm] Ждём отчёт по 1:375:8: прошло 81с из 60с
[2026-09-08 16:02:41] 🌾 [farm] Время вышло — ищем отчёт по 1:375:8
[2026-09-08 16:02:44] 🌾 [farm] Список сообщений (попытка 1): байт=733228, title="(нет title)", строк=100
[2026-09-08 16:02:44] 🌾 [farm] Сообщений: всего=100, шпионских по 1:375:8=1 — #85118037(08.09 - 16:01:32|Гл7 [1:375:8]|Шпионский доклад)
[2026-09-08 16:02:44] 🌾 [farm] #85118037 (inline): М=147561238491918, А=29446836278205, У=27504798322097, игрок= В момент шпионажа Место: 763 Очков: 9 111 589 019 264 ');
[2026-09-08 16:02:44] 🌾 [farm] Доклад « В момент шпионажа Место: 763 Очков: 9 111 589 019 264 ');» [1:375:8] (msg#85118037, src=inline): Металл 147561238491918, Алмаз 29446836278205, Уран 27504798322097 → Итого 204512873092220 → 136341915395 × Линкор (вместимость 1500)
[2026-09-08 16:02:44] 🌾 [farm] Атака: target=1:375:8, mission=1, ships={207: 136341915395} (Линкор), fromCp=31694, dryRun=false
[2026-09-08 16:02:45] 📍 [mission] Цель: 1:375:8 (mission=1), корабли источника: {"203":"523740130933","207":"238602190425","210":"5065819257"}
[2026-09-08 16:02:46] 🎯 [mission] Цель (стадия 2): {"galaxy":"1","system":"375","planet":"8","planet_type":"1"}
[2026-09-08 16:02:47] 🌾 [farm] Результат sendMission: ok=true, stage=4, confirmed=true, error=-
[2026-09-08 16:02:47] 🌾 [farm] ✅ ФЛОТ ОТПРАВЛЕН: [1:375:8] (serega35py), 136341915395 × Линкор, источник: главная луна cp=31694
[2026-09-08 16:02:47] 🌾 [farm] finishTarget [1:375:8]: queue 6→5, info={"ok":true,"count":136341915395,"ship":"Линкор","atk":{"ok":true,"stage":4,"confirmed":true,"resources":null}}
[2026-09-08 16:02:47] 🌾 [farm] [1:375:8] помечено как атакованное (кулдаун 1ч)
[2026-09-08 16:02:47] 🌾 [loop] farm результат: {"target":"1:375:8","ok":true,"count":136341915395,"ship":"Линкор","atk":{"ok":true,"stage":4,"confirmed":true,"resources":null}}
[2026-09-08 16:02:47] 🚀 [loop] expedition: выключен → пропускаем launchExpeditions
[2026-09-08 16:02:47] 📊 [tick] миссий: 23 (return:12 attack:3 expedition:2 unknown:6), атаки: 0
[2026-09-08 16:04:10] 🔘 [loop] флаги: farm=ON (Линкор), expedition=OFF (Линкор×300e9, Броненосец×3e9, Эсминец×2e9, Крейсер×7e9), safety=ON; reserveSlots=20
[2026-09-08 16:04:11] 🔒 [loop] safety: включён → запускаем runSafetyCheck
[2026-09-08 16:04:11] 🛡️ [safety] Главная луна 1:363:6: входящие=0
[2026-09-08 16:04:11] 🛡️ [safety] Атак на главную луну нет, эвакуированных флотов нет
[2026-09-08 16:04:11] 🌾 [loop] farm: включён → запускаем runFarmCycle
[2026-09-08 16:04:11] 🌾 [farm] ВХОД: analysis={"total":24,"outgoing":11,"returning":13,"byType":{"attack":4,"return":12,"expedition":2,"unknown":6},"activeSlots":11}
[2026-09-08 16:04:11] 🌾 [farm] Свободных миссий: 9 (занято 11/20)
[2026-09-08 16:04:11] 🌾 [farm] Состояние: queue=5, pendingReport=null, scanSystem=375, attacked=240, failed=11
[2026-09-08 16:04:11] 🌾 [farm] current_goal = [1:375:9] Б У М Е Р — отправляем шпионов (зондов: 5000)
[2026-09-08 16:04:13] 📍 [mission] Цель: 1:375:9 (mission=6), корабли источника: {"203":"523740130933","207":"192995662282","210":"5065819257"}
[2026-09-08 16:04:13] 🎯 [mission] Цель (стадия 2): {"galaxy":"1","system":"375","planet":"9","planet_type":"1"}
[2026-09-08 16:04:14] 🕵️ [spy] Шпионаж → 1:375:9 (Б У М Е Р) [sent]
[2026-09-08 16:04:15] 🌾 [farm] spyTargets: sent=[{"coords":"1:375:9","player":"Б У М Е Р","dryRun":false}], skipped=[], failed=[]
[2026-09-08 16:04:15] 🌾 [farm] Шпионы на [1:375:9] отправлены — ждём отчёт 60000мс
[2026-09-08 16:04:15] 🌾 [loop] farm результат: {"spied":"1:375:9","waitingReport":true}
[2026-09-08 16:04:15] 🚀 [loop] expedition: выключен → пропускаем launchExpeditions
[2026-09-08 16:04:15] 📊 [tick] миссий: 24 (attack:4 return:12 expedition:2 unknown:6), атаки: 0
[2026-09-08 16:05:34] 🔘 [loop] флаги: farm=ON (Линкор), expedition=OFF (Линкор×300e9, Броненосец×3e9, Эсминец×2e9, Крейсер×7e9), safety=ON; reserveSlots=20
[2026-09-08 16:05:35] 🔒 [loop] safety: включён → запускаем runSafetyCheck
[2026-09-08 16:05:35] 🛡️ [safety] Главная луна 1:363:6: входящие=0
[2026-09-08 16:05:35] 🛡️ [safety] Атак на главную луну нет, эвакуированных флотов нет
[2026-09-08 16:05:35] 🌾 [loop] farm: включён → запускаем runFarmCycle
[2026-09-08 16:05:35] 🌾 [farm] ВХОД: analysis={"total":23,"outgoing":10,"returning":13,"byType":{"attack":3,"return":12,"expedition":2,"unknown":6},"activeSlots":10}
[2026-09-08 16:05:35] 🌾 [farm] Свободных миссий: 10 (занято 10/20)
[2026-09-08 16:05:35] 🌾 [farm] Состояние: queue=5, pendingReport={"coords":"1:375:9","player":"Б У М Е Р","spiedAt":1788872655766}, scanSystem=375, attacked=240, failed=11
[2026-09-08 16:05:35] 🌾 [farm] Ждём отчёт по 1:375:9: прошло 80с из 60с
[2026-09-08 16:05:35] 🌾 [farm] Время вышло — ищем отчёт по 1:375:9
[2026-09-08 16:05:38] 🌾 [farm] Список сообщений (попытка 1): байт=717387, title="(нет title)", строк=100
[2026-09-08 16:05:38] 🌾 [farm] Сообщений: всего=100, шпионских по 1:375:9=1 — #85118103(08.09 - 16:04:28|Главный Шарик [1:375:9]|Шпионский доклад)
[2026-09-08 16:05:38] 🌾 [farm] #85118103 (inline): М=36544799719057, А=7386656176106, У=8777840259924, игрок= В момент шпионажа Место: 408 Очков: 70 595 377 232 223 Альянс: D O L G ');
[2026-09-08 16:05:38] 🌾 [farm] Доклад « В момент шпионажа Место: 408 Очков: 70 595 377 232 223 Альянс: D O L G ');» [1:375:9] (msg#85118103, src=inline): Металл 36544799719057, Алмаз 7386656176106, Уран 8777840259924 → Итого 52709296155087 → 35139530771 × Линкор (вместимость 1500)
[2026-09-08 16:05:38] 🌾 [farm] 1:375:9: алмазов 7386656176106 < минимума 15000000000000 — отмечаю как атакованную (накопится к следующему кругу)
[2026-09-08 16:05:38] 🌾 [farm] finishTarget [1:375:9]: queue 5→4, info={"skipped":"low_diamond","diamonds":7386656176106}
[2026-09-08 16:05:38] 🌾 [loop] farm результат: {"target":"1:375:9","skipped":"low_diamond","diamonds":7386656176106}
[2026-09-08 16:05:38] 🚀 [loop] expedition: выключен → пропускаем launchExpeditions
[2026-09-08 16:05:38] 📊 [tick] миссий: 23 (attack:3 return:12 expedition:2 unknown:6), атаки: 0
[2026-09-08 16:06:59] 🔘 [loop] флаги: farm=ON (Линкор), expedition=OFF (Линкор×300e9, Броненосец×3e9, Эсминец×2e9, Крейсер×7e9), safety=ON; reserveSlots=20
[2026-09-08 16:07:01] 🔒 [loop] safety: включён → запускаем runSafetyCheck
[2026-09-08 16:07:01] 🛡️ [safety] Главная луна 1:363:6: входящие=0
[2026-09-08 16:07:01] 🛡️ [safety] Атак на главную луну нет, эвакуированных флотов нет
[2026-09-08 16:07:01] 🌾 [loop] farm: включён → запускаем runFarmCycle
[2026-09-08 16:07:01] 🌾 [farm] ВХОД: analysis={"total":23,"outgoing":10,"returning":13,"byType":{"attack":3,"return":12,"expedition":2,"unknown":6},"activeSlots":10}
[2026-09-08 16:07:01] 🌾 [farm] Свободных миссий: 10 (занято 10/20)
[2026-09-08 16:07:01] 🌾 [farm] Состояние: queue=4, pendingReport=null, scanSystem=375, attacked=240, failed=11
[2026-09-08 16:07:01] 🌾 [farm] current_goal = [1:375:10] serega35py — отправляем шпионов (зондов: 5000)
[2026-09-08 16:07:02] 📍 [mission] Цель: 1:375:10 (mission=6), корабли источника: {"203":"523740130933","207":"192995662282","210":"5065819257"}
[2026-09-08 16:07:03] 🎯 [mission] Цель (стадия 2): {"galaxy":"1","system":"375","planet":"10","planet_type":"1"}
[2026-09-08 16:07:04] 🕵️ [spy] Шпионаж → 1:375:10 (serega35py) [sent]
[2026-09-08 16:07:05] 🌾 [farm] spyTargets: sent=[{"coords":"1:375:10","player":"serega35py","dryRun":false}], skipped=[], failed=[]
[2026-09-08 16:07:05] 🌾 [farm] Шпионы на [1:375:10] отправлены — ждём отчёт 60000мс
[2026-09-08 16:07:05] 🌾 [loop] farm результат: {"spied":"1:375:10","waitingReport":true}
[2026-09-08 16:07:05] 🚀 [loop] expedition: выключен → пропускаем launchExpeditions
[2026-09-08 16:07:05] 📊 [tick] миссий: 23 (attack:3 return:12 expedition:2 unknown:6), атаки: 0
[2026-09-08 16:08:32] 🔘 [loop] флаги: farm=ON (Линкор), expedition=OFF (Линкор×300e9, Броненосец×3e9, Эсминец×2e9, Крейсер×7e9), safety=ON; reserveSlots=20
[2026-09-08 16:08:33] 🔒 [loop] safety: включён → запускаем runSafetyCheck
[2026-09-08 16:08:33] 🛡️ [safety] Главная луна 1:363:6: входящие=0
[2026-09-08 16:08:33] 🛡️ [safety] Атак на главную луну нет, эвакуированных флотов нет
[2026-09-08 16:08:33] 🌾 [loop] farm: включён → запускаем runFarmCycle
[2026-09-08 16:08:33] 🌾 [farm] ВХОД: analysis={"total":22,"outgoing":9,"returning":13,"byType":{"return":12,"attack":2,"expedition":2,"unknown":6},"activeSlots":9}
[2026-09-08 16:08:33] 🌾 [farm] Свободных миссий: 11 (занято 9/20)
[2026-09-08 16:08:33] 🌾 [farm] Состояние: queue=4, pendingReport={"coords":"1:375:10","player":"serega35py","spiedAt":1788872825700}, scanSystem=375, attacked=240, failed=11
[2026-09-08 16:08:33] 🌾 [farm] Ждём отчёт по 1:375:10: прошло 88с из 60с
[2026-09-08 16:08:33] 🌾 [farm] Время вышло — ищем отчёт по 1:375:10
[2026-09-08 16:08:38] 🌾 [farm] Список сообщений (попытка 1): байт=695071, title="(нет title)", строк=100
[2026-09-08 16:08:38] 🌾 [farm] Сообщений: всего=100, шпионских по 1:375:10=1 — #85118305(08.09 - 16:07:18|Гл8 [1:375:10]|Шпионский доклад)
[2026-09-08 16:08:38] 🌾 [farm] #85118305 (inline): М=106762748133700, А=26422709742985, У=23249674345380, игрок= В момент шпионажа Место: 763 Очков: 9 111 589 019 264 ');
[2026-09-08 16:08:38] 🌾 [farm] Доклад « В момент шпионажа Место: 763 Очков: 9 111 589 019 264 ');» [1:375:10] (msg#85118305, src=inline): Металл 106762748133700, Алмаз 26422709742985, Уран 23249674345380 → Итого 156435132222065 → 104290088149 × Линкор (вместимость 1500)
[2026-09-08 16:08:38] 🌾 [farm] Атака: target=1:375:10, mission=1, ships={207: 104290088149} (Линкор), fromCp=31694, dryRun=false
[2026-09-08 16:08:39] 📍 [mission] Цель: 1:375:10 (mission=1), корабли источника: {"203":"523740130933","207":"192995662282","210":"5065819257"}
[2026-09-08 16:08:39] 🎯 [mission] Цель (стадия 2): {"galaxy":"1","system":"375","planet":"10","planet_type":"1"}
[2026-09-08 16:08:40] 🌾 [farm] Результат sendMission: ok=true, stage=4, confirmed=true, error=-
[2026-09-08 16:08:40] 🌾 [farm] ✅ ФЛОТ ОТПРАВЛЕН: [1:375:10] (serega35py), 104290088149 × Линкор, источник: главная луна cp=31694
[2026-09-08 16:08:40] 🌾 [farm] finishTarget [1:375:10]: queue 4→3, info={"ok":true,"count":104290088149,"ship":"Линкор","atk":{"ok":true,"stage":4,"confirmed":true,"resources":null}}
[2026-09-08 16:08:40] 🌾 [farm] [1:375:10] помечено как атакованное (кулдаун 1ч)
[2026-09-08 16:08:40] 🌾 [loop] farm результат: {"target":"1:375:10","ok":true,"count":104290088149,"ship":"Линкор","atk":{"ok":true,"stage":4,"confirmed":true,"resources":null}}
[2026-09-08 16:08:40] 🚀 [loop] expedition: выключен → пропускаем launchExpeditions
[2026-09-08 16:08:40] 📊 [tick] миссий: 22 (return:12 attack:2 expedition:2 unknown:6), атаки: 0
[2026-09-08 16:10:03] 🔘 [loop] флаги: farm=ON (Линкор), expedition=OFF (Линкор×300e9, Броненосец×3e9, Эсминец×2e9, Крейсер×7e9), safety=ON; reserveSlots=20
[2026-09-08 16:10:04] 🔒 [loop] safety: включён → запускаем runSafetyCheck
[2026-09-08 16:10:04] 🛡️ [safety] Главная луна 1:363:6: входящие=0
[2026-09-08 16:10:04] 🛡️ [safety] Атак на главную луну нет, эвакуированных флотов нет
[2026-09-08 16:10:04] 🌾 [loop] farm: включён → запускаем runFarmCycle
[2026-09-08 16:10:04] 🌾 [farm] ВХОД: analysis={"total":23,"outgoing":10,"returning":13,"byType":{"attack":3,"return":12,"expedition":2,"unknown":6},"activeSlots":10}
[2026-09-08 16:10:04] 🌾 [farm] Свободных миссий: 10 (занято 10/20)
[2026-09-08 16:10:04] 🌾 [farm] Состояние: queue=3, pendingReport=null, scanSystem=375, attacked=240, failed=11
[2026-09-08 16:10:04] 🌾 [farm] current_goal = [1:375:11] Светик — отправляем шпионов (зондов: 5000)
[2026-09-08 16:10:05] 📍 [mission] Цель: 1:375:11 (mission=6), корабли источника: {"203":"523740130933","207":"152741904951","210":"5065819257"}
[2026-09-08 16:10:06] 🎯 [mission] Цель (стадия 2): {"galaxy":"1","system":"375","planet":"11","planet_type":"1"}
[2026-09-08 16:10:06] 🕵️ [spy] Шпионаж → 1:375:11 (Светик) [sent]
[2026-09-08 16:10:08] 🌾 [farm] spyTargets: sent=[{"coords":"1:375:11","player":"Светик","dryRun":false}], skipped=[], failed=[]
[2026-09-08 16:10:08] 🌾 [farm] Шпионы на [1:375:11] отправлены — ждём отчёт 60000мс
[2026-09-08 16:10:08] 🌾 [loop] farm результат: {"spied":"1:375:11","waitingReport":true}
[2026-09-08 16:10:08] 🚀 [loop] expedition: выключен → пропускаем launchExpeditions
[2026-09-08 16:10:08] 📊 [tick] миссий: 23 (attack:3 return:12 expedition:2 unknown:6), атаки: 0
[2026-09-08 16:11:36] 🔘 [loop] флаги: farm=ON (Линкор), expedition=OFF (Линкор×300e9, Броненосец×3e9, Эсминец×2e9, Крейсер×7e9), safety=ON; reserveSlots=20
[2026-09-08 16:11:37] 🔒 [loop] safety: включён → запускаем runSafetyCheck
[2026-09-08 16:11:37] 🛡️ [safety] Главная луна 1:363:6: входящие=0
[2026-09-08 16:11:37] 🛡️ [safety] Атак на главную луну нет, эвакуированных флотов нет
[2026-09-08 16:11:37] 🌾 [loop] farm: включён → запускаем runFarmCycle
[2026-09-08 16:11:37] 🌾 [farm] ВХОД: analysis={"total":22,"outgoing":9,"returning":13,"byType":{"return":12,"attack":2,"expedition":2,"unknown":6},"activeSlots":9}
[2026-09-08 16:11:37] 🌾 [farm] Свободных миссий: 11 (занято 9/20)
[2026-09-08 16:11:37] 🌾 [farm] Состояние: queue=3, pendingReport={"coords":"1:375:11","player":"Светик","spiedAt":1788873008162}, scanSystem=375, attacked=240, failed=11
[2026-09-08 16:11:37] 🌾 [farm] Ждём отчёт по 1:375:11: прошло 89с из 60с
[2026-09-08 16:11:37] 🌾 [farm] Время вышло — ищем отчёт по 1:375:11
[2026-09-08 16:11:40] 🌾 [farm] Список сообщений (попытка 1): байт=680845, title="(нет title)", строк=100
[2026-09-08 16:11:40] 🌾 [farm] Сообщений: всего=100, шпионских по 1:375:11=1 — #85118436(08.09 - 16:10:20|Колония [1:375:11]|Шпионский доклад)
[2026-09-08 16:11:40] 🌾 [farm] #85118436 (inline): М=105302504705931, А=45460893632635, У=9267440354921, игрок= В момент шпионажа Место: 740 Очков: 10 196 508 402 152 Специальность: Шахтер ');
[2026-09-08 16:11:40] 🌾 [farm] Доклад « В момент шпионажа Место: 740 Очков: 10 196 508 402 152 Специальность: Шахтер ');» [1:375:11] (msg#85118436, src=inline): Металл 105302504705931, Алмаз 45460893632635, Уран 9267440354921 → Итого 160030838693487 → 106687225796 × Линкор (вместимость 1500)
[2026-09-08 16:11:40] 🌾 [farm] Атака: target=1:375:11, mission=1, ships={207: 106687225796} (Линкор), fromCp=31694, dryRun=false
[2026-09-08 16:11:41] 📍 [mission] Цель: 1:375:11 (mission=1), корабли источника: {"203":"523740130933","207":"152741904951","210":"5065819257"}
[2026-09-08 16:11:42] 🎯 [mission] Цель (стадия 2): {"galaxy":"1","system":"375","planet":"11","planet_type":"1"}
[2026-09-08 16:11:43] 🌾 [farm] Результат sendMission: ok=true, stage=4, confirmed=true, error=-
[2026-09-08 16:11:43] 🌾 [farm] ✅ ФЛОТ ОТПРАВЛЕН: [1:375:11] (Светик), 106687225796 × Линкор, источник: главная луна cp=31694
[2026-09-08 16:11:43] 🌾 [farm] finishTarget [1:375:11]: queue 3→2, info={"ok":true,"count":106687225796,"ship":"Линкор","atk":{"ok":true,"stage":4,"confirmed":true,"resources":null}}
[2026-09-08 16:11:43] 🌾 [farm] [1:375:11] помечено как атакованное (кулдаун 1ч)
[2026-09-08 16:11:43] 🌾 [loop] farm результат: {"target":"1:375:11","ok":true,"count":106687225796,"ship":"Линкор","atk":{"ok":true,"stage":4,"confirmed":true,"resources":null}}
[2026-09-08 16:11:43] 🚀 [loop] expedition: выключен → пропускаем launchExpeditions
[2026-09-08 16:11:43] 📊 [tick] миссий: 22 (return:12 attack:2 expedition:2 unknown:6), атаки: 0
[2026-09-08 16:13:02] 🔘 [loop] флаги: farm=ON (Линкор), expedition=OFF (Линкор×300e9, Броненосец×3e9, Эсминец×2e9, Крейсер×7e9), safety=ON; reserveSlots=20
[2026-09-08 16:13:03] 🔒 [loop] safety: включён → запускаем runSafetyCheck
[2026-09-08 16:13:03] 🛡️ [safety] Главная луна 1:363:6: входящие=0
[2026-09-08 16:13:03] 🛡️ [safety] Атак на главную луну нет, эвакуированных флотов нет
[2026-09-08 16:13:03] 🌾 [loop] farm: включён → запускаем runFarmCycle
[2026-09-08 16:13:03] 🌾 [farm] ВХОД: analysis={"total":23,"outgoing":10,"returning":13,"byType":{"attack":3,"return":12,"expedition":2,"unknown":6},"activeSlots":10}
[2026-09-08 16:13:03] 🌾 [farm] Свободных миссий: 10 (занято 10/20)
[2026-09-08 16:13:03] 🌾 [farm] Состояние: queue=2, pendingReport=null, scanSystem=375, attacked=240, failed=11
[2026-09-08 16:13:03] 🌾 [farm] current_goal = [1:375:13] izarg — отправляем шпионов (зондов: 5000)
[2026-09-08 16:13:04] 📍 [mission] Цель: 1:375:13 (mission=6), корабли источника: {"203":"523740130933","207":"131051773566","210":"5065819257"}
[2026-09-08 16:13:04] 🎯 [mission] Цель (стадия 2): {"galaxy":"1","system":"375","planet":"13","planet_type":"1"}
[2026-09-08 16:13:05] 🕵️ [spy] Шпионаж → 1:375:13 (izarg) [sent]
[2026-09-08 16:13:06] 🌾 [farm] spyTargets: sent=[{"coords":"1:375:13","player":"izarg","dryRun":false}], skipped=[], failed=[]
[2026-09-08 16:13:06] 🌾 [farm] Шпионы на [1:375:13] отправлены — ждём отчёт 60000мс
[2026-09-08 16:13:06] 🌾 [loop] farm результат: {"spied":"1:375:13","waitingReport":true}
[2026-09-08 16:13:06] 🚀 [loop] expedition: выключен → пропускаем launchExpeditions
[2026-09-08 16:13:06] 📊 [tick] миссий: 23 (attack:3 return:12 expedition:2 unknown:6), атаки: 0
[2026-09-08 16:14:23] 🔘 [loop] флаги: farm=ON (Линкор), expedition=OFF (Линкор×300e9, Броненосец×3e9, Эсминец×2e9, Крейсер×7e9), safety=ON; reserveSlots=20
[2026-09-08 16:14:24] 🔒 [loop] safety: включён → запускаем runSafetyCheck
[2026-09-08 16:14:24] 🛡️ [safety] Главная луна 1:363:6: входящие=0
[2026-09-08 16:14:24] 🛡️ [safety] Атак на главную луну нет, эвакуированных флотов нет
[2026-09-08 16:14:24] 🌾 [loop] farm: включён → запускаем runFarmCycle
[2026-09-08 16:14:24] 🌾 [farm] ВХОД: analysis={"total":22,"outgoing":9,"returning":13,"byType":{"return":12,"attack":2,"expedition":2,"unknown":6},"activeSlots":9}
[2026-09-08 16:14:24] 🌾 [farm] Свободных миссий: 11 (занято 9/20)
[2026-09-08 16:14:24] 🌾 [farm] Состояние: queue=2, pendingReport={"coords":"1:375:13","player":"izarg","spiedAt":1788873186910}, scanSystem=375, attacked=240, failed=11
[2026-09-08 16:14:24] 🌾 [farm] Ждём отчёт по 1:375:13: прошло 78с из 60с
[2026-09-08 16:14:24] 🌾 [farm] Время вышло — ищем отчёт по 1:375:13
[2026-09-08 16:14:27] 🌾 [farm] Список сообщений (попытка 1): байт=681442, title="(нет title)", строк=100
[2026-09-08 16:14:27] 🌾 [farm] Сообщений: всего=100, шпионских по 1:375:13=1 — #85118561(08.09 - 16:13:19|Ninth [1:375:13]|Шпионский доклад)
[2026-09-08 16:14:27] 🌾 [farm] #85118561 (inline): М=131463520695284, А=23628617426575, У=33907437974837, игрок= В момент шпионажа Место: 430 Очков: 59 249 970 227 855 ');
[2026-09-08 16:14:27] 🌾 [farm] Доклад « В момент шпионажа Место: 430 Очков: 59 249 970 227 855 ');» [1:375:13] (msg#85118561, src=inline): Металл 131463520695284, Алмаз 23628617426575, Уран 33907437974837 → Итого 188999576096696 → 125999717398 × Линкор (вместимость 1500)
[2026-09-08 16:14:27] 🌾 [farm] Атака: target=1:375:13, mission=1, ships={207: 125999717398} (Линкор), fromCp=31694, dryRun=false
[2026-09-08 16:14:29] 📍 [mission] Цель: 1:375:13 (mission=1), корабли источника: {"203":"523740130933","207":"131051773566","210":"5065819257"}
[2026-09-08 16:14:29] 🎯 [mission] Цель (стадия 2): {"galaxy":"1","system":"375","planet":"13","planet_type":"1"}
[2026-09-08 16:14:30] 🌾 [farm] Результат sendMission: ok=true, stage=4, confirmed=true, error=-
[2026-09-08 16:14:30] 🌾 [farm] ✅ ФЛОТ ОТПРАВЛЕН: [1:375:13] (izarg), 125999717398 × Линкор, источник: главная луна cp=31694
[2026-09-08 16:14:30] 🌾 [farm] finishTarget [1:375:13]: queue 2→1, info={"ok":true,"count":125999717398,"ship":"Линкор","atk":{"ok":true,"stage":4,"confirmed":true,"resources":null}}
[2026-09-08 16:14:30] 🌾 [farm] [1:375:13] помечено как атакованное (кулдаун 1ч)
[2026-09-08 16:14:30] 🌾 [loop] farm результат: {"target":"1:375:13","ok":true,"count":125999717398,"ship":"Линкор","atk":{"ok":true,"stage":4,"confirmed":true,"resources":null}}
[2026-09-08 16:14:30] 🚀 [loop] expedition: выключен → пропускаем launchExpeditions
[2026-09-08 16:14:30] 📊 [tick] миссий: 22 (return:12 attack:2 expedition:2 unknown:6), атаки: 0
[2026-09-08 16:15:46] 🔘 [loop] флаги: farm=ON (Линкор), expedition=OFF (Линкор×300e9, Броненосец×3e9, Эсминец×2e9, Крейсер×7e9), safety=ON; reserveSlots=20
[2026-09-08 16:15:47] 🔒 [loop] safety: включён → запускаем runSafetyCheck
[2026-09-08 16:15:47] 🛡️ [safety] Главная луна 1:363:6: входящие=0
[2026-09-08 16:15:47] 🛡️ [safety] Атак на главную луну нет, эвакуированных флотов нет
[2026-09-08 16:15:47] 🌾 [loop] farm: включён → запускаем runFarmCycle
[2026-09-08 16:15:47] 🌾 [farm] ВХОД: analysis={"total":24,"outgoing":10,"returning":14,"byType":{"return":13,"attack":3,"expedition":2,"unknown":6},"activeSlots":10}
[2026-09-08 16:15:47] 🌾 [farm] Свободных миссий: 10 (занято 10/20)
[2026-09-08 16:15:47] 🌾 [farm] Состояние: queue=1, pendingReport=null, scanSystem=375, attacked=240, failed=11
[2026-09-08 16:15:47] 🌾 [farm] current_goal = [1:375:15] арбонций — отправляем шпионов (зондов: 5000)
[2026-09-08 16:15:48] 📍 [mission] Цель: 1:375:15 (mission=6), корабли источника: {"203":"523740130933","207":"5052056168","210":"5065819257"}
[2026-09-08 16:15:49] 🎯 [mission] Цель (стадия 2): {"galaxy":"1","system":"375","planet":"15","planet_type":"1"}
[2026-09-08 16:15:49] 🕵️ [spy] Шпионаж → 1:375:15 (арбонций) [sent]
[2026-09-08 16:15:51] 🌾 [farm] spyTargets: sent=[{"coords":"1:375:15","player":"арбонций","dryRun":false}], skipped=[], failed=[]
[2026-09-08 16:15:51] 🌾 [farm] Шпионы на [1:375:15] отправлены — ждём отчёт 60000мс
[2026-09-08 16:15:51] 🌾 [loop] farm результат: {"spied":"1:375:15","waitingReport":true}
[2026-09-08 16:15:51] 🚀 [loop] expedition: выключен → пропускаем launchExpeditions
[2026-09-08 16:15:51] 📊 [tick] миссий: 24 (return:13 attack:3 expedition:2 unknown:6), атаки: 0
[2026-09-08 16:17:22] 🔘 [loop] флаги: farm=ON (Линкор), expedition=OFF (Линкор×300e9, Броненосец×3e9, Эсминец×2e9, Крейсер×7e9), safety=ON; reserveSlots=20
[2026-09-08 16:17:24] 🔒 [loop] safety: включён → запускаем runSafetyCheck
[2026-09-08 16:17:24] 🛡️ [safety] Главная луна 1:363:6: входящие=0
[2026-09-08 16:17:24] 🛡️ [safety] Атак на главную луну нет, эвакуированных флотов нет
[2026-09-08 16:17:24] 🌾 [loop] farm: включён → запускаем runFarmCycle
[2026-09-08 16:17:24] 🌾 [farm] ВХОД: analysis={"total":23,"outgoing":10,"returning":13,"byType":{"return":12,"attack":3,"expedition":2,"unknown":6},"activeSlots":10}
[2026-09-08 16:17:24] 🌾 [farm] Свободных миссий: 10 (занято 10/20)
[2026-09-08 16:17:24] 🌾 [farm] Состояние: queue=1, pendingReport={"coords":"1:375:15","player":"арбонций","spiedAt":1788873351396}, scanSystem=375, attacked=240, failed=11
[2026-09-08 16:17:24] 🌾 [farm] Ждём отчёт по 1:375:15: прошло 93с из 60с
[2026-09-08 16:17:24] 🌾 [farm] Время вышло — ищем отчёт по 1:375:15
[2026-09-08 16:17:26] 🌾 [farm] Список сообщений (попытка 1): байт=682295, title="(нет title)", строк=0
[2026-09-08 16:17:26] 🌾 [farm] строк=0 → снэпшот: /home/slabak/Documents/serverXG/debug/messages/empty-2026-09-08T13-17-26-821Z.html. Кусок: document.getElementById('massage-container').innerHTML = ' Сообщения \', LEFT, OFFSETY, -20);" onmouseout="return nd();"> 0 ' #modal_header_left{ background-position: -234px -52px; } #modal_header_left:hover{ background-position: -234px -78px; } Сообщения 10 20 30 40 50 60 70 80 90 100 Удалить отмеченные сообщения Удалить неотмеченные сообщения Удалить сообщения выше отмеченного Удалить сообщения 
[2026-09-08 16:17:31] 🌾 [farm] Список сообщений (попытка 2): байт=683789, title="(нет title)", строк=100
[2026-09-08 16:17:31] 🌾 [farm] Сообщений: всего=100, шпионских по 1:375:15=1 — #85118708(08.09 - 16:16:03|Колония [1:375:15]|Шпионский доклад)
[2026-09-08 16:17:31] 🌾 [farm] #85118708 (inline): М=94554899940423, А=26416024207292, У=17261512046348, игрок= В момент шпионажа Место: 823 Очков: 6 493 752 449 647 Специальность: Шахтер ');
[2026-09-08 16:17:31] 🌾 [farm] Доклад « В момент шпионажа Место: 823 Очков: 6 493 752 449 647 Специальность: Шахтер ');» [1:375:15] (msg#85118708, src=inline): Металл 94554899940423, Алмаз 26416024207292, Уран 17261512046348 → Итого 138232436194063 → 92154957463 × Линкор (вместимость 1500)
[2026-09-08 16:17:31] 🌾 [farm] Атака: target=1:375:15, mission=1, ships={207: 92154957463} (Линкор), fromCp=31694, dryRun=false
[2026-09-08 16:17:32] 📍 [mission] Цель: 1:375:15 (mission=1), корабли источника: {"203":"523740130933","207":"106067005312","210":"5065819257"}
[2026-09-08 16:17:32] 🎯 [mission] Цель (стадия 2): {"galaxy":"1","system":"375","planet":"15","planet_type":"1"}
[2026-09-08 16:17:33] 🌾 [farm] Результат sendMission: ok=true, stage=4, confirmed=true, error=-
[2026-09-08 16:17:33] 🌾 [farm] ✅ ФЛОТ ОТПРАВЛЕН: [1:375:15] (арбонций), 92154957463 × Линкор, источник: главная луна cp=31694
[2026-09-08 16:17:33] 🌾 [farm] finishTarget [1:375:15]: queue 1→0, info={"ok":true,"count":92154957463,"ship":"Линкор","atk":{"ok":true,"stage":4,"confirmed":true,"resources":null}}
[2026-09-08 16:17:33] 🌾 [farm] [1:375:15] помечено как атакованное (кулдаун 1ч)
[2026-09-08 16:17:33] 🌾 [loop] farm результат: {"target":"1:375:15","ok":true,"count":92154957463,"ship":"Линкор","atk":{"ok":true,"stage":4,"confirmed":true,"resources":null}}
[2026-09-08 16:17:33] 🚀 [loop] expedition: выключен → пропускаем launchExpeditions
[2026-09-08 16:17:33] 📊 [tick] миссий: 23 (return:12 attack:3 expedition:2 unknown:6), атаки: 0
[2026-09-08 16:18:44] 🔘 [loop] флаги: farm=ON (Линкор), expedition=OFF (Линкор×300e9, Броненосец×3e9, Эсминец×2e9, Крейсер×7e9), safety=ON; reserveSlots=20
[2026-09-08 16:18:46] 🔒 [loop] safety: включён → запускаем runSafetyCheck
[2026-09-08 16:18:46] 🛡️ [safety] Главная луна 1:363:6: входящие=0
[2026-09-08 16:18:46] 🛡️ [safety] Атак на главную луну нет, эвакуированных флотов нет
[2026-09-08 16:18:46] 🌾 [loop] farm: включён → запускаем runFarmCycle
[2026-09-08 16:18:46] 🌾 [farm] ВХОД: analysis={"total":25,"outgoing":11,"returning":14,"byType":{"return":13,"attack":4,"expedition":2,"unknown":6},"activeSlots":11}
[2026-09-08 16:18:46] 🌾 [farm] Свободных миссий: 9 (занято 11/20)
[2026-09-08 16:18:46] 🌾 [farm] Состояние: queue=0, pendingReport=null, scanSystem=375, attacked=240, failed=11
[2026-09-08 16:18:46] 🌾 [farm] Переход к системе 1:376 (range=30, было 375)
[2026-09-08 16:18:46] 🌾 [farm] Система 1:376 получена: планет в таблице=14
[2026-09-08 16:18:46] 🌾 [farm] Фильтры: ourCoords=1:363:6,1:257:13,1:260:9,1:318:1,1:331:12,1:364:9,1:364:14,1:369:4,1:378:12,1:521:15,1:610:11,1:611:5,1:907:15,1:918:1, busyCoords=22
[2026-09-08 16:18:46] 🌾 [farm] Неактивных после базовых фильтров: 10 — Quasar[1](lolonginactive), adff[3](lolonginactive), энлао[4](lolonginactive), tester45[7](lolonginactive), Якен[8](lolonginactive), Zema[9](lolonginactive), tester45[10](lolonginactive), KING[12](lolonginactive), fromk86[13](lolonginactive), DragK[14](lolonginactive)
[2026-09-08 16:18:46] 🌾 [farm] Система 1:376: в очередь 10 — Quasar[1], adff[3], энлао[4], tester45[7], Якен[8], Zema[9], tester45[10], KING[12], fromk86[13], DragK[14]
[2026-09-08 16:18:46] 🌾 [farm] current_goal = [1:376:1] Quasar — отправляем шпионов (зондов: 5000)
[2026-09-08 16:18:47] 📍 [mission] Цель: 1:376:1 (mission=6), корабли источника: {"203":"523740130933","207":"13912047849","210":"5065819257"}
[2026-09-08 16:18:48] 🎯 [mission] Цель (стадия 2): {"galaxy":"1","system":"376","planet":"1","planet_type":"1"}
[2026-09-08 16:18:49] 🕵️ [spy] Шпионаж → 1:376:1 (Quasar) [sent]
[2026-09-08 16:18:50] 🌾 [farm] spyTargets: sent=[{"coords":"1:376:1","player":"Quasar","dryRun":false}], skipped=[], failed=[]
[2026-09-08 16:18:50] 🌾 [farm] Шпионы на [1:376:1] отправлены — ждём отчёт 60000мс
[2026-09-08 16:18:50] 🌾 [loop] farm результат: {"spied":"1:376:1","waitingReport":true}
[2026-09-08 16:18:50] 🚀 [loop] expedition: выключен → пропускаем launchExpeditions
[2026-09-08 16:18:50] 📊 [tick] миссий: 25 (return:13 attack:4 expedition:2 unknown:6), атаки: 0
[2026-09-08 16:20:14] 🔘 [loop] флаги: farm=ON (Линкор), expedition=OFF (Линкор×300e9, Броненосец×3e9, Эсминец×2e9, Крейсер×7e9), safety=ON; reserveSlots=20
[2026-09-08 16:20:15] 🔒 [loop] safety: включён → запускаем runSafetyCheck
[2026-09-08 16:20:15] 🛡️ [safety] Главная луна 1:363:6: входящие=0
[2026-09-08 16:20:15] 🛡️ [safety] Атак на главную луну нет, эвакуированных флотов нет
[2026-09-08 16:20:15] 🌾 [loop] farm: включён → запускаем runFarmCycle
[2026-09-08 16:20:15] 🌾 [farm] ВХОД: analysis={"total":23,"outgoing":10,"returning":13,"byType":{"return":12,"attack":3,"expedition":2,"unknown":6},"activeSlots":10}
[2026-09-08 16:20:15] 🌾 [farm] Свободных миссий: 10 (занято 10/20)
[2026-09-08 16:20:15] 🌾 [farm] Состояние: queue=10, pendingReport={"coords":"1:376:1","player":"Quasar","spiedAt":1788873530526}, scanSystem=376, attacked=240, failed=11
[2026-09-08 16:20:15] 🌾 [farm] Ждём отчёт по 1:376:1: прошло 85с из 60с
[2026-09-08 16:20:15] 🌾 [farm] Время вышло — ищем отчёт по 1:376:1
[2026-09-08 16:20:18] 🌾 [farm] Список сообщений (попытка 1): байт=682040, title="(нет title)", строк=100
[2026-09-08 16:20:18] 🌾 [farm] Сообщений: всего=100, шпионских по 1:376:1=1 — #85119033(08.09 - 16:19:02|Колония [1:376:1]|Шпионский доклад)
[2026-09-08 16:20:18] 🌾 [farm] #85119033 (inline): М=68261576361594, А=37924226804061, У=21070143827652, игрок= В момент шпионажа Место: 499 Очков: 38 712 725 694 989 ');
[2026-09-08 16:20:18] 🌾 [farm] Доклад « В момент шпионажа Место: 499 Очков: 38 712 725 694 989 ');» [1:376:1] (msg#85119033, src=inline): Металл 68261576361594, Алмаз 37924226804061, Уран 21070143827652 → Итого 127255946993307 → 84837297996 × Линкор (вместимость 1500)
[2026-09-08 16:20:18] 🌾 [farm] Атака: target=1:376:1, mission=1, ships={207: 84837297996} (Линкор), fromCp=31694, dryRun=false
[2026-09-08 16:20:19] 📍 [mission] Цель: 1:376:1 (mission=1), корабли источника: {"203":"523740130933","207":"130010351455","210":"5065819257"}
[2026-09-08 16:20:19] 🎯 [mission] Цель (стадия 2): {"galaxy":"1","system":"376","planet":"1","planet_type":"1"}
[2026-09-08 16:20:20] 🌾 [farm] Результат sendMission: ok=true, stage=4, confirmed=true, error=-
[2026-09-08 16:20:20] 🌾 [farm] ✅ ФЛОТ ОТПРАВЛЕН: [1:376:1] (Quasar), 84837297996 × Линкор, источник: главная луна cp=31694
[2026-09-08 16:20:20] 🌾 [farm] finishTarget [1:376:1]: queue 10→9, info={"ok":true,"count":84837297996,"ship":"Линкор","atk":{"ok":true,"stage":4,"confirmed":true,"resources":null}}
[2026-09-08 16:20:20] 🌾 [farm] [1:376:1] помечено как атакованное (кулдаун 1ч)
[2026-09-08 16:20:20] 🌾 [loop] farm результат: {"target":"1:376:1","ok":true,"count":84837297996,"ship":"Линкор","atk":{"ok":true,"stage":4,"confirmed":true,"resources":null}}
[2026-09-08 16:20:20] 🚀 [loop] expedition: выключен → пропускаем launchExpeditions
[2026-09-08 16:20:20] 📊 [tick] миссий: 23 (return:12 attack:3 expedition:2 unknown:6), атаки: 0
[2026-09-08 16:21:47] 🔘 [loop] флаги: farm=ON (Линкор), expedition=OFF (Линкор×300e9, Броненосец×3e9, Эсминец×2e9, Крейсер×7e9), safety=ON; reserveSlots=20
[2026-09-08 16:21:49] 🔒 [loop] safety: включён → запускаем runSafetyCheck
[2026-09-08 16:21:49] 🛡️ [safety] Главная луна 1:363:6: входящие=0
[2026-09-08 16:21:49] 🛡️ [safety] Атак на главную луну нет, эвакуированных флотов нет
[2026-09-08 16:21:49] 🌾 [loop] farm: включён → запускаем runFarmCycle
[2026-09-08 16:21:49] 🌾 [farm] ВХОД: analysis={"total":25,"outgoing":11,"returning":14,"byType":{"return":13,"attack":4,"expedition":2,"unknown":6},"activeSlots":11}
[2026-09-08 16:21:49] 🌾 [farm] Свободных миссий: 9 (занято 11/20)
[2026-09-08 16:21:49] 🌾 [farm] Состояние: queue=9, pendingReport=null, scanSystem=376, attacked=240, failed=11
[2026-09-08 16:21:49] 🌾 [farm] current_goal = [1:376:3] adff — отправляем шпионов (зондов: 5000)
[2026-09-08 16:21:50] 📍 [mission] Цель: 1:376:3 (mission=6), корабли источника: {"203":"523740130933","207":"45173053459","210":"5065819257"}
[2026-09-08 16:21:51] 🎯 [mission] Цель (стадия 2): {"galaxy":"1","system":"376","planet":"3","planet_type":"1"}
[2026-09-08 16:21:51] 🕵️ [spy] Шпионаж → 1:376:3 (adff) [sent]
[2026-09-08 16:21:53] 🌾 [farm] spyTargets: sent=[{"coords":"1:376:3","player":"adff","dryRun":false}], skipped=[], failed=[]
[2026-09-08 16:21:53] 🌾 [farm] Шпионы на [1:376:3] отправлены — ждём отчёт 60000мс
[2026-09-08 16:21:53] 🌾 [loop] farm результат: {"spied":"1:376:3","waitingReport":true}
[2026-09-08 16:21:53] 🚀 [loop] expedition: выключен → пропускаем launchExpeditions
[2026-09-08 16:21:53] 📊 [tick] миссий: 25 (return:13 attack:4 expedition:2 unknown:6), атаки: 0
[2026-09-08 16:23:22] 🔘 [loop] флаги: farm=ON (Линкор), expedition=OFF (Линкор×300e9, Броненосец×3e9, Эсминец×2e9, Крейсер×7e9), safety=ON; reserveSlots=20
[2026-09-08 16:23:23] 🔒 [loop] safety: включён → запускаем runSafetyCheck
[2026-09-08 16:23:23] 🛡️ [safety] Главная луна 1:363:6: входящие=0
[2026-09-08 16:23:23] 🛡️ [safety] Атак на главную луну нет, эвакуированных флотов нет
[2026-09-08 16:23:23] 🌾 [loop] farm: включён → запускаем runFarmCycle
[2026-09-08 16:23:23] 🌾 [farm] ВХОД: analysis={"total":23,"outgoing":10,"returning":13,"byType":{"return":12,"attack":3,"expedition":2,"unknown":6},"activeSlots":10}
[2026-09-08 16:23:23] 🌾 [farm] Свободных миссий: 10 (занято 10/20)
[2026-09-08 16:23:23] 🌾 [farm] Состояние: queue=9, pendingReport={"coords":"1:376:3","player":"adff","spiedAt":1788873713351}, scanSystem=376, attacked=240, failed=11
[2026-09-08 16:23:23] 🌾 [farm] Ждём отчёт по 1:376:3: прошло 91с из 60с
[2026-09-08 16:23:23] 🌾 [farm] Время вышло — ищем отчёт по 1:376:3
[2026-09-08 16:23:27] 🌾 [farm] Список сообщений (попытка 1): байт=681835, title="(нет title)", строк=100
[2026-09-08 16:23:27] 🌾 [farm] Сообщений: всего=100, шпионских по 1:376:3=1 — #85119262(08.09 - 16:22:05|Колония [1:376:3]|Шпионский доклад)
[2026-09-08 16:23:27] 🌾 [farm] #85119262 (inline): М=33444987417755, А=18581544162969, У=5736593065174, игрок= В момент шпионажа Место: 877 Очков: 5 335 817 714 490 Альянс: Україна Специальность: Шахтер ');
[2026-09-08 16:23:27] 🌾 [farm] Доклад « В момент шпионажа Место: 877 Очков: 5 335 817 714 490 Альянс: Україна Специальность: Шахтер ');» [1:376:3] (msg#85119262, src=inline): Металл 33444987417755, Алмаз 18581544162969, Уран 5736593065174 → Итого 57763124645898 → 38508749764 × Линкор (вместимость 1500)
[2026-09-08 16:23:27] 🌾 [farm] Атака: target=1:376:3, mission=1, ships={207: 38508749764} (Линкор), fromCp=31694, dryRun=false
[2026-09-08 16:23:28] 📍 [mission] Цель: 1:376:3 (mission=1), корабли источника: {"203":"523740130933","207":"128346585889","210":"5065819257"}
[2026-09-08 16:23:29] 🎯 [mission] Цель (стадия 2): {"galaxy":"1","system":"376","planet":"3","planet_type":"1"}
[2026-09-08 16:23:29] 🌾 [farm] Результат sendMission: ok=true, stage=4, confirmed=true, error=-
[2026-09-08 16:23:29] 🌾 [farm] ✅ ФЛОТ ОТПРАВЛЕН: [1:376:3] (adff), 38508749764 × Линкор, источник: главная луна cp=31694
[2026-09-08 16:23:29] 🌾 [farm] finishTarget [1:376:3]: queue 9→8, info={"ok":true,"count":38508749764,"ship":"Линкор","atk":{"ok":true,"stage":4,"confirmed":true,"resources":null}}
[2026-09-08 16:23:29] 🌾 [farm] [1:376:3] помечено как атакованное (кулдаун 1ч)
[2026-09-08 16:23:29] 🌾 [loop] farm результат: {"target":"1:376:3","ok":true,"count":38508749764,"ship":"Линкор","atk":{"ok":true,"stage":4,"confirmed":true,"resources":null}}
[2026-09-08 16:23:29] 🚀 [loop] expedition: выключен → пропускаем launchExpeditions
[2026-09-08 16:23:29] 📊 [tick] миссий: 23 (return:12 attack:3 expedition:2 unknown:6), атаки: 0
[2026-09-08 16:24:54] 🔘 [loop] флаги: farm=ON (Линкор), expedition=OFF (Линкор×300e9, Броненосец×3e9, Эсминец×2e9, Крейсер×7e9), safety=ON; reserveSlots=20
[2026-09-08 16:24:56] 🔒 [loop] safety: включён → запускаем runSafetyCheck
[2026-09-08 16:24:56] 🛡️ [safety] Главная луна 1:363:6: входящие=0
[2026-09-08 16:24:56] 🛡️ [safety] Атак на главную луну нет, эвакуированных флотов нет
[2026-09-08 16:24:56] 🌾 [loop] farm: включён → запускаем runFarmCycle
[2026-09-08 16:24:56] 🌾 [farm] ВХОД: analysis={"total":25,"outgoing":11,"returning":14,"byType":{"return":13,"attack":4,"expedition":2,"unknown":6},"activeSlots":11}
[2026-09-08 16:24:56] 🌾 [farm] Свободных миссий: 9 (занято 11/20)
[2026-09-08 16:24:56] 🌾 [farm] Состояние: queue=8, pendingReport=null, scanSystem=376, attacked=240, failed=11
[2026-09-08 16:24:56] 🌾 [farm] current_goal = [1:376:4] энлао — отправляем шпионов (зондов: 5000)
[2026-09-08 16:24:57] 📍 [mission] Цель: 1:376:4 (mission=6), корабли источника: {"203":"523740130933","207":"89837836125","210":"5065819257"}
[2026-09-08 16:24:57] 🎯 [mission] Цель (стадия 2): {"galaxy":"1","system":"376","planet":"4","planet_type":"1"}
[2026-09-08 16:24:58] 🕵️ [spy] Шпионаж → 1:376:4 (энлао) [sent]
[2026-09-08 16:24:59] 🌾 [farm] spyTargets: sent=[{"coords":"1:376:4","player":"энлао","dryRun":false}], skipped=[], failed=[]
[2026-09-08 16:24:59] 🌾 [farm] Шпионы на [1:376:4] отправлены — ждём отчёт 60000мс
[2026-09-08 16:24:59] 🌾 [loop] farm результат: {"spied":"1:376:4","waitingReport":true}
[2026-09-08 16:24:59] 🚀 [loop] expedition: выключен → пропускаем launchExpeditions
[2026-09-08 16:24:59] 📊 [tick] миссий: 25 (return:13 attack:4 expedition:2 unknown:6), атаки: 0
[2026-09-08 16:26:29] 🔘 [loop] флаги: farm=ON (Линкор), expedition=OFF (Линкор×300e9, Броненосец×3e9, Эсминец×2e9, Крейсер×7e9), safety=ON; reserveSlots=20
[2026-09-08 16:26:30] 🔒 [loop] safety: включён → запускаем runSafetyCheck
[2026-09-08 16:26:30] 🛡️ [safety] Главная луна 1:363:6: входящие=0
[2026-09-08 16:26:30] 🛡️ [safety] Атак на главную луну нет, эвакуированных флотов нет
[2026-09-08 16:26:30] 🌾 [loop] farm: включён → запускаем runFarmCycle
[2026-09-08 16:26:30] 🌾 [farm] ВХОД: analysis={"total":23,"outgoing":10,"returning":13,"byType":{"attack":3,"return":12,"expedition":2,"unknown":6},"activeSlots":10}
[2026-09-08 16:26:30] 🌾 [farm] Свободных миссий: 10 (занято 10/20)
[2026-09-08 16:26:30] 🌾 [farm] Состояние: queue=8, pendingReport={"coords":"1:376:4","player":"энлао","spiedAt":1788873899794}, scanSystem=376, attacked=240, failed=11
[2026-09-08 16:26:30] 🌾 [farm] Ждём отчёт по 1:376:4: прошло 91с из 60с
[2026-09-08 16:26:30] 🌾 [farm] Время вышло — ищем отчёт по 1:376:4
[2026-09-08 16:26:34] 🌾 [farm] Список сообщений (попытка 1): байт=697034, title="(нет title)", строк=100
[2026-09-08 16:26:34] 🌾 [farm] Сообщений: всего=100, шпионских по 1:376:4=1 — #85119400(08.09 - 16:25:12|555 [1:376:4]|Шпионский доклад)
[2026-09-08 16:26:34] 🌾 [farm] #85119400 (inline): М=30757443785971, А=5275616836722, У=5275616836722, игрок= В момент шпионажа Место: 548 Очков: 29 113 744 434 732 Специальность: Шахтер ');
[2026-09-08 16:26:34] 🌾 [farm] Доклад « В момент шпионажа Место: 548 Очков: 29 113 744 434 732 Специальность: Шахтер ');» [1:376:4] (msg#85119400, src=inline): Металл 30757443785971, Алмаз 5275616836722, Уран 5275616836722 → Итого 41308677459415 → 27539118307 × Линкор (вместимость 1500)
[2026-09-08 16:26:34] 🌾 [farm] 1:376:4: алмазов 5275616836722 < минимума 15000000000000 — отмечаю как атакованную (накопится к следующему кругу)
[2026-09-08 16:26:34] 🌾 [farm] finishTarget [1:376:4]: queue 8→7, info={"skipped":"low_diamond","diamonds":5275616836722}
[2026-09-08 16:26:34] 🌾 [loop] farm результат: {"target":"1:376:4","skipped":"low_diamond","diamonds":5275616836722}
[2026-09-08 16:26:34] 🚀 [loop] expedition: выключен → пропускаем launchExpeditions
[2026-09-08 16:26:34] 📊 [tick] миссий: 23 (attack:3 return:12 expedition:2 unknown:6), атаки: 0
[2026-09-08 16:28:00] 🔘 [loop] флаги: farm=ON (Линкор), expedition=OFF (Линкор×300e9, Броненосец×3e9, Эсминец×2e9, Крейсер×7e9), safety=ON; reserveSlots=20
[2026-09-08 16:28:01] 🔒 [loop] safety: включён → запускаем runSafetyCheck
[2026-09-08 16:28:01] 🛡️ [safety] Главная луна 1:363:6: входящие=0
[2026-09-08 16:28:01] 🛡️ [safety] Атак на главную луну нет, эвакуированных флотов нет
[2026-09-08 16:28:01] 🌾 [loop] farm: включён → запускаем runFarmCycle
[2026-09-08 16:28:01] 🌾 [farm] ВХОД: analysis={"total":23,"outgoing":10,"returning":13,"byType":{"attack":3,"return":12,"expedition":2,"unknown":6},"activeSlots":10}
[2026-09-08 16:28:01] 🌾 [farm] Свободных миссий: 10 (занято 10/20)
[2026-09-08 16:28:01] 🌾 [farm] Состояние: queue=7, pendingReport=null, scanSystem=376, attacked=240, failed=11
[2026-09-08 16:28:01] 🌾 [farm] current_goal = [1:376:7] tester45 — отправляем шпионов (зондов: 5000)
[2026-09-08 16:28:02] 📍 [mission] Цель: 1:376:7 (mission=6), корабли источника: {"203":"523740130933","207":"226179751520","210":"5065819257"}
[2026-09-08 16:28:03] 🎯 [mission] Цель (стадия 2): {"galaxy":"1","system":"376","planet":"7","planet_type":"1"}
[2026-09-08 16:28:03] 🕵️ [spy] Шпионаж → 1:376:7 (tester45) [sent]
[2026-09-08 16:28:05] 🌾 [farm] spyTargets: sent=[{"coords":"1:376:7","player":"tester45","dryRun":false}], skipped=[], failed=[]
[2026-09-08 16:28:05] 🌾 [farm] Шпионы на [1:376:7] отправлены — ждём отчёт 60000мс
[2026-09-08 16:28:05] 🌾 [loop] farm результат: {"spied":"1:376:7","waitingReport":true}
[2026-09-08 16:28:05] 🚀 [loop] expedition: выключен → пропускаем launchExpeditions
[2026-09-08 16:28:05] 📊 [tick] миссий: 23 (attack:3 return:12 expedition:2 unknown:6), атаки: 0
[2026-09-08 16:29:37] 🔘 [loop] флаги: farm=ON (Линкор), expedition=OFF (Линкор×300e9, Броненосец×3e9, Эсминец×2e9, Крейсер×7e9), safety=ON; reserveSlots=20
[2026-09-08 16:29:39] 🔒 [loop] safety: включён → запускаем runSafetyCheck
[2026-09-08 16:29:39] 🛡️ [safety] Главная луна 1:363:6: входящие=0
[2026-09-08 16:29:39] 🛡️ [safety] Атак на главную луну нет, эвакуированных флотов нет
[2026-09-08 16:29:39] 🌾 [loop] farm: включён → запускаем runFarmCycle
[2026-09-08 16:29:39] 🌾 [farm] ВХОД: analysis={"total":22,"outgoing":9,"returning":13,"byType":{"return":12,"attack":2,"expedition":2,"unknown":6},"activeSlots":9}
[2026-09-08 16:29:39] 🌾 [farm] Свободных миссий: 11 (занято 9/20)
[2026-09-08 16:29:39] 🌾 [farm] Состояние: queue=7, pendingReport={"coords":"1:376:7","player":"tester45","spiedAt":1788874085347}, scanSystem=376, attacked=240, failed=11
[2026-09-08 16:29:39] 🌾 [farm] Ждём отчёт по 1:376:7: прошло 94с из 60с
[2026-09-08 16:29:39] 🌾 [farm] Время вышло — ищем отчёт по 1:376:7
[2026-09-08 16:29:42] 🌾 [farm] Список сообщений (попытка 1): байт=694238, title="(нет title)", строк=100
[2026-09-08 16:29:42] 🌾 [farm] Сообщений: всего=100, шпионских по 1:376:7=1 — #85119532(08.09 - 16:28:17|Колония [1:376:7]|Шпионский доклад)
[2026-09-08 16:29:42] 🌾 [farm] #85119532 (inline): М=85420776134834, А=21370207331147, У=21064451418106, игрок= В момент шпионажа Место: 503 Очков: 38 006 550 168 537 ');
[2026-09-08 16:29:42] 🌾 [farm] Доклад « В момент шпионажа Место: 503 Очков: 38 006 550 168 537 ');» [1:376:7] (msg#85119532, src=inline): Металл 85420776134834, Алмаз 21370207331147, Уран 21064451418106 → Итого 127855434884087 → 85236956590 × Линкор (вместимость 1500)
[2026-09-08 16:29:42] 🌾 [farm] Атака: target=1:376:7, mission=1, ships={207: 85236956590} (Линкор), fromCp=31694, dryRun=false
[2026-09-08 16:29:43] 📍 [mission] Цель: 1:376:7 (mission=1), корабли источника: {"203":"523740130933","207":"226179751520","210":"5065819257"}
[2026-09-08 16:29:43] 🎯 [mission] Цель (стадия 2): {"galaxy":"1","system":"376","planet":"7","planet_type":"1"}
[2026-09-08 16:29:44] 🌾 [farm] Результат sendMission: ok=true, stage=4, confirmed=true, error=-
[2026-09-08 16:29:44] 🌾 [farm] ✅ ФЛОТ ОТПРАВЛЕН: [1:376:7] (tester45), 85236956590 × Линкор, источник: главная луна cp=31694
[2026-09-08 16:29:44] 🌾 [farm] finishTarget [1:376:7]: queue 7→6, info={"ok":true,"count":85236956590,"ship":"Линкор","atk":{"ok":true,"stage":4,"confirmed":true,"resources":null}}
[2026-09-08 16:29:44] 🌾 [farm] [1:376:7] помечено как атакованное (кулдаун 1ч)
[2026-09-08 16:29:44] 🌾 [loop] farm результат: {"target":"1:376:7","ok":true,"count":85236956590,"ship":"Линкор","atk":{"ok":true,"stage":4,"confirmed":true,"resources":null}}
[2026-09-08 16:29:44] 🚀 [loop] expedition: выключен → пропускаем launchExpeditions
[2026-09-08 16:29:44] 📊 [tick] миссий: 22 (return:12 attack:2 expedition:2 unknown:6), атаки: 0
[2026-09-08 16:31:09] 🔘 [loop] флаги: farm=ON (Линкор), expedition=OFF (Линкор×300e9, Броненосец×3e9, Эсминец×2e9, Крейсер×7e9), safety=ON; reserveSlots=20
[2026-09-08 16:31:10] 🔒 [loop] safety: включён → запускаем runSafetyCheck
[2026-09-08 16:31:10] 🛡️ [safety] Главная луна 1:363:6: входящие=0
[2026-09-08 16:31:10] 🛡️ [safety] Атак на главную луну нет, эвакуированных флотов нет
[2026-09-08 16:31:10] 🌾 [loop] farm: включён → запускаем runFarmCycle
[2026-09-08 16:31:10] 🌾 [farm] ВХОД: analysis={"total":23,"outgoing":10,"returning":13,"byType":{"attack":3,"return":12,"expedition":2,"unknown":6},"activeSlots":10}
[2026-09-08 16:31:10] 🌾 [farm] Свободных миссий: 10 (занято 10/20)
[2026-09-08 16:31:10] 🌾 [farm] Состояние: queue=6, pendingReport=null, scanSystem=376, attacked=240, failed=11
[2026-09-08 16:31:10] 🌾 [farm] current_goal = [1:376:8] Якен — отправляем шпионов (зондов: 5000)
[2026-09-08 16:31:11] 📍 [mission] Цель: 1:376:8 (mission=6), корабли источника: {"203":"523740130933","207":"245232883079","210":"5065819257"}
[2026-09-08 16:31:12] 🎯 [mission] Цель (стадия 2): {"galaxy":"1","system":"376","planet":"8","planet_type":"1"}
[2026-09-08 16:31:12] 🕵️ [spy] Шпионаж → 1:376:8 (Якен) [sent]
[2026-09-08 16:31:14] 🌾 [farm] spyTargets: sent=[{"coords":"1:376:8","player":"Якен","dryRun":false}], skipped=[], failed=[]
[2026-09-08 16:31:14] 🌾 [farm] Шпионы на [1:376:8] отправлены — ждём отчёт 60000мс
[2026-09-08 16:31:14] 🌾 [loop] farm результат: {"spied":"1:376:8","waitingReport":true}
[2026-09-08 16:31:14] 🚀 [loop] expedition: выключен → пропускаем launchExpeditions
[2026-09-08 16:31:14] 📊 [tick] миссий: 23 (attack:3 return:12 expedition:2 unknown:6), атаки: 0
[2026-09-08 16:32:46] 🔘 [loop] флаги: farm=ON (Линкор), expedition=OFF (Линкор×300e9, Броненосец×3e9, Эсминец×2e9, Крейсер×7e9), safety=ON; reserveSlots=20
[2026-09-08 16:32:47] 🔒 [loop] safety: включён → запускаем runSafetyCheck
[2026-09-08 16:32:47] 🛡️ [safety] Главная луна 1:363:6: входящие=0
[2026-09-08 16:32:47] 🛡️ [safety] Атак на главную луну нет, эвакуированных флотов нет
[2026-09-08 16:32:47] 🌾 [loop] farm: включён → запускаем runFarmCycle
[2026-09-08 16:32:47] 🌾 [farm] ВХОД: analysis={"total":22,"outgoing":9,"returning":13,"byType":{"return":12,"attack":2,"expedition":2,"unknown":6},"activeSlots":9}
[2026-09-08 16:32:47] 🌾 [farm] Свободных миссий: 11 (занято 9/20)
[2026-09-08 16:32:47] 🌾 [farm] Состояние: queue=6, pendingReport={"coords":"1:376:8","player":"Якен","spiedAt":1788874274458}, scanSystem=376, attacked=240, failed=11
[2026-09-08 16:32:47] 🌾 [farm] Ждём отчёт по 1:376:8: прошло 93с из 60с
[2026-09-08 16:32:47] 🌾 [farm] Время вышло — ищем отчёт по 1:376:8
[2026-09-08 16:32:51] 🌾 [farm] Список сообщений (попытка 1): байт=680832, title="(нет title)", строк=100
[2026-09-08 16:32:51] 🌾 [farm] Сообщений: всего=100, шпионских по 1:376:8=1 — #85119642(08.09 - 16:31:26|Колония [1:376:8]|Шпионский доклад)
[2026-09-08 16:32:51] 🌾 [farm] #85119642 (inline): М=65036619998054, А=20074703961779, У=19456111759427, игрок= В момент шпионажа Место: 879 Очков: 5 301 948 183 079 ');
[2026-09-08 16:32:51] 🌾 [farm] Доклад « В момент шпионажа Место: 879 Очков: 5 301 948 183 079 ');» [1:376:8] (msg#85119642, src=inline): Металл 65036619998054, Алмаз 20074703961779, Уран 19456111759427 → Итого 104567435719260 → 69711623813 × Линкор (вместимость 1500)
[2026-09-08 16:32:51] 🌾 [farm] Атака: target=1:376:8, mission=1, ships={207: 69711623813} (Линкор), fromCp=31694, dryRun=false
[2026-09-08 16:32:52] 📍 [mission] Цель: 1:376:8 (mission=1), корабли источника: {"203":"523740130933","207":"245232883079","210":"5065819257"}
[2026-09-08 16:32:52] 🎯 [mission] Цель (стадия 2): {"galaxy":"1","system":"376","planet":"8","planet_type":"1"}
[2026-09-08 16:32:53] 🌾 [farm] Результат sendMission: ok=true, stage=4, confirmed=true, error=-
[2026-09-08 16:32:53] 🌾 [farm] ✅ ФЛОТ ОТПРАВЛЕН: [1:376:8] (Якен), 69711623813 × Линкор, источник: главная луна cp=31694
[2026-09-08 16:32:53] 🌾 [farm] finishTarget [1:376:8]: queue 6→5, info={"ok":true,"count":69711623813,"ship":"Линкор","atk":{"ok":true,"stage":4,"confirmed":true,"resources":null}}
[2026-09-08 16:32:53] 🌾 [farm] [1:376:8] помечено как атакованное (кулдаун 1ч)
[2026-09-08 16:32:53] 🌾 [loop] farm результат: {"target":"1:376:8","ok":true,"count":69711623813,"ship":"Линкор","atk":{"ok":true,"stage":4,"confirmed":true,"resources":null}}
[2026-09-08 16:32:53] 🚀 [loop] expedition: выключен → пропускаем launchExpeditions
[2026-09-08 16:32:53] 📊 [tick] миссий: 22 (return:12 attack:2 expedition:2 unknown:6), атаки: 0
[2026-09-08 16:34:20] 🔘 [loop] флаги: farm=ON (Линкор), expedition=OFF (Линкор×300e9, Броненосец×3e9, Эсминец×2e9, Крейсер×7e9), safety=ON; reserveSlots=20
[2026-09-08 16:34:27] 🔒 [loop] safety: включён → запускаем runSafetyCheck
[2026-09-08 16:34:27] 🛡️ [safety] Главная луна 1:363:6: входящие=0
[2026-09-08 16:34:27] 🛡️ [safety] Атак на главную луну нет, эвакуированных флотов нет
[2026-09-08 16:34:27] 🌾 [loop] farm: включён → запускаем runFarmCycle
[2026-09-08 16:34:27] 🌾 [farm] ВХОД: analysis={"total":23,"outgoing":10,"returning":13,"byType":{"attack":3,"return":12,"expedition":2,"unknown":6},"activeSlots":10}
[2026-09-08 16:34:27] 🌾 [farm] Свободных миссий: 10 (занято 10/20)
[2026-09-08 16:34:27] 🌾 [farm] Состояние: queue=5, pendingReport=null, scanSystem=376, attacked=240, failed=11
[2026-09-08 16:34:27] 🌾 [farm] current_goal = [1:376:9] Zema — отправляем шпионов (зондов: 5000)
[2026-09-08 16:34:28] 📍 [mission] Цель: 1:376:9 (mission=6), корабли источника: {"203":"523740130933","207":"282208485062","210":"5065819257"}
[2026-09-08 16:34:29] 🎯 [mission] Цель (стадия 2): {"galaxy":"1","system":"376","planet":"9","planet_type":"1"}
[2026-09-08 16:34:30] 🕵️ [spy] Шпионаж → 1:376:9 (Zema) [sent]
[2026-09-08 16:34:31] 🌾 [farm] spyTargets: sent=[{"coords":"1:376:9","player":"Zema","dryRun":false}], skipped=[], failed=[]
[2026-09-08 16:34:31] 🌾 [farm] Шпионы на [1:376:9] отправлены — ждём отчёт 60000мс
[2026-09-08 16:34:31] 🌾 [loop] farm результат: {"spied":"1:376:9","waitingReport":true}
[2026-09-08 16:34:31] 🚀 [loop] expedition: выключен → пропускаем launchExpeditions
[2026-09-08 16:34:31] 📊 [tick] миссий: 23 (attack:3 return:12 expedition:2 unknown:6), атаки: 0
[2026-09-08 16:35:44] 🔘 [loop] флаги: farm=ON (Линкор), expedition=OFF (Линкор×300e9, Броненосец×3e9, Эсминец×2e9, Крейсер×7e9), safety=ON; reserveSlots=20
[2026-09-08 16:35:45] 🔒 [loop] safety: включён → запускаем runSafetyCheck
[2026-09-08 16:35:45] 🛡️ [safety] Главная луна 1:363:6: входящие=0
[2026-09-08 16:35:45] 🛡️ [safety] Атак на главную луну нет, эвакуированных флотов нет
[2026-09-08 16:35:45] 🌾 [loop] farm: включён → запускаем runFarmCycle
[2026-09-08 16:35:45] 🌾 [farm] ВХОД: analysis={"total":22,"outgoing":9,"returning":13,"byType":{"return":12,"attack":2,"expedition":2,"unknown":6},"activeSlots":9}
[2026-09-08 16:35:45] 🌾 [farm] Свободных миссий: 11 (занято 9/20)
[2026-09-08 16:35:45] 🌾 [farm] Состояние: queue=5, pendingReport={"coords":"1:376:9","player":"Zema","spiedAt":1788874471719}, scanSystem=376, attacked=240, failed=11
[2026-09-08 16:35:45] 🌾 [farm] Ждём отчёт по 1:376:9: прошло 74с из 60с
[2026-09-08 16:35:45] 🌾 [farm] Время вышло — ищем отчёт по 1:376:9
[2026-09-08 16:35:48] 🌾 [farm] Список сообщений (попытка 1): байт=680232, title="(нет title)", строк=100
[2026-09-08 16:35:48] 🌾 [farm] Сообщений: всего=100, шпионских по 1:376:9=1 — #85119903(08.09 - 16:34:44|3 [1:376:9]|Шпионский доклад)
[2026-09-08 16:35:48] 🌾 [farm] #85119903 (inline): М=85894837681112, А=13698196915564, У=18302874198423, игрок= В момент шпионажа Место: 328 Очков: 121 340 929 351 980 Специальность: Летчик ');
[2026-09-08 16:35:48] 🌾 [farm] Доклад « В момент шпионажа Место: 328 Очков: 121 340 929 351 980 Специальность: Летчик ');» [1:376:9] (msg#85119903, src=inline): Металл 85894837681112, Алмаз 13698196915564, Уран 18302874198423 → Итого 117895908795099 → 78597272531 × Линкор (вместимость 1500)
[2026-09-08 16:35:48] 🌾 [farm] 1:376:9: алмазов 13698196915564 < минимума 15000000000000 — отмечаю как атакованную (накопится к следующему кругу)
[2026-09-08 16:35:48] 🌾 [farm] finishTarget [1:376:9]: queue 5→4, info={"skipped":"low_diamond","diamonds":13698196915564}
[2026-09-08 16:35:48] 🌾 [loop] farm результат: {"target":"1:376:9","skipped":"low_diamond","diamonds":13698196915564}
[2026-09-08 16:35:48] 🚀 [loop] expedition: выключен → пропускаем launchExpeditions
[2026-09-08 16:35:48] 📊 [tick] миссий: 22 (return:12 attack:2 expedition:2 unknown:6), атаки: 0
[2026-09-08 16:37:07] 🔘 [loop] флаги: farm=ON (Линкор), expedition=OFF (Линкор×300e9, Броненосец×3e9, Эсминец×2e9, Крейсер×7e9), safety=ON; reserveSlots=20
[2026-09-08 16:37:08] 🔒 [loop] safety: включён → запускаем runSafetyCheck
[2026-09-08 16:37:08] 🛡️ [safety] Главная луна 1:363:6: входящие=0
[2026-09-08 16:37:08] 🛡️ [safety] Атак на главную луну нет, эвакуированных флотов нет
[2026-09-08 16:37:08] 🌾 [loop] farm: включён → запускаем runFarmCycle
[2026-09-08 16:37:08] 🌾 [farm] ВХОД: analysis={"total":21,"outgoing":9,"returning":12,"byType":{"return":11,"attack":2,"expedition":2,"unknown":6},"activeSlots":9}
[2026-09-08 16:37:08] 🌾 [farm] Свободных миссий: 11 (занято 9/20)
[2026-09-08 16:37:08] 🌾 [farm] Состояние: queue=4, pendingReport=null, scanSystem=376, attacked=240, failed=11
[2026-09-08 16:37:08] 🌾 [farm] current_goal = [1:376:10] tester45 — отправляем шпионов (зондов: 5000)
[2026-09-08 16:37:09] 📍 [mission] Цель: 1:376:10 (mission=6), корабли источника: {"203":"523740130933","207":"408208202460","210":"5065819257"}
[2026-09-08 16:37:10] 🎯 [mission] Цель (стадия 2): {"galaxy":"1","system":"376","planet":"10","planet_type":"1"}
[2026-09-08 16:37:11] 🕵️ [spy] Шпионаж → 1:376:10 (tester45) [sent]
[2026-09-08 16:37:12] 🌾 [farm] spyTargets: sent=[{"coords":"1:376:10","player":"tester45","dryRun":false}], skipped=[], failed=[]
[2026-09-08 16:37:12] 🌾 [farm] Шпионы на [1:376:10] отправлены — ждём отчёт 60000мс
[2026-09-08 16:37:12] 🌾 [loop] farm результат: {"spied":"1:376:10","waitingReport":true}
[2026-09-08 16:37:12] 🚀 [loop] expedition: выключен → пропускаем launchExpeditions
[2026-09-08 16:37:12] 📊 [tick] миссий: 21 (return:11 attack:2 expedition:2 unknown:6), атаки: 0
[2026-09-08 16:38:45] 🔘 [loop] флаги: farm=ON (Линкор), expedition=OFF (Линкор×300e9, Броненосец×3e9, Эсминец×2e9, Крейсер×7e9), safety=ON; reserveSlots=20
[2026-09-08 16:38:46] 🔒 [loop] safety: включён → запускаем runSafetyCheck
[2026-09-08 16:38:46] 🛡️ [safety] Главная луна 1:363:6: входящие=0
[2026-09-08 16:38:46] 🛡️ [safety] Атак на главную луну нет, эвакуированных флотов нет
[2026-09-08 16:38:46] 🌾 [loop] farm: включён → запускаем runFarmCycle
[2026-09-08 16:38:46] 🌾 [farm] ВХОД: analysis={"total":21,"outgoing":9,"returning":12,"byType":{"return":11,"attack":2,"expedition":2,"unknown":6},"activeSlots":9}
[2026-09-08 16:38:46] 🌾 [farm] Свободных миссий: 11 (занято 9/20)
[2026-09-08 16:38:46] 🌾 [farm] Состояние: queue=4, pendingReport={"coords":"1:376:10","player":"tester45","spiedAt":1788874632683}, scanSystem=376, attacked=240, failed=11
[2026-09-08 16:38:46] 🌾 [farm] Ждём отчёт по 1:376:10: прошло 94с из 60с
[2026-09-08 16:38:46] 🌾 [farm] Время вышло — ищем отчёт по 1:376:10
[2026-09-08 16:38:46] 👋 [server] Остановка...
[2026-09-08 16:38:46] 🌾 [farm] Список сообщений (попытка 1, /messages.php?mode=show&messcat=100): не открылся — apiRequestContext.get: Request context disposed.
Call log:
[2m  - → GET https://crazy.xgame-online.com/messages.php?mode=show&messcat=100[22m
[2m    - user-agent: Mozilla/5.0 (iPhone; CPU iPhone OS 17_0 like Mac OS X) AppleWebKit/605.1.15 (KHTML, like Gecko) Version/17.0 Mobile/15E148 Safari/604.1[22m
[2m    - accept: */*[22m
[2m    - accept-encoding: gzip,deflate,br[22m
[2m    - cookie: _ga=GA1.1.2083206424.1779783096; PHPSESSID=ae0ae5e49c3825e76ba3e8f5faa2e23b; _ga_DZ93YRZXD9=GS2.1.s1787333531$o2$g0$t1787333531$j60$l0$h0[22m

[2026-09-08 16:38:46] 🌾 [farm] Список сообщений (попытка 2, /messages.php?mode=show&messcat=100&_cb=1788874726354): не открылся — apiRequestContext.get: Target page, context or browser has been closed
[2026-09-08 16:38:46] 🌾 [farm] Отчёта по 1:376:10 пока нет — ждём до следующего тика
[2026-09-08 16:38:46] 🌾 [loop] farm результат: {"waiting":"1:376:10"}
[2026-09-08 16:38:46] 🚀 [loop] expedition: выключен → пропускаем launchExpeditions
[2026-09-08 16:38:46] 📊 [tick] миссий: 21 (return:11 attack:2 expedition:2 unknown:6), атаки: 0
[2026-09-08 16:38:57] 🚀 [server] Запускаем...
[2026-09-08 16:38:57] 🖥️  [server] Режим браузера: с UI
[2026-09-08 16:38:57] 🧭 [server] PORT из env: 3000
[2026-09-08 16:38:57] 🌐 [server] Health-сервер реально запущен на :3000
[2026-09-08 16:38:57] 🌐 [server] Живая страница: http://localhost:3000/controls
[2026-09-08 16:38:57] 🍪 [session] Найдена сохранённая сессия, проверяем...
[2026-09-08 16:38:58] ✅ [session] Сессия активна — логин не нужен
[2026-09-08 16:38:58] 🤖 Бот запущен. Интервал: 90с (±10%)
[2026-09-08 16:38:58] 🔘 [loop] флаги: farm=ON (Линкор), expedition=OFF (Линкор×300e9, Броненосец×3e9, Эсминец×2e9, Крейсер×7e9), safety=ON; reserveSlots=20
[2026-09-08 16:38:59] 🔒 [loop] safety: включён → запускаем runSafetyCheck
[2026-09-08 16:38:59] 🛡️ [safety] Главная луна 1:363:6: входящие=0
[2026-09-08 16:38:59] 🛡️ [safety] Атак на главную луну нет, эвакуированных флотов нет
[2026-09-08 16:38:59] 🌾 [loop] farm: включён → запускаем runFarmCycle
[2026-09-08 16:38:59] 🌾 [farm] ВХОД: analysis={"total":21,"outgoing":9,"returning":12,"byType":{"return":11,"attack":2,"expedition":2,"unknown":6},"activeSlots":9}
[2026-09-08 16:38:59] 🌾 [farm] Свободных миссий: 11 (занято 9/20)
[2026-09-08 16:38:59] 🌾 [farm] Состояние: queue=4, pendingReport={"coords":"1:376:10","player":"tester45","spiedAt":1788874632683}, scanSystem=376, attacked=240, failed=11
[2026-09-08 16:38:59] 🌾 [farm] Ждём отчёт по 1:376:10: прошло 107с из 60с
[2026-09-08 16:38:59] 🌾 [farm] Время вышло — ищем отчёт по 1:376:10
[2026-09-08 16:39:02] 🌾 [farm] Список сообщений (попытка 1): байт=671850, title="(нет title)", строк=100
[2026-09-08 16:39:02] 🌾 [farm] Сообщений: всего=100, шпионских по 1:376:10=1 — #85120080(08.09 - 16:37:25|Колония [1:376:10]|Шпионский доклад)
[2026-09-08 16:39:02] 🌾 [farm] #85120080 (inline): М=76498808695625, А=19138147373196, У=19370572892383, игрок= В момент шпионажа Место: 503 Очков: 38 006 550 168 537 ');
[2026-09-08 16:39:02] 🌾 [farm] Доклад « В момент шпионажа Место: 503 Очков: 38 006 550 168 537 ');» [1:376:10] (msg#85120080, src=inline): Металл 76498808695625, Алмаз 19138147373196, Уран 19370572892383 → Итого 115007528961204 → 76671685975 × Линкор (вместимость 1500)
[2026-09-08 16:39:02] 🌾 [farm] Атака: target=1:376:10, mission=1, ships={207: 76671685975} (Линкор), fromCp=31694, dryRun=false
[2026-09-08 16:39:03] 📍 [mission] Цель: 1:376:10 (mission=1), корабли источника: {"203":"523740130933","207":"408208202460","210":"5065819257"}
[2026-09-08 16:39:03] 🎯 [mission] Цель (стадия 2): {"galaxy":"1","system":"376","planet":"10","planet_type":"1"}
[2026-09-08 16:39:04] 🌾 [farm] Результат sendMission: ok=true, stage=4, confirmed=true, error=-
[2026-09-08 16:39:04] 🌾 [farm] ✅ ФЛОТ ОТПРАВЛЕН: [1:376:10] (tester45), 76671685975 × Линкор, источник: главная луна cp=31694
[2026-09-08 16:39:04] 🌾 [farm] finishTarget [1:376:10]: queue 4→3, info={"ok":true,"count":76671685975,"ship":"Линкор","atk":{"ok":true,"stage":4,"confirmed":true,"resources":null}}
[2026-09-08 16:39:04] 🌾 [farm] [1:376:10] помечено как атакованное (кулдаун 1ч)
[2026-09-08 16:39:04] 🌾 [loop] farm результат: {"target":"1:376:10","ok":true,"count":76671685975,"ship":"Линкор","atk":{"ok":true,"stage":4,"confirmed":true,"resources":null}}
[2026-09-08 16:39:04] 🚀 [loop] expedition: выключен → пропускаем launchExpeditions
[2026-09-08 16:39:04] 📊 [tick] миссий: 21 (return:11 attack:2 expedition:2 unknown:6), атаки: 0
[2026-09-08 16:40:24] 🔘 [loop] флаги: farm=ON (Линкор), expedition=OFF (Линкор×300e9, Броненосец×3e9, Эсминец×2e9, Крейсер×7e9), safety=ON; reserveSlots=20
[2026-09-08 16:40:25] 🔒 [loop] safety: включён → запускаем runSafetyCheck
[2026-09-08 16:40:26] 🛡️ [safety] Главная луна 1:363:6: входящие=0
[2026-09-08 16:40:26] 🛡️ [safety] Атак на главную луну нет, эвакуированных флотов нет
[2026-09-08 16:40:26] 🌾 [loop] farm: включён → запускаем runFarmCycle
[2026-09-08 16:40:26] 🌾 [farm] ВХОД: analysis={"total":22,"outgoing":10,"returning":12,"byType":{"attack":3,"return":11,"expedition":2,"unknown":6},"activeSlots":10}
[2026-09-08 16:40:26] 🌾 [farm] Свободных миссий: 10 (занято 10/20)
[2026-09-08 16:40:26] 🌾 [farm] Состояние: queue=3, pendingReport=null, scanSystem=376, attacked=240, failed=11
[2026-09-08 16:40:26] 🌾 [farm] current_goal = [1:376:12] KING — отправляем шпионов (зондов: 5000)
[2026-09-08 16:40:26] 📍 [mission] Цель: 1:376:12 (mission=6), корабли источника: {"203":"523740130933","207":"423691473948","210":"5065819257"}
[2026-09-08 16:40:27] 🎯 [mission] Цель (стадия 2): {"galaxy":"1","system":"376","planet":"12","planet_type":"1"}
[2026-09-08 16:40:28] 🕵️ [spy] Шпионаж → 1:376:12 (KING) [sent]
[2026-09-08 16:40:30] 🌾 [farm] spyTargets: sent=[{"coords":"1:376:12","player":"KING","dryRun":false}], skipped=[], failed=[]
[2026-09-08 16:40:30] 🌾 [farm] Шпионы на [1:376:12] отправлены — ждём отчёт 60000мс
[2026-09-08 16:40:30] 🌾 [loop] farm результат: {"spied":"1:376:12","waitingReport":true}
[2026-09-08 16:40:30] 🚀 [loop] expedition: выключен → пропускаем launchExpeditions
[2026-09-08 16:40:30] 📊 [tick] миссий: 22 (attack:3 return:11 expedition:2 unknown:6), атаки: 0
[2026-09-08 16:41:56] 🔘 [loop] флаги: farm=ON (Линкор), expedition=OFF (Линкор×300e9, Броненосец×3e9, Эсминец×2e9, Крейсер×7e9), safety=ON; reserveSlots=20
[2026-09-08 16:41:57] 🔒 [loop] safety: включён → запускаем runSafetyCheck
[2026-09-08 16:41:57] 🛡️ [safety] Главная луна 1:363:6: входящие=0
[2026-09-08 16:41:57] 🛡️ [safety] Атак на главную луну нет, эвакуированных флотов нет
[2026-09-08 16:41:57] 🌾 [loop] farm: включён → запускаем runFarmCycle
[2026-09-08 16:41:57] 🌾 [farm] ВХОД: analysis={"total":21,"outgoing":9,"returning":12,"byType":{"return":11,"attack":2,"expedition":2,"unknown":6},"activeSlots":9}
[2026-09-08 16:41:57] 🌾 [farm] Свободных миссий: 11 (занято 9/20)
[2026-09-08 16:41:57] 🌾 [farm] Состояние: queue=3, pendingReport={"coords":"1:376:12","player":"KING","spiedAt":1788874830084}, scanSystem=376, attacked=240, failed=11
[2026-09-08 16:41:57] 🌾 [farm] Ждём отчёт по 1:376:12: прошло 87с из 60с
[2026-09-08 16:41:57] 🌾 [farm] Время вышло — ищем отчёт по 1:376:12
[2026-09-08 16:42:00] 🌾 [farm] Список сообщений (попытка 1): байт=661464, title="(нет title)", строк=100
[2026-09-08 16:42:00] 🌾 [farm] Сообщений: всего=100, шпионских по 1:376:12=1 — #85120318(08.09 - 16:40:42|Колония [1:376:12]|Шпионский доклад)
[2026-09-08 16:42:00] 🌾 [farm] #85120318 (inline): М=11706764316951, А=6504886779259, У=6504886779259, игрок= В момент шпионажа Место: 929 Очков: 4 026 641 540 008 ');
[2026-09-08 16:42:00] 🌾 [farm] Доклад « В момент шпионажа Место: 929 Очков: 4 026 641 540 008 ');» [1:376:12] (msg#85120318, src=inline): Металл 11706764316951, Алмаз 6504886779259, Уран 6504886779259 → Итого 24716537875469 → 16477691917 × Линкор (вместимость 1500)
[2026-09-08 16:42:00] 🌾 [farm] 1:376:12: алмазов 6504886779259 < минимума 15000000000000 — отмечаю как атакованную (накопится к следующему кругу)
[2026-09-08 16:42:00] 🌾 [farm] finishTarget [1:376:12]: queue 3→2, info={"skipped":"low_diamond","diamonds":6504886779259}
[2026-09-08 16:42:00] 🌾 [loop] farm результат: {"target":"1:376:12","skipped":"low_diamond","diamonds":6504886779259}
[2026-09-08 16:42:00] 🚀 [loop] expedition: выключен → пропускаем launchExpeditions
[2026-09-08 16:42:00] 📊 [tick] миссий: 21 (return:11 attack:2 expedition:2 unknown:6), атаки: 0
[2026-09-08 16:43:30] 🔘 [loop] флаги: farm=ON (Линкор), expedition=OFF (Линкор×300e9, Броненосец×3e9, Эсминец×2e9, Крейсер×7e9), safety=ON; reserveSlots=20
[2026-09-08 16:43:31] 🔒 [loop] safety: включён → запускаем runSafetyCheck
[2026-09-08 16:43:31] 🛡️ [safety] Главная луна 1:363:6: входящие=0
[2026-09-08 16:43:31] 🛡️ [safety] Атак на главную луну нет, эвакуированных флотов нет
[2026-09-08 16:43:31] 🌾 [loop] farm: включён → запускаем runFarmCycle
[2026-09-08 16:43:31] 🌾 [farm] ВХОД: analysis={"total":20,"outgoing":9,"returning":11,"byType":{"attack":2,"return":10,"expedition":2,"unknown":6},"activeSlots":9}
[2026-09-08 16:43:31] 🌾 [farm] Свободных миссий: 11 (занято 9/20)
[2026-09-08 16:43:31] 🌾 [farm] Состояние: queue=2, pendingReport=null, scanSystem=376, attacked=240, failed=11
[2026-09-08 16:43:31] 🌾 [farm] current_goal = [1:376:13] fromk86 — отправляем шпионов (зондов: 5000)
[2026-09-08 16:43:33] 📍 [mission] Цель: 1:376:13 (mission=6), корабли источника: {"203":"523740130933","207":"508528771944","210":"5065819257"}
[2026-09-08 16:43:33] 🎯 [mission] Цель (стадия 2): {"galaxy":"1","system":"376","planet":"13","planet_type":"1"}
[2026-09-08 16:43:34] 🕵️ [spy] Шпионаж → 1:376:13 (fromk86) [sent]
[2026-09-08 16:43:35] 🌾 [farm] spyTargets: sent=[{"coords":"1:376:13","player":"fromk86","dryRun":false}], skipped=[], failed=[]
[2026-09-08 16:43:35] 🌾 [farm] Шпионы на [1:376:13] отправлены — ждём отчёт 60000мс
[2026-09-08 16:43:35] 🌾 [loop] farm результат: {"spied":"1:376:13","waitingReport":true}
[2026-09-08 16:43:35] 🚀 [loop] expedition: выключен → пропускаем launchExpeditions
[2026-09-08 16:43:35] 📊 [tick] миссий: 20 (attack:2 return:10 expedition:2 unknown:6), атаки: 0
[2026-09-08 16:45:01] 🔘 [loop] флаги: farm=ON (Линкор), expedition=OFF (Линкор×300e9, Броненосец×3e9, Эсминец×2e9, Крейсер×7e9), safety=ON; reserveSlots=20
[2026-09-08 16:45:03] 🔒 [loop] safety: включён → запускаем runSafetyCheck
[2026-09-08 16:45:03] 🛡️ [safety] Главная луна 1:363:6: входящие=0
[2026-09-08 16:45:03] 🛡️ [safety] Атак на главную луну нет, эвакуированных флотов нет
[2026-09-08 16:45:03] 🌾 [loop] farm: включён → запускаем runFarmCycle
[2026-09-08 16:45:03] 🌾 [farm] ВХОД: analysis={"total":19,"outgoing":8,"returning":11,"byType":{"return":10,"attack":1,"expedition":2,"unknown":6},"activeSlots":8}
[2026-09-08 16:45:03] 🌾 [farm] Свободных миссий: 12 (занято 8/20)
[2026-09-08 16:45:03] 🌾 [farm] Состояние: queue=2, pendingReport={"coords":"1:376:13","player":"fromk86","spiedAt":1788875015935}, scanSystem=376, attacked=240, failed=11
[2026-09-08 16:45:03] 🌾 [farm] Ждём отчёт по 1:376:13: прошло 87с из 60с
[2026-09-08 16:45:03] 🌾 [farm] Время вышло — ищем отчёт по 1:376:13
[2026-09-08 16:45:06] 🌾 [farm] Список сообщений (попытка 1): байт=674915, title="(нет title)", строк=100
[2026-09-08 16:45:06] 🌾 [farm] Сообщений: всего=100, шпионских по 1:376:13=1 — #85120451(08.09 - 16:43:48|Колония [1:376:13]|Шпионский доклад)
[2026-09-08 16:45:06] 🌾 [farm] #85120451 (inline): М=112296546267718, А=20572423894716, У=6351228036442, игрок= В момент шпионажа Место: 863 Очков: 5 521 413 293 669 Специальность: Летчик ');
[2026-09-08 16:45:06] 🌾 [farm] Доклад « В момент шпионажа Место: 863 Очков: 5 521 413 293 669 Специальность: Летчик ');» [1:376:13] (msg#85120451, src=inline): Металл 112296546267718, Алмаз 20572423894716, Уран 6351228036442 → Итого 139220198198876 → 92813465466 × Линкор (вместимость 1500)
[2026-09-08 16:45:06] 🌾 [farm] Атака: target=1:376:13, mission=1, ships={207: 92813465466} (Линкор), fromCp=31694, dryRun=false
[2026-09-08 16:45:07] 📍 [mission] Цель: 1:376:13 (mission=1), корабли источника: {"203":"523740130933","207":"508528771944","210":"5065819257"}
[2026-09-08 16:45:08] 🎯 [mission] Цель (стадия 2): {"galaxy":"1","system":"376","planet":"13","planet_type":"1"}
[2026-09-08 16:45:08] 🌾 [farm] Результат sendMission: ok=true, stage=4, confirmed=true, error=-
[2026-09-08 16:45:08] 🌾 [farm] ✅ ФЛОТ ОТПРАВЛЕН: [1:376:13] (fromk86), 92813465466 × Линкор, источник: главная луна cp=31694
[2026-09-08 16:45:08] 🌾 [farm] finishTarget [1:376:13]: queue 2→1, info={"ok":true,"count":92813465466,"ship":"Линкор","atk":{"ok":true,"stage":4,"confirmed":true,"resources":null}}
[2026-09-08 16:45:08] 🌾 [farm] [1:376:13] помечено как атакованное (кулдаун 1ч)
[2026-09-08 16:45:08] 🌾 [loop] farm результат: {"target":"1:376:13","ok":true,"count":92813465466,"ship":"Линкор","atk":{"ok":true,"stage":4,"confirmed":true,"resources":null}}
[2026-09-08 16:45:08] 🚀 [loop] expedition: выключен → пропускаем launchExpeditions
[2026-09-08 16:45:08] 📊 [tick] миссий: 19 (return:10 attack:1 expedition:2 unknown:6), атаки: 0
[2026-09-08 16:46:38] 🔘 [loop] флаги: farm=ON (Линкор), expedition=OFF (Линкор×300e9, Броненосец×3e9, Эсминец×2e9, Крейсер×7e9), safety=ON; reserveSlots=20
[2026-09-08 16:46:39] 🔒 [loop] safety: включён → запускаем runSafetyCheck
[2026-09-08 16:46:39] 🛡️ [safety] Главная луна 1:363:6: входящие=0
[2026-09-08 16:46:39] 🛡️ [safety] Атак на главную луну нет, эвакуированных флотов нет
[2026-09-08 16:46:39] 🌾 [loop] farm: включён → запускаем runFarmCycle
[2026-09-08 16:46:39] 🌾 [farm] ВХОД: analysis={"total":20,"outgoing":9,"returning":11,"byType":{"attack":2,"return":10,"expedition":2,"unknown":6},"activeSlots":9}
[2026-09-08 16:46:39] 🌾 [farm] Свободных миссий: 11 (занято 9/20)
[2026-09-08 16:46:39] 🌾 [farm] Состояние: queue=1, pendingReport=null, scanSystem=376, attacked=240, failed=11
[2026-09-08 16:46:39] 🌾 [farm] current_goal = [1:376:14] DragK — отправляем шпионов (зондов: 5000)
[2026-09-08 16:46:40] 📍 [mission] Цель: 1:376:14 (mission=6), корабли источника: {"203":"523740130933","207":"454224056242","210":"5065819257"}
[2026-09-08 16:46:40] 🎯 [mission] Цель (стадия 2): {"galaxy":"1","system":"376","planet":"14","planet_type":"1"}
[2026-09-08 16:46:41] 🕵️ [spy] Шпионаж → 1:376:14 (DragK) [sent]
[2026-09-08 16:46:42] 🌾 [farm] spyTargets: sent=[{"coords":"1:376:14","player":"DragK","dryRun":false}], skipped=[], failed=[]
[2026-09-08 16:46:42] 🌾 [farm] Шпионы на [1:376:14] отправлены — ждём отчёт 60000мс
[2026-09-08 16:46:42] 🌾 [loop] farm результат: {"spied":"1:376:14","waitingReport":true}
[2026-09-08 16:46:42] 🚀 [loop] expedition: выключен → пропускаем launchExpeditions
[2026-09-08 16:46:42] 📊 [tick] миссий: 20 (attack:2 return:10 expedition:2 unknown:6), атаки: 0
[2026-09-08 16:48:14] 🔘 [loop] флаги: farm=ON (Линкор), expedition=OFF (Линкор×300e9, Броненосец×3e9, Эсминец×2e9, Крейсер×7e9), safety=ON; reserveSlots=20
[2026-09-08 16:48:15] 🔒 [loop] safety: включён → запускаем runSafetyCheck
[2026-09-08 16:48:15] 🛡️ [safety] Главная луна 1:363:6: входящие=0
[2026-09-08 16:48:15] 🛡️ [safety] Атак на главную луну нет, эвакуированных флотов нет
[2026-09-08 16:48:15] 🌾 [loop] farm: включён → запускаем runFarmCycle
[2026-09-08 16:48:15] 🌾 [farm] ВХОД: analysis={"total":20,"outgoing":9,"returning":11,"byType":{"attack":2,"return":10,"expedition":2,"unknown":6},"activeSlots":9}
[2026-09-08 16:48:15] 🌾 [farm] Свободных миссий: 11 (занято 9/20)
[2026-09-08 16:48:15] 🌾 [farm] Состояние: queue=1, pendingReport={"coords":"1:376:14","player":"DragK","spiedAt":1788875202977}, scanSystem=376, attacked=240, failed=11
[2026-09-08 16:48:15] 🌾 [farm] Ждём отчёт по 1:376:14: прошло 92с из 60с
[2026-09-08 16:48:15] 🌾 [farm] Время вышло — ищем отчёт по 1:376:14
[2026-09-08 16:48:19] 🌾 [farm] Список сообщений (попытка 1): байт=681833, title="(нет title)", строк=0
[2026-09-08 16:48:19] 🌾 [farm] строк=0 → снэпшот: /home/slabak/Documents/serverXG/debug/messages/empty-2026-09-08T13-48-19-440Z.html. Кусок: document.getElementById('massage-container').innerHTML = ' Сообщения \', LEFT, OFFSETY, -20);" onmouseout="return nd();"> 0 ' #modal_header_left{ background-position: -234px -52px; } #modal_header_left:hover{ background-position: -234px -78px; } Сообщения 10 20 30 40 50 60 70 80 90 100 Удалить отмеченные сообщения Удалить неотмеченные сообщения Удалить сообщения выше отмеченного Удалить сообщения 
[2026-09-08 16:48:25] 🌾 [farm] Список сообщений (попытка 2): байт=683321, title="(нет title)", строк=100
[2026-09-08 16:48:25] 🌾 [farm] Сообщений: всего=100, шпионских по 1:376:14=1 — #85120726(08.09 - 16:46:55|Колония [1:376:14]|Шпионский доклад)
[2026-09-08 16:48:25] 🌾 [farm] #85120726 (inline): М=65036619998054, А=20074703961779, У=20074703961779, игрок= В момент шпионажа Место: 937 Очков: 3 932 766 209 971 Специальность: Шахтер ');
[2026-09-08 16:48:25] 🌾 [farm] Доклад « В момент шпионажа Место: 937 Очков: 3 932 766 209 971 Специальность: Шахтер ');» [1:376:14] (msg#85120726, src=inline): Металл 65036619998054, Алмаз 20074703961779, Уран 20074703961779 → Итого 105186027921612 → 70124018615 × Линкор (вместимость 1500)
[2026-09-08 16:48:25] 🌾 [farm] Атака: target=1:376:14, mission=1, ships={207: 70124018615} (Линкор), fromCp=31694, dryRun=false
[2026-09-08 16:48:26] 📍 [mission] Цель: 1:376:14 (mission=1), корабли источника: {"203":"523740130933","207":"454224056242","210":"5065819257"}
[2026-09-08 16:48:27] 🎯 [mission] Цель (стадия 2): {"galaxy":"1","system":"376","planet":"14","planet_type":"1"}
[2026-09-08 16:48:28] 🌾 [farm] Результат sendMission: ok=true, stage=4, confirmed=true, error=-
[2026-09-08 16:48:28] 🌾 [farm] ✅ ФЛОТ ОТПРАВЛЕН: [1:376:14] (DragK), 70124018615 × Линкор, источник: главная луна cp=31694
[2026-09-08 16:48:28] 🌾 [farm] finishTarget [1:376:14]: queue 1→0, info={"ok":true,"count":70124018615,"ship":"Линкор","atk":{"ok":true,"stage":4,"confirmed":true,"resources":null}}
[2026-09-08 16:48:28] 🌾 [farm] [1:376:14] помечено как атакованное (кулдаун 1ч)
[2026-09-08 16:48:28] 🌾 [loop] farm результат: {"target":"1:376:14","ok":true,"count":70124018615,"ship":"Линкор","atk":{"ok":true,"stage":4,"confirmed":true,"resources":null}}
[2026-09-08 16:48:28] 🚀 [loop] expedition: выключен → пропускаем launchExpeditions
[2026-09-08 16:48:28] 📊 [tick] миссий: 20 (attack:2 return:10 expedition:2 unknown:6), атаки: 0
[2026-09-08 16:49:51] 🔘 [loop] флаги: farm=ON (Линкор), expedition=OFF (Линкор×300e9, Броненосец×3e9, Эсминец×2e9, Крейсер×7e9), safety=ON; reserveSlots=20
[2026-09-08 16:49:53] 🔒 [loop] safety: включён → запускаем runSafetyCheck
[2026-09-08 16:49:53] 🛡️ [safety] Главная луна 1:363:6: входящие=0
[2026-09-08 16:49:53] 🛡️ [safety] Атак на главную луну нет, эвакуированных флотов нет
[2026-09-08 16:49:53] 🌾 [loop] farm: включён → запускаем runFarmCycle
[2026-09-08 16:49:53] 🌾 [farm] ВХОД: analysis={"total":22,"outgoing":10,"returning":12,"byType":{"attack":3,"return":11,"expedition":2,"unknown":6},"activeSlots":10}
[2026-09-08 16:49:53] 🌾 [farm] Свободных миссий: 10 (занято 10/20)
[2026-09-08 16:49:53] 🌾 [farm] Состояние: queue=0, pendingReport=null, scanSystem=376, attacked=240, failed=11
[2026-09-08 16:49:53] 🌾 [farm] Переход к системе 1:377 (range=30, было 376)
[2026-09-08 16:49:53] 🌾 [farm] Система 1:377 получена: планет в таблице=15
[2026-09-08 16:49:53] 🌾 [farm] Фильтры: ourCoords=1:363:6,1:257:13,1:260:9,1:318:1,1:331:12,1:364:9,1:364:14,1:369:4,1:378:12,1:521:15,1:610:11,1:611:5,1:907:15,1:918:1, busyCoords=20
[2026-09-08 16:49:53] 🌾 [farm] Неактивных после базовых фильтров: 6 — усолти45[2](lolonginactive), калирррия[3](lolonginactive), serega35py[6](lolonginactive), Rakot3148[7](lolonginactive), apsad45[13](lolonginactive), starujj5[15](lolonginactive)
[2026-09-08 16:49:53] 🌾 [farm] Система 1:377: в очередь 6 — усолти45[2], калирррия[3], serega35py[6], Rakot3148[7], apsad45[13], starujj5[15]
[2026-09-08 16:49:53] 🌾 [farm] current_goal = [1:377:2] усолти45 — отправляем шпионов (зондов: 5000)
[2026-09-08 16:49:54] 📍 [mission] Цель: 1:377:2 (mission=6), корабли источника: {"203":"523740130933","207":"384100037627","210":"5065819257"}
[2026-09-08 16:49:55] 🎯 [mission] Цель (стадия 2): {"galaxy":"1","system":"377","planet":"2","planet_type":"1"}
[2026-09-08 16:49:56] 🕵️ [spy] Шпионаж → 1:377:2 (усолти45) [sent]
[2026-09-08 16:49:57] 🌾 [farm] spyTargets: sent=[{"coords":"1:377:2","player":"усолти45","dryRun":false}], skipped=[], failed=[]
[2026-09-08 16:49:57] 🌾 [farm] Шпионы на [1:377:2] отправлены — ждём отчёт 60000мс
[2026-09-08 16:49:57] 🌾 [loop] farm результат: {"spied":"1:377:2","waitingReport":true}
[2026-09-08 16:49:57] 🚀 [loop] expedition: выключен → пропускаем launchExpeditions
[2026-09-08 16:49:57] 📊 [tick] миссий: 22 (attack:3 return:11 expedition:2 unknown:6), атаки: 0
[2026-09-08 16:51:18] 🔘 [loop] флаги: farm=ON (Линкор), expedition=OFF (Линкор×300e9, Броненосец×3e9, Эсминец×2e9, Крейсер×7e9), safety=ON; reserveSlots=20
[2026-09-08 16:51:19] 🔒 [loop] safety: включён → запускаем runSafetyCheck
[2026-09-08 16:51:19] 🛡️ [safety] Главная луна 1:363:6: входящие=0
[2026-09-08 16:51:19] 🛡️ [safety] Атак на главную луну нет, эвакуированных флотов нет
[2026-09-08 16:51:19] 🌾 [loop] farm: включён → запускаем runFarmCycle
[2026-09-08 16:51:19] 🌾 [farm] ВХОД: analysis={"total":21,"outgoing":9,"returning":12,"byType":{"return":11,"attack":2,"expedition":2,"unknown":6},"activeSlots":9}
[2026-09-08 16:51:19] 🌾 [farm] Свободных миссий: 11 (занято 9/20)
[2026-09-08 16:51:19] 🌾 [farm] Состояние: queue=6, pendingReport={"coords":"1:377:2","player":"усолти45","spiedAt":1788875397595}, scanSystem=377, attacked=240, failed=11
[2026-09-08 16:51:19] 🌾 [farm] Ждём отчёт по 1:377:2: прошло 82с из 60с
[2026-09-08 16:51:19] 🌾 [farm] Время вышло — ищем отчёт по 1:377:2
[2026-09-08 16:51:24] 🌾 [farm] Список сообщений (попытка 1): байт=684096, title="(нет title)", строк=100
[2026-09-08 16:51:24] 🌾 [farm] Сообщений: всего=100, шпионских по 1:377:2=1 — #85121091(08.09 - 16:50:09|восемь [1:377:2]|Шпионский доклад)
[2026-09-08 16:51:24] 🌾 [farm] #85121091 (inline): М=6504886779259, А=2009437173493, У=61545051665, игрок= В момент шпионажа Место: 669 Очков: 14 717 161 229 502 ');
[2026-09-08 16:51:24] 🌾 [farm] Доклад « В момент шпионажа Место: 669 Очков: 14 717 161 229 502 ');» [1:377:2] (msg#85121091, src=inline): Металл 6504886779259, Алмаз 2009437173493, Уран 61545051665 → Итого 8575869004417 → 5717246003 × Линкор (вместимость 1500)
[2026-09-08 16:51:24] 🌾 [farm] 1:377:2: алмазов 2009437173493 < минимума 15000000000000 — отмечаю как атакованную (накопится к следующему кругу)
[2026-09-08 16:51:24] 🌾 [farm] finishTarget [1:377:2]: queue 6→5, info={"skipped":"low_diamond","diamonds":2009437173493}
[2026-09-08 16:51:24] 🌾 [loop] farm результат: {"target":"1:377:2","skipped":"low_diamond","diamonds":2009437173493}
[2026-09-08 16:51:24] 🚀 [loop] expedition: выключен → пропускаем launchExpeditions
[2026-09-08 16:51:24] 📊 [tick] миссий: 21 (return:11 attack:2 expedition:2 unknown:6), атаки: 0
[2026-09-08 16:52:55] 🔘 [loop] флаги: farm=ON (Линкор), expedition=OFF (Линкор×300e9, Броненосец×3e9, Эсминец×2e9, Крейсер×7e9), safety=ON; reserveSlots=20
[2026-09-08 16:52:56] 🔒 [loop] safety: включён → запускаем runSafetyCheck
[2026-09-08 16:52:56] 🛡️ [safety] Главная луна 1:363:6: входящие=0
[2026-09-08 16:52:56] 🛡️ [safety] Атак на главную луну нет, эвакуированных флотов нет
[2026-09-08 16:52:56] 🌾 [loop] farm: включён → запускаем runFarmCycle
[2026-09-08 16:52:56] 🌾 [farm] ВХОД: analysis={"total":20,"outgoing":9,"returning":11,"byType":{"return":10,"attack":2,"expedition":2,"unknown":6},"activeSlots":9}
[2026-09-08 16:52:56] 🌾 [farm] Свободных миссий: 11 (занято 9/20)
[2026-09-08 16:52:56] 🌾 [farm] Состояние: queue=5, pendingReport=null, scanSystem=377, attacked=240, failed=11
[2026-09-08 16:52:56] 🌾 [farm] current_goal = [1:377:3] калирррия — отправляем шпионов (зондов: 5000)
[2026-09-08 16:52:57] 📍 [mission] Цель: 1:377:3 (mission=6), корабли источника: {"203":"523740130933","207":"469336994217","210":"5065819257"}
[2026-09-08 16:52:58] 🎯 [mission] Цель (стадия 2): {"galaxy":"1","system":"377","planet":"3","planet_type":"1"}
[2026-09-08 16:52:58] 🕵️ [spy] Шпионаж → 1:377:3 (калирррия) [sent]
[2026-09-08 16:53:00] 🌾 [farm] spyTargets: sent=[{"coords":"1:377:3","player":"калирррия","dryRun":false}], skipped=[], failed=[]
[2026-09-08 16:53:00] 🌾 [farm] Шпионы на [1:377:3] отправлены — ждём отчёт 60000мс
[2026-09-08 16:53:00] 🌾 [loop] farm результат: {"spied":"1:377:3","waitingReport":true}
[2026-09-08 16:53:00] 🚀 [loop] expedition: выключен → пропускаем launchExpeditions
[2026-09-08 16:53:00] 📊 [tick] миссий: 20 (return:10 attack:2 expedition:2 unknown:6), атаки: 0
[2026-09-08 16:54:33] 🔘 [loop] флаги: farm=ON (Линкор), expedition=OFF (Линкор×300e9, Броненосец×3e9, Эсминец×2e9, Крейсер×7e9), safety=ON; reserveSlots=20
[2026-09-08 16:54:34] 🔒 [loop] safety: включён → запускаем runSafetyCheck
[2026-09-08 16:54:34] 🛡️ [safety] Главная луна 1:363:6: входящие=0
[2026-09-08 16:54:34] 🛡️ [safety] Атак на главную луну нет, эвакуированных флотов нет
[2026-09-08 16:54:34] 🌾 [loop] farm: включён → запускаем runFarmCycle
[2026-09-08 16:54:34] 🌾 [farm] ВХОД: analysis={"total":20,"outgoing":9,"returning":11,"byType":{"return":10,"attack":2,"expedition":2,"unknown":6},"activeSlots":9}
[2026-09-08 16:54:34] 🌾 [farm] Свободных миссий: 11 (занято 9/20)
[2026-09-08 16:54:34] 🌾 [farm] Состояние: queue=5, pendingReport={"coords":"1:377:3","player":"калирррия","spiedAt":1788875580185}, scanSystem=377, attacked=240, failed=11
[2026-09-08 16:54:34] 🌾 [farm] Ждём отчёт по 1:377:3: прошло 95с из 60с
[2026-09-08 16:54:34] 🌾 [farm] Время вышло — ищем отчёт по 1:377:3
[2026-09-08 16:54:37] 🌾 [farm] Список сообщений (попытка 1): байт=697309, title="(нет title)", строк=0
[2026-09-08 16:54:37] 🌾 [farm] строк=0 → снэпшот: /home/slabak/Documents/serverXG/debug/messages/empty-2026-09-08T13-54-37-808Z.html. Кусок: document.getElementById('massage-container').innerHTML = ' Сообщения \', LEFT, OFFSETY, -20);" onmouseout="return nd();"> 0 ' #modal_header_left{ background-position: -234px -52px; } #modal_header_left:hover{ background-position: -234px -78px; } Сообщения 10 20 30 40 50 60 70 80 90 100 Удалить отмеченные сообщения Удалить неотмеченные сообщения Удалить сообщения выше отмеченного Удалить сообщения 
[2026-09-08 16:54:42] 🌾 [farm] Список сообщений (попытка 2): байт=698803, title="(нет title)", строк=100
[2026-09-08 16:54:42] 🌾 [farm] Сообщений: всего=100, шпионских по 1:377:3=1 — #85121208(08.09 - 16:53:12|Колонія [1:377:3]|Шпионский доклад)
[2026-09-08 16:54:42] 🌾 [farm] #85121208 (inline): М=95719950889868, А=21384583566274, У=19431698686268, игрок= В момент шпионажа Место: 572 Очков: 24 776 232 972 394 Специальность: Шахтер ');
[2026-09-08 16:54:42] 🌾 [farm] Доклад « В момент шпионажа Место: 572 Очков: 24 776 232 972 394 Специальность: Шахтер ');» [1:377:3] (msg#85121208, src=inline): Металл 95719950889868, Алмаз 21384583566274, Уран 19431698686268 → Итого 136536233142410 → 91024155429 × Линкор (вместимость 1500)
[2026-09-08 16:54:42] 🌾 [farm] Атака: target=1:377:3, mission=1, ships={207: 91024155429} (Линкор), fromCp=31694, dryRun=false
[2026-09-08 16:54:43] 📍 [mission] Цель: 1:377:3 (mission=1), корабли источника: {"203":"523740130933","207":"469336994217","210":"5065819257"}
[2026-09-08 16:54:44] 🎯 [mission] Цель (стадия 2): {"galaxy":"1","system":"377","planet":"3","planet_type":"1"}
[2026-09-08 16:54:44] 🌾 [farm] Результат sendMission: ok=true, stage=4, confirmed=true, error=-
[2026-09-08 16:54:44] 🌾 [farm] ✅ ФЛОТ ОТПРАВЛЕН: [1:377:3] (калирррия), 91024155429 × Линкор, источник: главная луна cp=31694
[2026-09-08 16:54:44] 🌾 [farm] finishTarget [1:377:3]: queue 5→4, info={"ok":true,"count":91024155429,"ship":"Линкор","atk":{"ok":true,"stage":4,"confirmed":true,"resources":null}}
[2026-09-08 16:54:44] 🌾 [farm] [1:377:3] помечено как атакованное (кулдаун 1ч)
[2026-09-08 16:54:44] 🌾 [loop] farm результат: {"target":"1:377:3","ok":true,"count":91024155429,"ship":"Линкор","atk":{"ok":true,"stage":4,"confirmed":true,"resources":null}}
[2026-09-08 16:54:44] 🚀 [loop] expedition: выключен → пропускаем launchExpeditions
[2026-09-08 16:54:44] 📊 [tick] миссий: 20 (return:10 attack:2 expedition:2 unknown:6), атаки: 0
[2026-09-08 16:56:12] 🔘 [loop] флаги: farm=ON (Линкор), expedition=OFF (Линкор×300e9, Броненосец×3e9, Эсминец×2e9, Крейсер×7e9), safety=ON; reserveSlots=20
[2026-09-08 16:56:13] 🔒 [loop] safety: включён → запускаем runSafetyCheck
[2026-09-08 16:56:13] 🛡️ [safety] Главная луна 1:363:6: входящие=0
[2026-09-08 16:56:13] 🛡️ [safety] Атак на главную луну нет, эвакуированных флотов нет
[2026-09-08 16:56:13] 🌾 [loop] farm: включён → запускаем runFarmCycle
[2026-09-08 16:56:13] 🌾 [farm] ВХОД: analysis={"total":21,"outgoing":10,"returning":11,"byType":{"attack":3,"return":10,"expedition":2,"unknown":6},"activeSlots":10}
[2026-09-08 16:56:13] 🌾 [farm] Свободных миссий: 10 (занято 10/20)
[2026-09-08 16:56:13] 🌾 [farm] Состояние: queue=4, pendingReport=null, scanSystem=377, attacked=240, failed=11
[2026-09-08 16:56:13] 🌾 [farm] current_goal = [1:377:6] serega35py — отправляем шпионов (зондов: 5000)
[2026-09-08 16:56:14] 📍 [mission] Цель: 1:377:6 (mission=6), корабли источника: {"203":"523740130933","207":"448024462601","210":"5065819257"}
[2026-09-08 16:56:15] 🎯 [mission] Цель (стадия 2): {"galaxy":"1","system":"377","planet":"6","planet_type":"1"}
[2026-09-08 16:56:15] 🕵️ [spy] Шпионаж → 1:377:6 (serega35py) [sent]
[2026-09-08 16:56:17] 🌾 [farm] spyTargets: sent=[{"coords":"1:377:6","player":"serega35py","dryRun":false}], skipped=[], failed=[]
[2026-09-08 16:56:17] 🌾 [farm] Шпионы на [1:377:6] отправлены — ждём отчёт 60000мс
[2026-09-08 16:56:17] 🌾 [loop] farm результат: {"spied":"1:377:6","waitingReport":true}
[2026-09-08 16:56:17] 🚀 [loop] expedition: выключен → пропускаем launchExpeditions
[2026-09-08 16:56:17] 📊 [tick] миссий: 21 (attack:3 return:10 expedition:2 unknown:6), атаки: 0
[2026-09-08 16:57:43] 🔘 [loop] флаги: farm=ON (Линкор), expedition=OFF (Линкор×300e9, Броненосец×3e9, Эсминец×2e9, Крейсер×7e9), safety=ON; reserveSlots=20
[2026-09-08 16:57:44] 🔒 [loop] safety: включён → запускаем runSafetyCheck
[2026-09-08 16:57:44] 🛡️ [safety] Главная луна 1:363:6: входящие=0
[2026-09-08 16:57:44] 🛡️ [safety] Атак на главную луну нет, эвакуированных флотов нет
[2026-09-08 16:57:44] 🌾 [loop] farm: включён → запускаем runFarmCycle
[2026-09-08 16:57:44] 🌾 [farm] ВХОД: analysis={"total":20,"outgoing":9,"returning":11,"byType":{"attack":2,"return":10,"expedition":2,"unknown":6},"activeSlots":9}
[2026-09-08 16:57:44] 🌾 [farm] Свободных миссий: 11 (занято 9/20)
[2026-09-08 16:57:44] 🌾 [farm] Состояние: queue=4, pendingReport={"coords":"1:377:6","player":"serega35py","spiedAt":1788875777381}, scanSystem=377, attacked=240, failed=11
[2026-09-08 16:57:44] 🌾 [farm] Ждём отчёт по 1:377:6: прошло 87с из 60с
[2026-09-08 16:57:44] 🌾 [farm] Время вышло — ищем отчёт по 1:377:6
[2026-09-08 16:57:48] 🌾 [farm] Список сообщений (попытка 1): байт=692716, title="(нет title)", строк=100
[2026-09-08 16:57:48] 🌾 [farm] Сообщений: всего=100, шпионских по 1:377:6=1 — #85121377(08.09 - 16:56:29|Гл9 [1:377:6]|Шпионский доклад)
[2026-09-08 16:57:48] 🌾 [farm] #85121377 (inline): М=110069917656467, А=30473157716755, У=24446977703566, игрок= В момент шпионажа Место: 763 Очков: 9 111 589 019 264 ');
[2026-09-08 16:57:48] 🌾 [farm] Доклад « В момент шпионажа Место: 763 Очков: 9 111 589 019 264 ');» [1:377:6] (msg#85121377, src=inline): Металл 110069917656467, Алмаз 30473157716755, Уран 24446977703566 → Итого 164990053076788 → 109993368718 × Линкор (вместимость 1500)
[2026-09-08 16:57:48] 🌾 [farm] Атака: target=1:377:6, mission=1, ships={207: 109993368718} (Линкор), fromCp=31694, dryRun=false
[2026-09-08 16:57:49] 📍 [mission] Цель: 1:377:6 (mission=1), корабли источника: {"203":"523740130933","207":"448024462601","210":"5065819257"}
[2026-09-08 16:57:50] 🎯 [mission] Цель (стадия 2): {"galaxy":"1","system":"377","planet":"6","planet_type":"1"}
[2026-09-08 16:57:50] 🌾 [farm] Результат sendMission: ok=true, stage=4, confirmed=true, error=-
[2026-09-08 16:57:50] 🌾 [farm] ✅ ФЛОТ ОТПРАВЛЕН: [1:377:6] (serega35py), 109993368718 × Линкор, источник: главная луна cp=31694
[2026-09-08 16:57:50] 🌾 [farm] finishTarget [1:377:6]: queue 4→3, info={"ok":true,"count":109993368718,"ship":"Линкор","atk":{"ok":true,"stage":4,"confirmed":true,"resources":null}}
[2026-09-08 16:57:50] 🌾 [farm] [1:377:6] помечено как атакованное (кулдаун 1ч)
[2026-09-08 16:57:50] 🌾 [loop] farm результат: {"target":"1:377:6","ok":true,"count":109993368718,"ship":"Линкор","atk":{"ok":true,"stage":4,"confirmed":true,"resources":null}}
[2026-09-08 16:57:50] 🚀 [loop] expedition: выключен → пропускаем launchExpeditions
[2026-09-08 16:57:50] 📊 [tick] миссий: 20 (attack:2 return:10 expedition:2 unknown:6), атаки: 0
[2026-09-08 16:59:21] 🔘 [loop] флаги: farm=ON (Линкор), expedition=OFF (Линкор×300e9, Броненосец×3e9, Эсминец×2e9, Крейсер×7e9), safety=ON; reserveSlots=20
[2026-09-08 16:59:23] 🔒 [loop] safety: включён → запускаем runSafetyCheck
[2026-09-08 16:59:23] 🛡️ [safety] Главная луна 1:363:6: входящие=0
[2026-09-08 16:59:23] 🛡️ [safety] Атак на главную луну нет, эвакуированных флотов нет
[2026-09-08 16:59:23] 🌾 [loop] farm: включён → запускаем runFarmCycle
[2026-09-08 16:59:23] 🌾 [farm] ВХОД: analysis={"total":22,"outgoing":10,"returning":12,"byType":{"attack":3,"return":11,"expedition":2,"unknown":6},"activeSlots":10}
[2026-09-08 16:59:23] 🌾 [farm] Свободных миссий: 10 (занято 10/20)
[2026-09-08 16:59:23] 🌾 [farm] Состояние: queue=3, pendingReport=null, scanSystem=377, attacked=240, failed=11
[2026-09-08 16:59:23] 🌾 [farm] current_goal = [1:377:7] Rakot3148 — отправляем шпионов (зондов: 5000)
[2026-09-08 16:59:24] 📍 [mission] Цель: 1:377:7 (mission=6), корабли источника: {"203":"523740130933","207":"338031093883","210":"5065819257"}
[2026-09-08 16:59:25] 🎯 [mission] Цель (стадия 2): {"galaxy":"1","system":"377","planet":"7","planet_type":"1"}
[2026-09-08 16:59:25] 🕵️ [spy] Шпионаж → 1:377:7 (Rakot3148) [sent]
[2026-09-08 16:59:27] 🌾 [farm] spyTargets: sent=[{"coords":"1:377:7","player":"Rakot3148","dryRun":false}], skipped=[], failed=[]
[2026-09-08 16:59:27] 🌾 [farm] Шпионы на [1:377:7] отправлены — ждём отчёт 60000мс
[2026-09-08 16:59:27] 🌾 [loop] farm результат: {"spied":"1:377:7","waitingReport":true}
[2026-09-08 16:59:27] 🚀 [loop] expedition: выключен → пропускаем launchExpeditions
[2026-09-08 16:59:27] 📊 [tick] миссий: 22 (attack:3 return:11 expedition:2 unknown:6), атаки: 0
[2026-09-08 17:01:00] 🔘 [loop] флаги: farm=ON (Линкор), expedition=OFF (Линкор×300e9, Броненосец×3e9, Эсминец×2e9, Крейсер×7e9), safety=ON; reserveSlots=20
[2026-09-08 17:01:01] 🔒 [loop] safety: включён → запускаем runSafetyCheck
[2026-09-08 17:01:01] 🛡️ [safety] Главная луна 1:363:6: входящие=0
[2026-09-08 17:01:01] 🛡️ [safety] Атак на главную луну нет, эвакуированных флотов нет
[2026-09-08 17:01:01] 🌾 [loop] farm: включён → запускаем runFarmCycle
[2026-09-08 17:01:01] 🌾 [farm] ВХОД: analysis={"total":21,"outgoing":9,"returning":12,"byType":{"return":11,"attack":2,"expedition":2,"unknown":6},"activeSlots":9}
[2026-09-08 17:01:01] 🌾 [farm] Свободных миссий: 11 (занято 9/20)
[2026-09-08 17:01:01] 🌾 [farm] Состояние: queue=3, pendingReport={"coords":"1:377:7","player":"Rakot3148","spiedAt":1788875967120}, scanSystem=377, attacked=240, failed=11
[2026-09-08 17:01:01] 🌾 [farm] Ждём отчёт по 1:377:7: прошло 94с из 60с
[2026-09-08 17:01:01] 🌾 [farm] Время вышло — ищем отчёт по 1:377:7
[2026-09-08 17:01:04] 🌾 [farm] Список сообщений (попытка 1): байт=685032, title="(нет title)", строк=100
[2026-09-08 17:01:04] 🌾 [farm] Сообщений: всего=100, шпионских по 1:377:7=1 — #85121511(08.09 - 16:59:39|Главная [1:377:7]|Шпионский доклад)
[2026-09-08 17:01:04] 🌾 [farm] #85121511 (inline): М=83724689315361, А=16967066192916, У=14394232621459, игрок= В момент шпионажа Место: 570 Очков: 24 806 959 748 832 Специальность: Шахтер ');
[2026-09-08 17:01:04] 🌾 [farm] Доклад « В момент шпионажа Место: 570 Очков: 24 806 959 748 832 Специальность: Шахтер ');» [1:377:7] (msg#85121511, src=inline): Металл 83724689315361, Алмаз 16967066192916, Уран 14394232621459 → Итого 115085988129736 → 76723992087 × Линкор (вместимость 1500)
[2026-09-08 17:01:04] 🌾 [farm] Атака: target=1:377:7, mission=1, ships={207: 76723992087} (Линкор), fromCp=31694, dryRun=false
[2026-09-08 17:01:05] 📍 [mission] Цель: 1:377:7 (mission=1), корабли источника: {"203":"523740130933","207":"338031093883","210":"5065819257"}
[2026-09-08 17:01:06] 🎯 [mission] Цель (стадия 2): {"galaxy":"1","system":"377","planet":"7","planet_type":"1"}
[2026-09-08 17:01:06] 🌾 [farm] Результат sendMission: ok=true, stage=4, confirmed=true, error=-
[2026-09-08 17:01:06] 🌾 [farm] ✅ ФЛОТ ОТПРАВЛЕН: [1:377:7] (Rakot3148), 76723992087 × Линкор, источник: главная луна cp=31694
[2026-09-08 17:01:06] 🌾 [farm] finishTarget [1:377:7]: queue 3→2, info={"ok":true,"count":76723992087,"ship":"Линкор","atk":{"ok":true,"stage":4,"confirmed":true,"resources":null}}
[2026-09-08 17:01:06] 🌾 [farm] [1:377:7] помечено как атакованное (кулдаун 1ч)
[2026-09-08 17:01:06] 🌾 [loop] farm результат: {"target":"1:377:7","ok":true,"count":76723992087,"ship":"Линкор","atk":{"ok":true,"stage":4,"confirmed":true,"resources":null}}
[2026-09-08 17:01:06] 🚀 [loop] expedition: выключен → пропускаем launchExpeditions
[2026-09-08 17:01:06] 📊 [tick] миссий: 21 (return:11 attack:2 expedition:2 unknown:6), атаки: 0
[2026-09-08 17:02:29] 🔘 [loop] флаги: farm=ON (Линкор), expedition=OFF (Линкор×300e9, Броненосец×3e9, Эсминец×2e9, Крейсер×7e9), safety=ON; reserveSlots=20
[2026-09-08 17:02:30] 🔒 [loop] safety: включён → запускаем runSafetyCheck
[2026-09-08 17:02:30] 🛡️ [safety] Главная луна 1:363:6: входящие=0
[2026-09-08 17:02:30] 🛡️ [safety] Атак на главную луну нет, эвакуированных флотов нет
[2026-09-08 17:02:30] 🌾 [loop] farm: включён → запускаем runFarmCycle
[2026-09-08 17:02:30] 🌾 [farm] ВХОД: analysis={"total":22,"outgoing":10,"returning":12,"byType":{"attack":3,"return":11,"expedition":2,"unknown":6},"activeSlots":10}
[2026-09-08 17:02:30] 🌾 [farm] Свободных миссий: 10 (занято 10/20)
[2026-09-08 17:02:30] 🌾 [farm] Состояние: queue=2, pendingReport=null, scanSystem=377, attacked=240, failed=11
[2026-09-08 17:02:30] 🌾 [farm] current_goal = [1:377:13] apsad45 — отправляем шпионов (зондов: 5000)
[2026-09-08 17:02:31] 📍 [mission] Цель: 1:377:13 (mission=6), корабли источника: {"203":"523740130933","207":"337978787771","210":"5065819257"}
[2026-09-08 17:02:32] 🎯 [mission] Цель (стадия 2): {"galaxy":"1","system":"377","planet":"13","planet_type":"1"}
[2026-09-08 17:02:32] 🕵️ [spy] Шпионаж → 1:377:13 (apsad45) [sent]
[2026-09-08 17:02:34] 🌾 [farm] spyTargets: sent=[{"coords":"1:377:13","player":"apsad45","dryRun":false}], skipped=[], failed=[]
[2026-09-08 17:02:34] 🌾 [farm] Шпионы на [1:377:13] отправлены — ждём отчёт 60000мс
[2026-09-08 17:02:34] 🌾 [loop] farm результат: {"spied":"1:377:13","waitingReport":true}
[2026-09-08 17:02:34] 🚀 [loop] expedition: выключен → пропускаем launchExpeditions
[2026-09-08 17:02:34] 📊 [tick] миссий: 22 (attack:3 return:11 expedition:2 unknown:6), атаки: 0
[2026-09-08 17:04:02] 🔘 [loop] флаги: farm=ON (Линкор), expedition=OFF (Линкор×300e9, Броненосец×3e9, Эсминец×2e9, Крейсер×7e9), safety=ON; reserveSlots=20
[2026-09-08 17:04:03] 🔒 [loop] safety: включён → запускаем runSafetyCheck
[2026-09-08 17:04:03] 🛡️ [safety] Главная луна 1:363:6: входящие=0
[2026-09-08 17:04:03] 🛡️ [safety] Атак на главную луну нет, эвакуированных флотов нет
[2026-09-08 17:04:03] 🌾 [loop] farm: включён → запускаем runFarmCycle
[2026-09-08 17:04:03] 🌾 [farm] ВХОД: analysis={"total":22,"outgoing":10,"returning":12,"byType":{"attack":3,"return":11,"expedition":2,"unknown":6},"activeSlots":10}
[2026-09-08 17:04:03] 🌾 [farm] Свободных миссий: 10 (занято 10/20)
[2026-09-08 17:04:03] 🌾 [farm] Состояние: queue=2, pendingReport={"coords":"1:377:13","player":"apsad45","spiedAt":1788876154120}, scanSystem=377, attacked=240, failed=11
[2026-09-08 17:04:03] 🌾 [farm] Ждём отчёт по 1:377:13: прошло 90с из 60с
[2026-09-08 17:04:03] 🌾 [farm] Время вышло — ищем отчёт по 1:377:13
[2026-09-08 17:04:07] 🌾 [farm] Список сообщений (попытка 1): байт=689683, title="(нет title)", строк=0
[2026-09-08 17:04:07] 🌾 [farm] строк=0 → снэпшот: /home/slabak/Documents/serverXG/debug/messages/empty-2026-09-08T14-04-07-068Z.html. Кусок: document.getElementById('massage-container').innerHTML = ' Сообщения \', LEFT, OFFSETY, -20);" onmouseout="return nd();"> 0 ' #modal_header_left{ background-position: -234px -52px; } #modal_header_left:hover{ background-position: -234px -78px; } Сообщения 10 20 30 40 50 60 70 80 90 100 Удалить отмеченные сообщения Удалить неотмеченные сообщения Удалить сообщения выше отмеченного Удалить сообщения 
[2026-09-08 17:04:12] 🌾 [farm] Список сообщений (попытка 2): байт=691177, title="(нет title)", строк=100
[2026-09-08 17:04:12] 🌾 [farm] Сообщений: всего=100, шпионских по 1:377:13=1 — #85121685(08.09 - 17:02:46|Колония [1:377:13]|Шпионский доклад)
[2026-09-08 17:04:12] 🌾 [farm] #85121685 (inline): М=120092829423646, А=21418172827746, У=26683489555498, игрок= В момент шпионажа Место: 311 Очков: 139 557 005 965 880 ');
[2026-09-08 17:04:12] 🌾 [farm] Доклад « В момент шпионажа Место: 311 Очков: 139 557 005 965 880 ');» [1:377:13] (msg#85121685, src=inline): Металл 120092829423646, Алмаз 21418172827746, Уран 26683489555498 → Итого 168194491806890 → 112129661205 × Линкор (вместимость 1500)
[2026-09-08 17:04:12] 🌾 [farm] Атака: target=1:377:13, mission=1, ships={207: 112129661205} (Линкор), fromCp=31694, dryRun=false
[2026-09-08 17:04:13] 📍 [mission] Цель: 1:377:13 (mission=1), корабли источника: {"203":"523740130933","207":"337978787771","210":"5065819257"}
[2026-09-08 17:04:13] 🎯 [mission] Цель (стадия 2): {"galaxy":"1","system":"377","planet":"13","planet_type":"1"}
[2026-09-08 17:04:14] 🌾 [farm] Результат sendMission: ok=true, stage=4, confirmed=true, error=-
[2026-09-08 17:04:14] 🌾 [farm] ✅ ФЛОТ ОТПРАВЛЕН: [1:377:13] (apsad45), 112129661205 × Линкор, источник: главная луна cp=31694
[2026-09-08 17:04:14] 🌾 [farm] finishTarget [1:377:13]: queue 2→1, info={"ok":true,"count":112129661205,"ship":"Линкор","atk":{"ok":true,"stage":4,"confirmed":true,"resources":null}}
[2026-09-08 17:04:14] 🌾 [farm] [1:377:13] помечено как атакованное (кулдаун 1ч)
[2026-09-08 17:04:14] 🌾 [loop] farm результат: {"target":"1:377:13","ok":true,"count":112129661205,"ship":"Линкор","atk":{"ok":true,"stage":4,"confirmed":true,"resources":null}}
[2026-09-08 17:04:14] 🚀 [loop] expedition: выключен → пропускаем launchExpeditions
[2026-09-08 17:04:14] 📊 [tick] миссий: 22 (attack:3 return:11 expedition:2 unknown:6), атаки: 0
[2026-09-08 17:05:33] 🔘 [loop] флаги: farm=ON (Линкор), expedition=OFF (Линкор×300e9, Броненосец×3e9, Эсминец×2e9, Крейсер×7e9), safety=ON; reserveSlots=20
[2026-09-08 17:05:35] 🔒 [loop] safety: включён → запускаем runSafetyCheck
[2026-09-08 17:05:35] 🛡️ [safety] Главная луна 1:363:6: входящие=0
[2026-09-08 17:05:35] 🛡️ [safety] Атак на главную луну нет, эвакуированных флотов нет
[2026-09-08 17:05:35] 🌾 [loop] farm: включён → запускаем runFarmCycle
[2026-09-08 17:05:35] 🌾 [farm] ВХОД: analysis={"total":24,"outgoing":11,"returning":13,"byType":{"attack":4,"return":12,"expedition":2,"unknown":6},"activeSlots":11}
[2026-09-08 17:05:35] 🌾 [farm] Свободных миссий: 9 (занято 11/20)
[2026-09-08 17:05:35] 🌾 [farm] Состояние: queue=1, pendingReport=null, scanSystem=377, attacked=240, failed=11
[2026-09-08 17:05:35] 🌾 [farm] current_goal = [1:377:15] starujj5 — отправляем шпионов (зондов: 5000)
[2026-09-08 17:05:36] 📍 [mission] Цель: 1:377:15 (mission=6), корабли источника: {"203":"523740130933","207":"225849126566","210":"5065819257"}
[2026-09-08 17:05:36] 🎯 [mission] Цель (стадия 2): {"galaxy":"1","system":"377","planet":"15","planet_type":"1"}
[2026-09-08 17:05:37] 🕵️ [spy] Шпионаж → 1:377:15 (starujj5) [sent]
[2026-09-08 17:05:38] 🌾 [farm] spyTargets: sent=[{"coords":"1:377:15","player":"starujj5","dryRun":false}], skipped=[], failed=[]
[2026-09-08 17:05:38] 🌾 [farm] Шпионы на [1:377:15] отправлены — ждём отчёт 60000мс
[2026-09-08 17:05:38] 🌾 [loop] farm результат: {"spied":"1:377:15","waitingReport":true}
[2026-09-08 17:05:38] 🚀 [loop] expedition: выключен → пропускаем launchExpeditions
[2026-09-08 17:05:38] 📊 [tick] миссий: 24 (attack:4 return:12 expedition:2 unknown:6), атаки: 0
[2026-09-08 17:07:07] 🔘 [loop] флаги: farm=ON (Линкор), expedition=OFF (Линкор×300e9, Броненосец×3e9, Эсминец×2e9, Крейсер×7e9), safety=ON; reserveSlots=20
[2026-09-08 17:07:08] 🔒 [loop] safety: включён → запускаем runSafetyCheck
[2026-09-08 17:07:08] 🛡️ [safety] Главная луна 1:363:6: входящие=0
[2026-09-08 17:07:08] 🛡️ [safety] Атак на главную луну нет, эвакуированных флотов нет
[2026-09-08 17:07:08] 🌾 [loop] farm: включён → запускаем runFarmCycle
[2026-09-08 17:07:08] 🌾 [farm] ВХОД: analysis={"total":23,"outgoing":10,"returning":13,"byType":{"return":12,"attack":3,"expedition":2,"unknown":6},"activeSlots":10}
[2026-09-08 17:07:08] 🌾 [farm] Свободных миссий: 10 (занято 10/20)
[2026-09-08 17:07:08] 🌾 [farm] Состояние: queue=1, pendingReport={"coords":"1:377:15","player":"starujj5","spiedAt":1788876338927}, scanSystem=377, attacked=240, failed=11
[2026-09-08 17:07:08] 🌾 [farm] Ждём отчёт по 1:377:15: прошло 90с из 60с
[2026-09-08 17:07:08] 🌾 [farm] Время вышло — ищем отчёт по 1:377:15
[2026-09-08 17:07:11] 🌾 [farm] Список сообщений (попытка 1): байт=680884, title="(нет title)", строк=100
[2026-09-08 17:07:11] 🌾 [farm] Сообщений: всего=100, шпионских по 1:377:15=1 — #85121921(08.09 - 17:05:51|Колония [1:377:15]|Шпионский доклад)
[2026-09-08 17:07:11] 🌾 [farm] #85121921 (inline): М=125879707650999, А=18228338179681, У=23460353110080, игрок= В момент шпионажа Место: 229 Очков: 336 751 295 027 790 Альянс: Сибирия ');
[2026-09-08 17:07:11] 🌾 [farm] Доклад « В момент шпионажа Место: 229 Очков: 336 751 295 027 790 Альянс: Сибирия ');» [1:377:15] (msg#85121921, src=inline): Металл 125879707650999, Алмаз 18228338179681, Уран 23460353110080 → Итого 167568398940760 → 111712265961 × Линкор (вместимость 1500)
[2026-09-08 17:07:11] 🌾 [farm] Атака: target=1:377:15, mission=1, ships={207: 111712265961} (Линкор), fromCp=31694, dryRun=false
[2026-09-08 17:07:12] 📍 [mission] Цель: 1:377:15 (mission=1), корабли источника: {"203":"523740130933","207":"225849126566","210":"5065819257"}
[2026-09-08 17:07:13] 🎯 [mission] Цель (стадия 2): {"galaxy":"1","system":"377","planet":"15","planet_type":"1"}
[2026-09-08 17:07:13] 🌾 [farm] Результат sendMission: ok=true, stage=4, confirmed=true, error=-
[2026-09-08 17:07:13] 🌾 [farm] ✅ ФЛОТ ОТПРАВЛЕН: [1:377:15] (starujj5), 111712265961 × Линкор, источник: главная луна cp=31694
[2026-09-08 17:07:13] 🌾 [farm] finishTarget [1:377:15]: queue 1→0, info={"ok":true,"count":111712265961,"ship":"Линкор","atk":{"ok":true,"stage":4,"confirmed":true,"resources":null}}
[2026-09-08 17:07:13] 🌾 [farm] [1:377:15] помечено как атакованное (кулдаун 1ч)
[2026-09-08 17:07:13] 🌾 [loop] farm результат: {"target":"1:377:15","ok":true,"count":111712265961,"ship":"Линкор","atk":{"ok":true,"stage":4,"confirmed":true,"resources":null}}
[2026-09-08 17:07:13] 🚀 [loop] expedition: выключен → пропускаем launchExpeditions
[2026-09-08 17:07:13] 📊 [tick] миссий: 23 (return:12 attack:3 expedition:2 unknown:6), атаки: 0
[2026-09-08 17:08:48] 🔘 [loop] флаги: farm=ON (Линкор), expedition=OFF (Линкор×300e9, Броненосец×3e9, Эсминец×2e9, Крейсер×7e9), safety=ON; reserveSlots=20
[2026-09-08 17:08:49] 🔒 [loop] safety: включён → запускаем runSafetyCheck
[2026-09-08 17:08:49] 🛡️ [safety] Главная луна 1:363:6: входящие=0
[2026-09-08 17:08:49] 🛡️ [safety] Атак на главную луну нет, эвакуированных флотов нет
[2026-09-08 17:08:49] 🌾 [loop] farm: включён → запускаем runFarmCycle
[2026-09-08 17:08:49] 🌾 [farm] ВХОД: analysis={"total":24,"outgoing":11,"returning":13,"byType":{"attack":4,"return":12,"expedition":2,"unknown":6},"activeSlots":11}
[2026-09-08 17:08:49] 🌾 [farm] Свободных миссий: 9 (занято 11/20)
[2026-09-08 17:08:49] 🌾 [farm] Состояние: queue=0, pendingReport=null, scanSystem=377, attacked=240, failed=11
[2026-09-08 17:08:49] 🌾 [farm] Переход к системе 1:378 (range=30, было 377)
[2026-09-08 17:08:50] 🌾 [farm] Система 1:378 получена: планет в таблице=11
[2026-09-08 17:08:50] 🌾 [farm] Фильтры: ourCoords=1:363:6,1:257:13,1:260:9,1:318:1,1:331:12,1:364:9,1:364:14,1:369:4,1:378:12,1:521:15,1:610:11,1:611:5,1:907:15,1:918:1, busyCoords=22
[2026-09-08 17:08:50] 🌾 [farm] Неактивных после базовых фильтров: 6 — AMGmod48[4](lolonginactive), axe34[10](lolonginactive), apsad[11](lolonginactive), владимир[13](lolonginactive), Typucm45[14](lolonginactive), нечто[15](lolonginactive)
[2026-09-08 17:08:50] 🌾 [farm] Система 1:378: в очередь 6 — AMGmod48[4], axe34[10], apsad[11], владимир[13], Typucm45[14], нечто[15]
[2026-09-08 17:08:50] 🌾 [farm] current_goal = [1:378:4] AMGmod48 — отправляем шпионов (зондов: 5000)
[2026-09-08 17:08:51] 📍 [mission] Цель: 1:378:4 (mission=6), корабли источника: {"203":"523740130933","207":"206950326071","210":"5065819257"}
[2026-09-08 17:08:52] 🎯 [mission] Цель (стадия 2): {"galaxy":"1","system":"378","planet":"4","planet_type":"1"}
[2026-09-08 17:08:53] 🕵️ [spy] Шпионаж → 1:378:4 (AMGmod48) [sent]
[2026-09-08 17:08:54] 🌾 [farm] spyTargets: sent=[{"coords":"1:378:4","player":"AMGmod48","dryRun":false}], skipped=[], failed=[]
[2026-09-08 17:08:54] 🌾 [farm] Шпионы на [1:378:4] отправлены — ждём отчёт 60000мс
[2026-09-08 17:08:54] 🌾 [loop] farm результат: {"spied":"1:378:4","waitingReport":true}
[2026-09-08 17:08:54] 🚀 [loop] expedition: выключен → пропускаем launchExpeditions
[2026-09-08 17:08:54] 📊 [tick] миссий: 24 (attack:4 return:12 expedition:2 unknown:6), атаки: 0
[2026-09-08 17:10:23] 🔘 [loop] флаги: farm=ON (Линкор), expedition=OFF (Линкор×300e9, Броненосец×3e9, Эсминец×2e9, Крейсер×7e9), safety=ON; reserveSlots=20
[2026-09-08 17:10:25] 🔒 [loop] safety: включён → запускаем runSafetyCheck
[2026-09-08 17:10:25] 🛡️ [safety] Главная луна 1:363:6: входящие=0
[2026-09-08 17:10:25] 🛡️ [safety] Атак на главную луну нет, эвакуированных флотов нет
[2026-09-08 17:10:25] 🌾 [loop] farm: включён → запускаем runFarmCycle
[2026-09-08 17:10:25] 🌾 [farm] ВХОД: analysis={"total":23,"outgoing":10,"returning":13,"byType":{"return":12,"attack":3,"expedition":2,"unknown":6},"activeSlots":10}
[2026-09-08 17:10:25] 🌾 [farm] Свободных миссий: 10 (занято 10/20)
[2026-09-08 17:10:25] 🌾 [farm] Состояние: queue=6, pendingReport={"coords":"1:378:4","player":"AMGmod48","spiedAt":1788876534786}, scanSystem=378, attacked=240, failed=11
[2026-09-08 17:10:25] 🌾 [farm] Ждём отчёт по 1:378:4: прошло 91с из 60с
[2026-09-08 17:10:25] 🌾 [farm] Время вышло — ищем отчёт по 1:378:4
[2026-09-08 17:10:28] 🌾 [farm] Список сообщений (попытка 1): байт=670763, title="(нет title)", строк=100
[2026-09-08 17:10:28] 🌾 [farm] Сообщений: всего=100, шпионских по 1:378:4=1 — #85122084(08.09 - 17:09:07|Колония [1:378:4]|Шпионский доклад)
[2026-09-08 17:10:28] 🌾 [farm] #85122084 (inline): М=132283949764263, А=26521916995396, У=19206517732753, игрок= В момент шпионажа Место: 194 Очков: 501 936 289 468 110 ');
[2026-09-08 17:10:28] 🌾 [farm] Доклад « В момент шпионажа Место: 194 Очков: 501 936 289 468 110 ');» [1:378:4] (msg#85122084, src=inline): Металл 132283949764263, Алмаз 26521916995396, Уран 19206517732753 → Итого 178012384492412 → 118674922995 × Линкор (вместимость 1500)
[2026-09-08 17:10:28] 🌾 [farm] Атака: target=1:378:4, mission=1, ships={207: 118674922995} (Линкор), fromCp=31694, dryRun=false
[2026-09-08 17:10:29] 📍 [mission] Цель: 1:378:4 (mission=1), корабли источника: {"203":"523740130933","207":"206950326071","210":"5065819257"}
[2026-09-08 17:10:30] 🎯 [mission] Цель (стадия 2): {"galaxy":"1","system":"378","planet":"4","planet_type":"1"}
[2026-09-08 17:10:30] 🌾 [farm] Результат sendMission: ok=true, stage=4, confirmed=true, error=-
[2026-09-08 17:10:30] 🌾 [farm] ✅ ФЛОТ ОТПРАВЛЕН: [1:378:4] (AMGmod48), 118674922995 × Линкор, источник: главная луна cp=31694
[2026-09-08 17:10:30] 🌾 [farm] finishTarget [1:378:4]: queue 6→5, info={"ok":true,"count":118674922995,"ship":"Линкор","atk":{"ok":true,"stage":4,"confirmed":true,"resources":null}}
[2026-09-08 17:10:30] 🌾 [farm] [1:378:4] помечено как атакованное (кулдаун 1ч)
[2026-09-08 17:10:30] 🌾 [loop] farm результат: {"target":"1:378:4","ok":true,"count":118674922995,"ship":"Линкор","atk":{"ok":true,"stage":4,"confirmed":true,"resources":null}}
[2026-09-08 17:10:30] 🚀 [loop] expedition: выключен → пропускаем launchExpeditions
[2026-09-08 17:10:30] 📊 [tick] миссий: 23 (return:12 attack:3 expedition:2 unknown:6), атаки: 0
[2026-09-08 17:11:54] 🔘 [loop] флаги: farm=ON (Линкор), expedition=OFF (Линкор×300e9, Броненосец×3e9, Эсминец×2e9, Крейсер×7e9), safety=ON; reserveSlots=20
[2026-09-08 17:11:56] 🔒 [loop] safety: включён → запускаем runSafetyCheck
[2026-09-08 17:11:56] 🛡️ [safety] Главная луна 1:363:6: входящие=0
[2026-09-08 17:11:56] 🛡️ [safety] Атак на главную луну нет, эвакуированных флотов нет
[2026-09-08 17:11:56] 🌾 [loop] farm: включён → запускаем runFarmCycle
[2026-09-08 17:11:56] 🌾 [farm] ВХОД: analysis={"total":24,"outgoing":11,"returning":13,"byType":{"attack":4,"return":12,"expedition":2,"unknown":6},"activeSlots":11}
[2026-09-08 17:11:56] 🌾 [farm] Свободных миссий: 9 (занято 11/20)
[2026-09-08 17:11:56] 🌾 [farm] Состояние: queue=5, pendingReport=null, scanSystem=378, attacked=240, failed=11
[2026-09-08 17:11:56] 🌾 [farm] current_goal = [1:378:10] axe34 — отправляем шпионов (зондов: 5000)
[2026-09-08 17:11:57] 📍 [mission] Цель: 1:378:10 (mission=6), корабли источника: {"203":"523740130933","207":"158399421691","210":"5065819257"}
[2026-09-08 17:11:57] 🎯 [mission] Цель (стадия 2): {"galaxy":"1","system":"378","planet":"10","planet_type":"1"}
[2026-09-08 17:11:58] 🕵️ [spy] Шпионаж → 1:378:10 (axe34) [sent]
[2026-09-08 17:11:59] 🌾 [farm] spyTargets: sent=[{"coords":"1:378:10","player":"axe34","dryRun":false}], skipped=[], failed=[]
[2026-09-08 17:11:59] 🌾 [farm] Шпионы на [1:378:10] отправлены — ждём отчёт 60000мс
[2026-09-08 17:11:59] 🌾 [loop] farm результат: {"spied":"1:378:10","waitingReport":true}
[2026-09-08 17:11:59] 🚀 [loop] expedition: выключен → пропускаем launchExpeditions
[2026-09-08 17:11:59] 📊 [tick] миссий: 24 (attack:4 return:12 expedition:2 unknown:6), атаки: 0
[2026-09-08 17:13:23] 🔘 [loop] флаги: farm=ON (Линкор), expedition=OFF (Линкор×300e9, Броненосец×3e9, Эсминец×2e9, Крейсер×7e9), safety=ON; reserveSlots=20
[2026-09-08 17:13:24] 🔒 [loop] safety: включён → запускаем runSafetyCheck
[2026-09-08 17:13:24] 🛡️ [safety] Главная луна 1:363:6: входящие=0
[2026-09-08 17:13:24] 🛡️ [safety] Атак на главную луну нет, эвакуированных флотов нет
[2026-09-08 17:13:24] 🌾 [loop] farm: включён → запускаем runFarmCycle
[2026-09-08 17:13:24] 🌾 [farm] ВХОД: analysis={"total":23,"outgoing":10,"returning":13,"byType":{"attack":3,"return":12,"expedition":2,"unknown":6},"activeSlots":10}
[2026-09-08 17:13:24] 🌾 [farm] Свободных миссий: 10 (занято 10/20)
[2026-09-08 17:13:24] 🌾 [farm] Состояние: queue=5, pendingReport={"coords":"1:378:10","player":"axe34","spiedAt":1788876719884}, scanSystem=378, attacked=240, failed=11
[2026-09-08 17:13:24] 🌾 [farm] Ждём отчёт по 1:378:10: прошло 85с из 60с
[2026-09-08 17:13:24] 🌾 [farm] Время вышло — ищем отчёт по 1:378:10
[2026-09-08 17:13:27] 🌾 [farm] Список сообщений (попытка 1): байт=671785, title="(нет title)", строк=100
[2026-09-08 17:13:27] 🌾 [farm] Сообщений: всего=100, шпионских по 1:378:10=1 — #85122198(08.09 - 17:12:12|axel [1:378:10]|Шпионский доклад)
[2026-09-08 17:13:27] 🌾 [farm] #85122198 (inline): М=103169217010513, А=36116874611443, У=20225286420751, игрок= В момент шпионажа Место: 787 Очков: 8 078 948 683 385 Специальность: Шахтер ');
[2026-09-08 17:13:27] 🌾 [farm] Доклад « В момент шпионажа Место: 787 Очков: 8 078 948 683 385 Специальность: Шахтер ');» [1:378:10] (msg#85122198, src=inline): Металл 103169217010513, Алмаз 36116874611443, Уран 20225286420751 → Итого 159511378042707 → 106340918696 × Линкор (вместимость 1500)
[2026-09-08 17:13:27] 🌾 [farm] Атака: target=1:378:10, mission=1, ships={207: 106340918696} (Линкор), fromCp=31694, dryRun=false
[2026-09-08 17:13:29] 📍 [mission] Цель: 1:378:10 (mission=1), корабли источника: {"203":"523740130933","207":"158399421691","210":"5065819257"}
[2026-09-08 17:13:29] 🎯 [mission] Цель (стадия 2): {"galaxy":"1","system":"378","planet":"10","planet_type":"1"}
[2026-09-08 17:13:30] 🌾 [farm] Результат sendMission: ok=true, stage=4, confirmed=true, error=-
[2026-09-08 17:13:30] 🌾 [farm] ✅ ФЛОТ ОТПРАВЛЕН: [1:378:10] (axe34), 106340918696 × Линкор, источник: главная луна cp=31694
[2026-09-08 17:13:30] 🌾 [farm] finishTarget [1:378:10]: queue 5→4, info={"ok":true,"count":106340918696,"ship":"Линкор","atk":{"ok":true,"stage":4,"confirmed":true,"resources":null}}
[2026-09-08 17:13:30] 🌾 [farm] [1:378:10] помечено как атакованное (кулдаун 1ч)
[2026-09-08 17:13:30] 🌾 [loop] farm результат: {"target":"1:378:10","ok":true,"count":106340918696,"ship":"Линкор","atk":{"ok":true,"stage":4,"confirmed":true,"resources":null}}
[2026-09-08 17:13:30] 🚀 [loop] expedition: выключен → пропускаем launchExpeditions
[2026-09-08 17:13:30] 📊 [tick] миссий: 23 (attack:3 return:12 expedition:2 unknown:6), атаки: 0
[2026-09-08 17:14:55] 🔘 [loop] флаги: farm=ON (Линкор), expedition=OFF (Линкор×300e9, Броненосец×3e9, Эсминец×2e9, Крейсер×7e9), safety=ON; reserveSlots=20
[2026-09-08 17:14:56] 🔒 [loop] safety: включён → запускаем runSafetyCheck
[2026-09-08 17:14:56] 🛡️ [safety] Главная луна 1:363:6: входящие=0
[2026-09-08 17:14:56] 🛡️ [safety] Атак на главную луну нет, эвакуированных флотов нет
[2026-09-08 17:14:56] 🌾 [loop] farm: включён → запускаем runFarmCycle
[2026-09-08 17:14:56] 🌾 [farm] ВХОД: analysis={"total":25,"outgoing":11,"returning":14,"byType":{"attack":4,"return":13,"expedition":2,"unknown":6},"activeSlots":11}
[2026-09-08 17:14:56] 🌾 [farm] Свободных миссий: 9 (занято 11/20)
[2026-09-08 17:14:56] 🌾 [farm] Состояние: queue=4, pendingReport=null, scanSystem=378, attacked=240, failed=11
[2026-09-08 17:14:56] 🌾 [farm] current_goal = [1:378:11] apsad — отправляем шпионов (зондов: 5000)
[2026-09-08 17:14:57] 📍 [mission] Цель: 1:378:11 (mission=6), корабли источника: {"203":"523740130933","207":"52058502995","210":"5065819257"}
[2026-09-08 17:14:58] 🎯 [mission] Цель (стадия 2): {"galaxy":"1","system":"378","planet":"11","planet_type":"1"}
[2026-09-08 17:14:58] 🕵️ [spy] Шпионаж → 1:378:11 (apsad) [sent]
[2026-09-08 17:15:00] 🌾 [farm] spyTargets: sent=[{"coords":"1:378:11","player":"apsad","dryRun":false}], skipped=[], failed=[]
[2026-09-08 17:15:00] 🌾 [farm] Шпионы на [1:378:11] отправлены — ждём отчёт 60000мс
[2026-09-08 17:15:00] 🌾 [loop] farm результат: {"spied":"1:378:11","waitingReport":true}
[2026-09-08 17:15:00] 🚀 [loop] expedition: выключен → пропускаем launchExpeditions
[2026-09-08 17:15:00] 📊 [tick] миссий: 25 (attack:4 return:13 expedition:2 unknown:6), атаки: 0
[2026-09-08 17:16:31] 🔘 [loop] флаги: farm=ON (Линкор), expedition=OFF (Линкор×300e9, Броненосец×3e9, Эсминец×2e9, Крейсер×7e9), safety=ON; reserveSlots=20
[2026-09-08 17:16:32] 🔒 [loop] safety: включён → запускаем runSafetyCheck
[2026-09-08 17:16:32] 🛡️ [safety] Главная луна 1:363:6: входящие=0
[2026-09-08 17:16:32] 🛡️ [safety] Атак на главную луну нет, эвакуированных флотов нет
[2026-09-08 17:16:32] 🌾 [loop] farm: включён → запускаем runFarmCycle
[2026-09-08 17:16:32] 🌾 [farm] ВХОД: analysis={"total":24,"outgoing":10,"returning":14,"byType":{"return":13,"attack":3,"expedition":2,"unknown":6},"activeSlots":10}
[2026-09-08 17:16:32] 🌾 [farm] Свободных миссий: 10 (занято 10/20)
[2026-09-08 17:16:32] 🌾 [farm] Состояние: queue=4, pendingReport={"coords":"1:378:11","player":"apsad","spiedAt":1788876900392}, scanSystem=378, attacked=240, failed=11
[2026-09-08 17:16:32] 🌾 [farm] Ждём отчёт по 1:378:11: прошло 92с из 60с
[2026-09-08 17:16:32] 🌾 [farm] Время вышло — ищем отчёт по 1:378:11
[2026-09-08 17:16:35] 🌾 [farm] Список сообщений (попытка 1): байт=666925, title="(нет title)", строк=100
[2026-09-08 17:16:35] 🌾 [farm] Сообщений: всего=100, шпионских по 1:378:11=1 — #85122284(08.09 - 17:15:12|Колония [1:378:11]|Шпионский доклад)
[2026-09-08 17:16:35] 🌾 [farm] #85122284 (inline): М=150941808922272, А=25492460685600, У=18459052110506, игрок= В момент шпионажа Место: 656 Очков: 16 475 608 629 244 Специальность: Шахтер ');
[2026-09-08 17:16:35] 🌾 [farm] Доклад « В момент шпионажа Место: 656 Очков: 16 475 608 629 244 Специальность: Шахтер ');» [1:378:11] (msg#85122284, src=inline): Металл 150941808922272, Алмаз 25492460685600, Уран 18459052110506 → Итого 194893321718378 → 129928881146 × Линкор (вместимость 1500)
[2026-09-08 17:16:35] 🌾 [farm] Атака: target=1:378:11, mission=1, ships={207: 129928881146} (Линкор), fromCp=31694, dryRun=false
[2026-09-08 17:16:36] 📍 [mission] Цель: 1:378:11 (mission=1), корабли источника: {"203":"523740130933","207":"52058502995","210":"5065819257"}
[2026-09-08 17:17:01] 🌾 [farm] Результат sendMission: ok=false, stage=2, confirmed=undefined, error=Уведомление: У Вас нет 129&nbsp;928&nbsp;881&nbsp;146 единиц
[2026-09-08 17:17:01] 🌾 [farm] Атака не удалась (стадия 2): Уведомление: У Вас нет 129&nbsp;928&nbsp;881&nbsp;146 единиц
[2026-09-08 17:17:01] 🌾 [farm] finishTarget [1:378:11]: queue 4→3, info={"ok":false,"error":"Уведомление: У Вас нет 129&nbsp;928&nbsp;881&nbsp;146 единиц","stage":2}
[2026-09-08 17:17:01] 🌾 [loop] farm результат: {"target":"1:378:11","ok":false,"error":"Уведомление: У Вас нет 129&nbsp;928&nbsp;881&nbsp;146 единиц","stage":2}
[2026-09-08 17:17:01] 🚀 [loop] expedition: выключен → пропускаем launchExpeditions
[2026-09-08 17:17:01] 📊 [tick] миссий: 24 (return:13 attack:3 expedition:2 unknown:6), атаки: 0
[2026-09-08 17:17:58] 🔘 [loop] флаги: farm=ON (Линкор), expedition=OFF (Линкор×300e9, Броненосец×3e9, Эсминец×2e9, Крейсер×7e9), safety=ON; reserveSlots=20
[2026-09-08 17:17:59] 🔒 [loop] safety: включён → запускаем runSafetyCheck
[2026-09-08 17:17:59] 🛡️ [safety] Главная луна 1:363:6: входящие=0
[2026-09-08 17:17:59] 🛡️ [safety] Атак на главную луну нет, эвакуированных флотов нет
[2026-09-08 17:17:59] 🌾 [loop] farm: включён → запускаем runFarmCycle
[2026-09-08 17:17:59] 🌾 [farm] ВХОД: analysis={"total":23,"outgoing":10,"returning":13,"byType":{"attack":3,"return":12,"expedition":2,"unknown":6},"activeSlots":10}
[2026-09-08 17:17:59] 🌾 [farm] Свободных миссий: 10 (занято 10/20)
[2026-09-08 17:17:59] 🌾 [farm] Состояние: queue=3, pendingReport=null, scanSystem=378, attacked=240, failed=11
[2026-09-08 17:17:59] 🌾 [farm] current_goal = [1:378:13] владимир — отправляем шпионов (зондов: 5000)
[2026-09-08 17:18:00] 📍 [mission] Цель: 1:378:13 (mission=6), корабли источника: {"203":"523740130933","207":"143082658424","210":"5065819257"}
[2026-09-08 17:18:00] 🎯 [mission] Цель (стадия 2): {"galaxy":"1","system":"378","planet":"13","planet_type":"1"}
[2026-09-08 17:18:01] 🕵️ [spy] Шпионаж → 1:378:13 (владимир) [sent]
[2026-09-08 17:18:03] 🌾 [farm] spyTargets: sent=[{"coords":"1:378:13","player":"владимир","dryRun":false}], skipped=[], failed=[]
[2026-09-08 17:18:03] 🌾 [farm] Шпионы на [1:378:13] отправлены — ждём отчёт 60000мс
[2026-09-08 17:18:03] 🌾 [loop] farm результат: {"spied":"1:378:13","waitingReport":true}
[2026-09-08 17:18:03] 🚀 [loop] expedition: выключен → пропускаем launchExpeditions
[2026-09-08 17:18:03] 📊 [tick] миссий: 23 (attack:3 return:12 expedition:2 unknown:6), атаки: 0
[2026-09-08 17:19:36] 🔘 [loop] флаги: farm=ON (Линкор), expedition=OFF (Линкор×300e9, Броненосец×3e9, Эсминец×2e9, Крейсер×7e9), safety=ON; reserveSlots=20
[2026-09-08 17:19:38] 🔒 [loop] safety: включён → запускаем runSafetyCheck
[2026-09-08 17:19:38] 🛡️ [safety] Главная луна 1:363:6: входящие=0
[2026-09-08 17:19:38] 🛡️ [safety] Атак на главную луну нет, эвакуированных флотов нет
[2026-09-08 17:19:38] 🌾 [loop] farm: включён → запускаем runFarmCycle
[2026-09-08 17:19:38] 🌾 [farm] ВХОД: analysis={"total":22,"outgoing":9,"returning":13,"byType":{"return":12,"attack":2,"expedition":2,"unknown":6},"activeSlots":9}
[2026-09-08 17:19:38] 🌾 [farm] Свободных миссий: 11 (занято 9/20)
[2026-09-08 17:19:38] 🌾 [farm] Состояние: queue=3, pendingReport={"coords":"1:378:13","player":"владимир","spiedAt":1788877083007}, scanSystem=378, attacked=240, failed=11
[2026-09-08 17:19:38] 🌾 [farm] Ждём отчёт по 1:378:13: прошло 96с из 60с
[2026-09-08 17:19:38] 🌾 [farm] Время вышло — ищем отчёт по 1:378:13
[2026-09-08 17:19:42] 🌾 [farm] Список сообщений (попытка 1): байт=662293, title="(нет title)", строк=100
[2026-09-08 17:19:42] 🌾 [farm] Сообщений: всего=100, шпионских по 1:378:13=1 — #85122450(08.09 - 17:18:15|Колония [1:378:13]|Шпионский доклад)
[2026-09-08 17:19:42] 🌾 [farm] #85122450 (inline): М=84639785391771, А=18711597754687, У=16766995412218, игрок= В момент шпионажа Место: 514 Очков: 36 836 662 815 141 ');
[2026-09-08 17:19:42] 🌾 [farm] Доклад « В момент шпионажа Место: 514 Очков: 36 836 662 815 141 ');» [1:378:13] (msg#85122450, src=inline): Металл 84639785391771, Алмаз 18711597754687, Уран 16766995412218 → Итого 120118378558676 → 80078919040 × Линкор (вместимость 1500)
[2026-09-08 17:19:42] 🌾 [farm] Атака: target=1:378:13, mission=1, ships={207: 80078919040} (Линкор), fromCp=31694, dryRun=false
[2026-09-08 17:19:43] 📍 [mission] Цель: 1:378:13 (mission=1), корабли источника: {"203":"523740130933","207":"143082658424","210":"5065819257"}
[2026-09-08 17:19:43] 🎯 [mission] Цель (стадия 2): {"galaxy":"1","system":"378","planet":"13","planet_type":"1"}
[2026-09-08 17:19:44] 🌾 [farm] Результат sendMission: ok=true, stage=4, confirmed=true, error=-
[2026-09-08 17:19:44] 🌾 [farm] ✅ ФЛОТ ОТПРАВЛЕН: [1:378:13] (владимир), 80078919040 × Линкор, источник: главная луна cp=31694
[2026-09-08 17:19:44] 🌾 [farm] finishTarget [1:378:13]: queue 3→2, info={"ok":true,"count":80078919040,"ship":"Линкор","atk":{"ok":true,"stage":4,"confirmed":true,"resources":null}}
[2026-09-08 17:19:44] 🌾 [farm] [1:378:13] помечено как атакованное (кулдаун 1ч)
[2026-09-08 17:19:44] 🌾 [loop] farm результат: {"target":"1:378:13","ok":true,"count":80078919040,"ship":"Линкор","atk":{"ok":true,"stage":4,"confirmed":true,"resources":null}}
[2026-09-08 17:19:44] 🚀 [loop] expedition: выключен → пропускаем launchExpeditions
[2026-09-08 17:19:44] 📊 [tick] миссий: 22 (return:12 attack:2 expedition:2 unknown:6), атаки: 0
[2026-09-08 17:21:04] 🔘 [loop] флаги: farm=ON (Линкор), expedition=OFF (Линкор×300e9, Броненосец×3e9, Эсминец×2e9, Крейсер×7e9), safety=ON; reserveSlots=20
[2026-09-08 17:21:05] 🔒 [loop] safety: включён → запускаем runSafetyCheck
[2026-09-08 17:21:05] 🛡️ [safety] Главная луна 1:363:6: входящие=0
[2026-09-08 17:21:05] 🛡️ [safety] Атак на главную луну нет, эвакуированных флотов нет
[2026-09-08 17:21:05] 🌾 [loop] farm: включён → запускаем runFarmCycle
[2026-09-08 17:21:05] 🌾 [farm] ВХОД: analysis={"total":23,"outgoing":10,"returning":13,"byType":{"attack":3,"return":12,"expedition":2,"unknown":6},"activeSlots":10}
[2026-09-08 17:21:05] 🌾 [farm] Свободных миссий: 10 (занято 10/20)
[2026-09-08 17:21:05] 🌾 [farm] Состояние: queue=2, pendingReport=null, scanSystem=378, attacked=240, failed=11
[2026-09-08 17:21:05] 🌾 [farm] current_goal = [1:378:14] Typucm45 — отправляем шпионов (зондов: 5000)
[2026-09-08 17:21:06] 📍 [mission] Цель: 1:378:14 (mission=6), корабли источника: {"203":"523740130933","207":"172997108102","210":"5065819257"}
[2026-09-08 17:21:07] 🎯 [mission] Цель (стадия 2): {"galaxy":"1","system":"378","planet":"14","planet_type":"1"}
[2026-09-08 17:21:07] 🕵️ [spy] Шпионаж → 1:378:14 (Typucm45) [sent]
[2026-09-08 17:21:09] 🌾 [farm] spyTargets: sent=[{"coords":"1:378:14","player":"Typucm45","dryRun":false}], skipped=[], failed=[]
[2026-09-08 17:21:09] 🌾 [farm] Шпионы на [1:378:14] отправлены — ждём отчёт 60000мс
[2026-09-08 17:21:09] 🌾 [loop] farm результат: {"spied":"1:378:14","waitingReport":true}
[2026-09-08 17:21:09] 🚀 [loop] expedition: выключен → пропускаем launchExpeditions
[2026-09-08 17:21:09] 📊 [tick] миссий: 23 (attack:3 return:12 expedition:2 unknown:6), атаки: 0
[2026-09-08 17:22:39] 🔘 [loop] флаги: farm=ON (Линкор), expedition=OFF (Линкор×300e9, Броненосец×3e9, Эсминец×2e9, Крейсер×7e9), safety=ON; reserveSlots=20
[2026-09-08 17:22:40] 🔒 [loop] safety: включён → запускаем runSafetyCheck
[2026-09-08 17:22:40] 🛡️ [safety] Главная луна 1:363:6: входящие=0
[2026-09-08 17:22:40] 🛡️ [safety] Атак на главную луну нет, эвакуированных флотов нет
[2026-09-08 17:22:40] 🌾 [loop] farm: включён → запускаем runFarmCycle
[2026-09-08 17:22:40] 🌾 [farm] ВХОД: analysis={"total":22,"outgoing":9,"returning":13,"byType":{"return":12,"attack":2,"expedition":2,"unknown":6},"activeSlots":9}
[2026-09-08 17:22:40] 🌾 [farm] Свободных миссий: 11 (занято 9/20)
[2026-09-08 17:22:40] 🌾 [farm] Состояние: queue=2, pendingReport={"coords":"1:378:14","player":"Typucm45","spiedAt":1788877269392}, scanSystem=378, attacked=240, failed=11
[2026-09-08 17:22:40] 🌾 [farm] Ждём отчёт по 1:378:14: прошло 91с из 60с
[2026-09-08 17:22:40] 🌾 [farm] Время вышло — ищем отчёт по 1:378:14
[2026-09-08 17:22:44] 🌾 [farm] Список сообщений (попытка 1): байт=675853, title="(нет title)", строк=100
[2026-09-08 17:22:44] 🌾 [farm] Сообщений: всего=100, шпионских по 1:378:14=1 — #85122660(08.09 - 17:21:21|Колония [1:378:14]|Шпионский доклад)
[2026-09-08 17:22:44] 🌾 [farm] #85122660 (inline): М=87765308427412, А=43007296624686, У=16826838991441, игрок= В момент шпионажа Место: 772 Очков: 8 618 506 294 671 Специальность: Ученый ');
[2026-09-08 17:22:44] 🌾 [farm] Доклад « В момент шпионажа Место: 772 Очков: 8 618 506 294 671 Специальность: Ученый ');» [1:378:14] (msg#85122660, src=inline): Металл 87765308427412, Алмаз 43007296624686, Уран 16826838991441 → Итого 147599444043539 → 98399629363 × Линкор (вместимость 1500)
[2026-09-08 17:22:44] 🌾 [farm] Атака: target=1:378:14, mission=1, ships={207: 98399629363} (Линкор), fromCp=31694, dryRun=false
[2026-09-08 17:22:45] 📍 [mission] Цель: 1:378:14 (mission=1), корабли источника: {"203":"523740130933","207":"172997108102","210":"5065819257"}
[2026-09-08 17:22:46] 🎯 [mission] Цель (стадия 2): {"galaxy":"1","system":"378","planet":"14","planet_type":"1"}
[2026-09-08 17:22:46] 🌾 [farm] Результат sendMission: ok=true, stage=4, confirmed=true, error=-
[2026-09-08 17:22:46] 🌾 [farm] ✅ ФЛОТ ОТПРАВЛЕН: [1:378:14] (Typucm45), 98399629363 × Линкор, источник: главная луна cp=31694
[2026-09-08 17:22:46] 🌾 [farm] finishTarget [1:378:14]: queue 2→1, info={"ok":true,"count":98399629363,"ship":"Линкор","atk":{"ok":true,"stage":4,"confirmed":true,"resources":null}}
[2026-09-08 17:22:46] 🌾 [farm] [1:378:14] помечено как атакованное (кулдаун 1ч)
[2026-09-08 17:22:46] 🌾 [loop] farm результат: {"target":"1:378:14","ok":true,"count":98399629363,"ship":"Линкор","atk":{"ok":true,"stage":4,"confirmed":true,"resources":null}}
[2026-09-08 17:22:46] 🚀 [loop] expedition: выключен → пропускаем launchExpeditions
[2026-09-08 17:22:46] 📊 [tick] миссий: 22 (return:12 attack:2 expedition:2 unknown:6), атаки: 0
[2026-09-08 17:24:17] 🔘 [loop] флаги: farm=ON (Линкор), expedition=OFF (Линкор×300e9, Броненосец×3e9, Эсминец×2e9, Крейсер×7e9), safety=ON; reserveSlots=20
[2026-09-08 17:24:18] 🔒 [loop] safety: включён → запускаем runSafetyCheck
[2026-09-08 17:24:18] 🛡️ [safety] Главная луна 1:363:6: входящие=0
[2026-09-08 17:24:18] 🛡️ [safety] Атак на главную луну нет, эвакуированных флотов нет
[2026-09-08 17:24:18] 🌾 [loop] farm: включён → запускаем runFarmCycle
[2026-09-08 17:24:18] 🌾 [farm] ВХОД: analysis={"total":23,"outgoing":10,"returning":13,"byType":{"attack":3,"return":12,"expedition":2,"unknown":6},"activeSlots":10}
[2026-09-08 17:24:18] 🌾 [farm] Свободных миссий: 10 (занято 10/20)
[2026-09-08 17:24:18] 🌾 [farm] Состояние: queue=1, pendingReport=null, scanSystem=378, attacked=240, failed=11
[2026-09-08 17:24:18] 🌾 [farm] current_goal = [1:378:15] нечто — отправляем шпионов (зондов: 5000)
[2026-09-08 17:24:19] 📍 [mission] Цель: 1:378:15 (mission=6), корабли источника: {"203":"523740130933","207":"151321470826","210":"5065819257"}
[2026-09-08 17:24:20] 🎯 [mission] Цель (стадия 2): {"galaxy":"1","system":"378","planet":"15","planet_type":"1"}
[2026-09-08 17:24:20] 🕵️ [spy] Шпионаж → 1:378:15 (нечто) [sent]
[2026-09-08 17:24:22] 🌾 [farm] spyTargets: sent=[{"coords":"1:378:15","player":"нечто","dryRun":false}], skipped=[], failed=[]
[2026-09-08 17:24:22] 🌾 [farm] Шпионы на [1:378:15] отправлены — ждём отчёт 60000мс
[2026-09-08 17:24:22] 🌾 [loop] farm результат: {"spied":"1:378:15","waitingReport":true}
[2026-09-08 17:24:22] 🚀 [loop] expedition: выключен → пропускаем launchExpeditions
[2026-09-08 17:24:22] 📊 [tick] миссий: 23 (attack:3 return:12 expedition:2 unknown:6), атаки: 0
[2026-09-08 17:25:47] 🔘 [loop] флаги: farm=ON (Линкор), expedition=OFF (Линкор×300e9, Броненосец×3e9, Эсминец×2e9, Крейсер×7e9), safety=ON; reserveSlots=20
[2026-09-08 17:25:48] 🔒 [loop] safety: включён → запускаем runSafetyCheck
[2026-09-08 17:25:48] 🛡️ [safety] Главная луна 1:363:6: входящие=0
[2026-09-08 17:25:48] 🛡️ [safety] Атак на главную луну нет, эвакуированных флотов нет
[2026-09-08 17:25:48] 🌾 [loop] farm: включён → запускаем runFarmCycle
[2026-09-08 17:25:48] 🌾 [farm] ВХОД: analysis={"total":22,"outgoing":9,"returning":13,"byType":{"return":12,"attack":2,"expedition":2,"unknown":6},"activeSlots":9}
[2026-09-08 17:25:48] 🌾 [farm] Свободных миссий: 11 (занято 9/20)
[2026-09-08 17:25:48] 🌾 [farm] Состояние: queue=1, pendingReport={"coords":"1:378:15","player":"нечто","spiedAt":1788877462403}, scanSystem=378, attacked=240, failed=11
[2026-09-08 17:25:48] 🌾 [farm] Ждём отчёт по 1:378:15: прошло 86с из 60с
[2026-09-08 17:25:48] 🌾 [farm] Время вышло — ищем отчёт по 1:378:15
[2026-09-08 17:25:51] 🌾 [farm] Список сообщений (попытка 1): байт=681749, title="(нет title)", строк=100
[2026-09-08 17:25:51] 🌾 [farm] Сообщений: всего=100, шпионских по 1:378:15=1 — #85122809(08.09 - 17:24:34|Колония [1:378:15]|Шпионский доклад)
[2026-09-08 17:25:51] 🌾 [farm] #85122809 (inline): М=21070143827652, А=6504886779259, У=6504886779259, игрок= В момент шпионажа Место: 722 Очков: 11 168 899 426 244 ');
[2026-09-08 17:25:51] 🌾 [farm] Доклад « В момент шпионажа Место: 722 Очков: 11 168 899 426 244 ');» [1:378:15] (msg#85122809, src=inline): Металл 21070143827652, Алмаз 6504886779259, Уран 6504886779259 → Итого 34079917386170 → 22719944925 × Линкор (вместимость 1500)
[2026-09-08 17:25:51] 🌾 [farm] 1:378:15: алмазов 6504886779259 < минимума 15000000000000 — отмечаю как атакованную (накопится к следующему кругу)
[2026-09-08 17:25:51] 🌾 [farm] finishTarget [1:378:15]: queue 1→0, info={"skipped":"low_diamond","diamonds":6504886779259}
[2026-09-08 17:25:51] 🌾 [loop] farm результат: {"target":"1:378:15","skipped":"low_diamond","diamonds":6504886779259}
[2026-09-08 17:25:51] 🚀 [loop] expedition: выключен → пропускаем launchExpeditions
[2026-09-08 17:25:51] 📊 [tick] миссий: 22 (return:12 attack:2 expedition:2 unknown:6), атаки: 0
[2026-09-08 17:27:12] 🔘 [loop] флаги: farm=ON (Линкор), expedition=OFF (Линкор×300e9, Броненосец×3e9, Эсминец×2e9, Крейсер×7e9), safety=ON; reserveSlots=20
[2026-09-08 17:27:14] 🔒 [loop] safety: включён → запускаем runSafetyCheck
[2026-09-08 17:27:14] 🛡️ [safety] Главная луна 1:363:6: входящие=0
[2026-09-08 17:27:14] 🛡️ [safety] Атак на главную луну нет, эвакуированных флотов нет
[2026-09-08 17:27:14] 🌾 [loop] farm: включён → запускаем runFarmCycle
[2026-09-08 17:27:14] 🌾 [farm] ВХОД: analysis={"total":21,"outgoing":9,"returning":12,"byType":{"return":11,"attack":2,"expedition":2,"unknown":6},"activeSlots":9}
[2026-09-08 17:27:14] 🌾 [farm] Свободных миссий: 11 (занято 9/20)
[2026-09-08 17:27:14] 🌾 [farm] Состояние: queue=0, pendingReport=null, scanSystem=378, attacked=240, failed=11
[2026-09-08 17:27:14] 🌾 [farm] Переход к системе 1:379 (range=30, было 378)
[2026-09-08 17:27:14] 🌾 [farm] Система 1:379 получена: планет в таблице=10
[2026-09-08 17:27:14] 🌾 [farm] Фильтры: ourCoords=1:363:6,1:257:13,1:260:9,1:318:1,1:331:12,1:364:9,1:364:14,1:369:4,1:378:12,1:521:15,1:610:11,1:611:5,1:907:15,1:918:1, busyCoords=18
[2026-09-08 17:27:14] 🌾 [farm] Неактивных после базовых фильтров: 5 — BlackSun[6](lolonginactive), Вини[8](lolonginactive), melastt[9](lolonginactive), Страж[11](lolonginactive), Nemo[13](lolonginactive)
[2026-09-08 17:27:14] 🌾 [farm] Система 1:379: в очередь 5 — BlackSun[6], Вини[8], melastt[9], Страж[11], Nemo[13]
[2026-09-08 17:27:14] 🌾 [farm] current_goal = [1:379:6] BlackSun — отправляем шпионов (зондов: 5000)
[2026-09-08 17:27:15] 📍 [mission] Цель: 1:379:6 (mission=6), корабли источника: {"203":"523740130933","207":"263451132031","210":"5065819257"}
[2026-09-08 17:27:16] 🎯 [mission] Цель (стадия 2): {"galaxy":"1","system":"379","planet":"6","planet_type":"1"}
[2026-09-08 17:27:16] 🕵️ [spy] Шпионаж → 1:379:6 (BlackSun) [sent]
[2026-09-08 17:27:18] 🌾 [farm] spyTargets: sent=[{"coords":"1:379:6","player":"BlackSun","dryRun":false}], skipped=[], failed=[]
[2026-09-08 17:27:18] 🌾 [farm] Шпионы на [1:379:6] отправлены — ждём отчёт 60000мс
[2026-09-08 17:27:18] 🌾 [loop] farm результат: {"spied":"1:379:6","waitingReport":true}
[2026-09-08 17:27:18] 🚀 [loop] expedition: выключен → пропускаем launchExpeditions
[2026-09-08 17:27:18] 📊 [tick] миссий: 21 (return:11 attack:2 expedition:2 unknown:6), атаки: 0
[2026-09-08 17:28:39] 🔘 [loop] флаги: farm=ON (Линкор), expedition=OFF (Линкор×300e9, Броненосец×3e9, Эсминец×2e9, Крейсер×7e9), safety=ON; reserveSlots=20
[2026-09-08 17:28:40] 🔒 [loop] safety: включён → запускаем runSafetyCheck
[2026-09-08 17:28:40] 🛡️ [safety] Главная луна 1:363:6: входящие=0
[2026-09-08 17:28:40] 🛡️ [safety] Атак на главную луну нет, эвакуированных флотов нет
[2026-09-08 17:28:40] 🌾 [loop] farm: включён → запускаем runFarmCycle
[2026-09-08 17:28:40] 🌾 [farm] ВХОД: analysis={"total":21,"outgoing":9,"returning":12,"byType":{"return":11,"attack":2,"expedition":2,"unknown":6},"activeSlots":9}
[2026-09-08 17:28:40] 🌾 [farm] Свободных миссий: 11 (занято 9/20)
[2026-09-08 17:28:40] 🌾 [farm] Состояние: queue=5, pendingReport={"coords":"1:379:6","player":"BlackSun","spiedAt":1788877638363}, scanSystem=379, attacked=240, failed=11
[2026-09-08 17:28:40] 🌾 [farm] Ждём отчёт по 1:379:6: прошло 82с из 60с
[2026-09-08 17:28:40] 🌾 [farm] Время вышло — ищем отчёт по 1:379:6
[2026-09-08 17:28:44] 🌾 [farm] Список сообщений (попытка 1): байт=694070, title="(нет title)", строк=0
[2026-09-08 17:28:44] 🌾 [farm] строк=0 → снэпшот: /home/slabak/Documents/serverXG/debug/messages/empty-2026-09-08T14-28-44-540Z.html. Кусок: document.getElementById('massage-container').innerHTML = ' Сообщения \', LEFT, OFFSETY, -20);" onmouseout="return nd();"> 0 ' #modal_header_left{ background-position: -234px -52px; } #modal_header_left:hover{ background-position: -234px -78px; } Сообщения 10 20 30 40 50 60 70 80 90 100 Удалить отмеченные сообщения Удалить неотмеченные сообщения Удалить сообщения выше отмеченного Удалить сообщения 
[2026-09-08 17:28:49] 🌾 [farm] Список сообщений (попытка 2): байт=695564, title="(нет title)", строк=100
[2026-09-08 17:28:49] 🌾 [farm] Сообщений: всего=100, шпионских по 1:379:6=1 — #85122960(08.09 - 17:27:30|оставить [1:379:6]|Шпионский доклад)
[2026-09-08 17:28:49] 🌾 [farm] #85122960 (inline): М=93351812404589, А=23847066342987, У=20797191969157, игрок= В момент шпионажа Место: 563 Очков: 25 350 418 139 292 Специальность: Шахтер ');
[2026-09-08 17:28:49] 🌾 [farm] Доклад « В момент шпионажа Место: 563 Очков: 25 350 418 139 292 Специальность: Шахтер ');» [1:379:6] (msg#85122960, src=inline): Металл 93351812404589, Алмаз 23847066342987, Уран 20797191969157 → Итого 137996070716733 → 91997380478 × Линкор (вместимость 1500)
[2026-09-08 17:28:49] 🌾 [farm] Атака: target=1:379:6, mission=1, ships={207: 91997380478} (Линкор), fromCp=31694, dryRun=false
[2026-09-08 17:28:50] 📍 [mission] Цель: 1:379:6 (mission=1), корабли источника: {"203":"523740130933","207":"263451132031","210":"5065819257"}
[2026-09-08 17:28:51] 🎯 [mission] Цель (стадия 2): {"galaxy":"1","system":"379","planet":"6","planet_type":"1"}
[2026-09-08 17:28:51] 🌾 [farm] Результат sendMission: ok=true, stage=4, confirmed=true, error=-
[2026-09-08 17:28:51] 🌾 [farm] ✅ ФЛОТ ОТПРАВЛЕН: [1:379:6] (BlackSun), 91997380478 × Линкор, источник: главная луна cp=31694
[2026-09-08 17:28:51] 🌾 [farm] finishTarget [1:379:6]: queue 5→4, info={"ok":true,"count":91997380478,"ship":"Линкор","atk":{"ok":true,"stage":4,"confirmed":true,"resources":null}}
[2026-09-08 17:28:51] 🌾 [farm] [1:379:6] помечено как атакованное (кулдаун 1ч)
[2026-09-08 17:28:51] 🌾 [loop] farm результат: {"target":"1:379:6","ok":true,"count":91997380478,"ship":"Линкор","atk":{"ok":true,"stage":4,"confirmed":true,"resources":null}}
[2026-09-08 17:28:51] 🚀 [loop] expedition: выключен → пропускаем launchExpeditions
[2026-09-08 17:28:51] 📊 [tick] миссий: 21 (return:11 attack:2 expedition:2 unknown:6), атаки: 0
[2026-09-08 17:30:10] 🔘 [loop] флаги: farm=ON (Линкор), expedition=OFF (Линкор×300e9, Броненосец×3e9, Эсминец×2e9, Крейсер×7e9), safety=ON; reserveSlots=20
[2026-09-08 17:30:12] 🔒 [loop] safety: включён → запускаем runSafetyCheck
[2026-09-08 17:30:12] 🛡️ [safety] Главная луна 1:363:6: входящие=0
[2026-09-08 17:30:12] 🛡️ [safety] Атак на главную луну нет, эвакуированных флотов нет
[2026-09-08 17:30:12] 🌾 [loop] farm: включён → запускаем runFarmCycle
[2026-09-08 17:30:12] 🌾 [farm] ВХОД: analysis={"total":22,"outgoing":10,"returning":12,"byType":{"attack":3,"return":10,"transport":1,"expedition":2,"unknown":6},"activeSlots":10}
[2026-09-08 17:30:12] 🌾 [farm] Свободных миссий: 10 (занято 10/20)
[2026-09-08 17:30:12] 🌾 [farm] Состояние: queue=4, pendingReport=null, scanSystem=379, attacked=240, failed=11
[2026-09-08 17:30:12] 🌾 [farm] current_goal = [1:379:8] Вини — отправляем шпионов (зондов: 5000)
[2026-09-08 17:30:13] 📍 [mission] Цель: 1:379:8 (mission=6), корабли источника: {"203":"523740130933","207":"283166017514","210":"5065819257"}
[2026-09-08 17:30:13] 🎯 [mission] Цель (стадия 2): {"galaxy":"1","system":"379","planet":"8","planet_type":"1"}
[2026-09-08 17:30:14] 🕵️ [spy] Шпионаж → 1:379:8 (Вини) [sent]
[2026-09-08 17:30:15] 🌾 [farm] spyTargets: sent=[{"coords":"1:379:8","player":"Вини","dryRun":false}], skipped=[], failed=[]
[2026-09-08 17:30:15] 🌾 [farm] Шпионы на [1:379:8] отправлены — ждём отчёт 60000мс
[2026-09-08 17:30:15] 🌾 [loop] farm результат: {"spied":"1:379:8","waitingReport":true}
[2026-09-08 17:30:15] 🚀 [loop] expedition: выключен → пропускаем launchExpeditions
[2026-09-08 17:30:15] 📊 [tick] миссий: 22 (attack:3 return:10 transport:1 expedition:2 unknown:6), атаки: 0
[2026-09-08 17:31:46] 🔘 [loop] флаги: farm=ON (Линкор), expedition=OFF (Линкор×300e9, Броненосец×3e9, Эсминец×2e9, Крейсер×7e9), safety=ON; reserveSlots=20
[2026-09-08 17:31:47] 🔒 [loop] safety: включён → запускаем runSafetyCheck
[2026-09-08 17:31:47] 🛡️ [safety] Главная луна 1:363:6: входящие=0
[2026-09-08 17:31:47] 🛡️ [safety] Атак на главную луну нет, эвакуированных флотов нет
[2026-09-08 17:31:47] 🌾 [loop] farm: включён → запускаем runFarmCycle
[2026-09-08 17:31:47] 🌾 [farm] ВХОД: analysis={"total":21,"outgoing":9,"returning":12,"byType":{"return":10,"attack":2,"transport":1,"expedition":2,"unknown":6},"activeSlots":9}
[2026-09-08 17:31:47] 🌾 [farm] Свободных миссий: 11 (занято 9/20)
[2026-09-08 17:31:47] 🌾 [farm] Состояние: queue=4, pendingReport={"coords":"1:379:8","player":"Вини","spiedAt":1788877815957}, scanSystem=379, attacked=240, failed=11
[2026-09-08 17:31:47] 🌾 [farm] Ждём отчёт по 1:379:8: прошло 91с из 60с
[2026-09-08 17:31:47] 🌾 [farm] Время вышло — ищем отчёт по 1:379:8
[2026-09-08 17:31:50] 🌾 [farm] Список сообщений (попытка 1): байт=710239, title="(нет title)", строк=100
[2026-09-08 17:31:50] 🌾 [farm] Сообщений: всего=100, шпионских по 1:379:8=1 — #85123206(08.09 - 17:30:28|Колония [1:379:8]|Шпионский доклад)
[2026-09-08 17:31:50] 🌾 [farm] #85123206 (inline): М=107986648534012, А=39913158009690, У=7076266955237, игрок= В момент шпионажа Место: 973 Очков: 3 326 347 269 690 Специальность: Ученый ');
[2026-09-08 17:31:50] 🌾 [farm] Доклад « В момент шпионажа Место: 973 Очков: 3 326 347 269 690 Специальность: Ученый ');» [1:379:8] (msg#85123206, src=inline): Металл 107986648534012, Алмаз 39913158009690, Уран 7076266955237 → Итого 154976073498939 → 103317382333 × Линкор (вместимость 1500)
[2026-09-08 17:31:50] 🌾 [farm] Атака: target=1:379:8, mission=1, ships={207: 103317382333} (Линкор), fromCp=31694, dryRun=false
[2026-09-08 17:31:51] 📍 [mission] Цель: 1:379:8 (mission=1), корабли источника: {"203":"523740130933","207":"283166017514","210":"5065819257"}
[2026-09-08 17:31:51] 🎯 [mission] Цель (стадия 2): {"galaxy":"1","system":"379","planet":"8","planet_type":"1"}
[2026-09-08 17:31:52] 🌾 [farm] Результат sendMission: ok=true, stage=4, confirmed=true, error=-
[2026-09-08 17:31:52] 🌾 [farm] ✅ ФЛОТ ОТПРАВЛЕН: [1:379:8] (Вини), 103317382333 × Линкор, источник: главная луна cp=31694
[2026-09-08 17:31:52] 🌾 [farm] finishTarget [1:379:8]: queue 4→3, info={"ok":true,"count":103317382333,"ship":"Линкор","atk":{"ok":true,"stage":4,"confirmed":true,"resources":null}}
[2026-09-08 17:31:52] 🌾 [farm] [1:379:8] помечено как атакованное (кулдаун 1ч)
[2026-09-08 17:31:52] 🌾 [loop] farm результат: {"target":"1:379:8","ok":true,"count":103317382333,"ship":"Линкор","atk":{"ok":true,"stage":4,"confirmed":true,"resources":null}}
[2026-09-08 17:31:52] 🚀 [loop] expedition: выключен → пропускаем launchExpeditions
[2026-09-08 17:31:52] 📊 [tick] миссий: 21 (return:10 attack:2 transport:1 expedition:2 unknown:6), атаки: 0
[2026-09-08 17:33:12] 🔘 [loop] флаги: farm=ON (Линкор), expedition=OFF (Линкор×300e9, Броненосец×3e9, Эсминец×2e9, Крейсер×7e9), safety=ON; reserveSlots=20
[2026-09-08 17:33:13] 🔒 [loop] safety: включён → запускаем runSafetyCheck
[2026-09-08 17:33:13] 🛡️ [safety] Главная луна 1:363:6: входящие=0
[2026-09-08 17:33:13] 🛡️ [safety] Атак на главную луну нет, эвакуированных флотов нет
[2026-09-08 17:33:13] 🌾 [loop] farm: включён → запускаем runFarmCycle
[2026-09-08 17:33:13] 🌾 [farm] ВХОД: analysis={"total":23,"outgoing":10,"returning":13,"byType":{"return":11,"attack":3,"transport":1,"expedition":2,"unknown":6},"activeSlots":10}
[2026-09-08 17:33:13] 🌾 [farm] Свободных миссий: 10 (занято 10/20)
[2026-09-08 17:33:13] 🌾 [farm] Состояние: queue=3, pendingReport=null, scanSystem=379, attacked=240, failed=11
[2026-09-08 17:33:13] 🌾 [farm] current_goal = [1:379:9] melastt — отправляем шпионов (зондов: 5000)
[2026-09-08 17:33:14] 📍 [mission] Цель: 1:379:9 (mission=6), корабли источника: {"203":"523740130933","207":"179848635181","210":"5065819257"}
[2026-09-08 17:33:14] 🎯 [mission] Цель (стадия 2): {"galaxy":"1","system":"379","planet":"9","planet_type":"1"}
[2026-09-08 17:33:15] 🕵️ [spy] Шпионаж → 1:379:9 (melastt) [sent]
[2026-09-08 17:33:16] 🌾 [farm] spyTargets: sent=[{"coords":"1:379:9","player":"melastt","dryRun":false}], skipped=[], failed=[]
[2026-09-08 17:33:17] 🌾 [farm] Шпионы на [1:379:9] отправлены — ждём отчёт 60000мс
[2026-09-08 17:33:17] 🌾 [loop] farm результат: {"spied":"1:379:9","waitingReport":true}
[2026-09-08 17:33:17] 🚀 [loop] expedition: выключен → пропускаем launchExpeditions
[2026-09-08 17:33:17] 📊 [tick] миссий: 23 (return:11 attack:3 transport:1 expedition:2 unknown:6), атаки: 0
[2026-09-08 17:34:38] 🔘 [loop] флаги: farm=ON (Линкор), expedition=OFF (Линкор×300e9, Броненосец×3e9, Эсминец×2e9, Крейсер×7e9), safety=ON; reserveSlots=20
[2026-09-08 17:34:45] 🔒 [loop] safety: включён → запускаем runSafetyCheck
[2026-09-08 17:34:45] 🛡️ [safety] Главная луна 1:363:6: входящие=0
[2026-09-08 17:34:45] 🛡️ [safety] Атак на главную луну нет, эвакуированных флотов нет
[2026-09-08 17:34:45] 🌾 [loop] farm: включён → запускаем runFarmCycle
[2026-09-08 17:34:45] 🌾 [farm] ВХОД: analysis={"total":21,"outgoing":9,"returning":12,"byType":{"return":10,"attack":2,"transport":1,"expedition":2,"unknown":6},"activeSlots":9}
[2026-09-08 17:34:45] 🌾 [farm] Свободных миссий: 11 (занято 9/20)
[2026-09-08 17:34:45] 🌾 [farm] Состояние: queue=3, pendingReport={"coords":"1:379:9","player":"melastt","spiedAt":1788877996998}, scanSystem=379, attacked=240, failed=11
[2026-09-08 17:34:45] 🌾 [farm] Ждём отчёт по 1:379:9: прошло 88с из 60с
[2026-09-08 17:34:45] 🌾 [farm] Время вышло — ищем отчёт по 1:379:9
[2026-09-08 17:34:47] 🌾 [farm] Список сообщений (попытка 1): байт=714364, title="(нет title)", строк=100
[2026-09-08 17:34:47] 🌾 [farm] Сообщений: всего=100, шпионских по 1:379:9=1 — #85123471(08.09 - 17:33:29|Катэ [1:379:9]|Шпионский доклад)
[2026-09-08 17:34:47] 🌾 [farm] #85123471 (inline): М=34340835295016, А=30773630964125, У=15605040596701, игрок= В момент шпионажа Место: 968 Очков: 3 386 589 542 519 ');
[2026-09-08 17:34:47] 🌾 [farm] Доклад « В момент шпионажа Место: 968 Очков: 3 386 589 542 519 ');» [1:379:9] (msg#85123471, src=inline): Металл 34340835295016, Алмаз 30773630964125, Уран 15605040596701 → Итого 80719506855842 → 53813004571 × Линкор (вместимость 1500)
[2026-09-08 17:34:47] 🌾 [farm] Атака: target=1:379:9, mission=1, ships={207: 53813004571} (Линкор), fromCp=31694, dryRun=false
[2026-09-08 17:34:48] 📍 [mission] Цель: 1:379:9 (mission=1), корабли источника: {"203":"523740130933","207":"298523558176","210":"5065819257"}
[2026-09-08 17:34:49] 🎯 [mission] Цель (стадия 2): {"galaxy":"1","system":"379","planet":"9","planet_type":"1"}
[2026-09-08 17:34:50] 🌾 [farm] Результат sendMission: ok=true, stage=4, confirmed=true, error=-
[2026-09-08 17:34:50] 🌾 [farm] ✅ ФЛОТ ОТПРАВЛЕН: [1:379:9] (melastt), 53813004571 × Линкор, источник: главная луна cp=31694
[2026-09-08 17:34:50] 🌾 [farm] finishTarget [1:379:9]: queue 3→2, info={"ok":true,"count":53813004571,"ship":"Линкор","atk":{"ok":true,"stage":4,"confirmed":true,"resources":null}}
[2026-09-08 17:34:50] 🌾 [farm] [1:379:9] помечено как атакованное (кулдаун 1ч)
[2026-09-08 17:34:50] 🌾 [loop] farm результат: {"target":"1:379:9","ok":true,"count":53813004571,"ship":"Линкор","atk":{"ok":true,"stage":4,"confirmed":true,"resources":null}}
[2026-09-08 17:34:50] 🚀 [loop] expedition: выключен → пропускаем launchExpeditions
[2026-09-08 17:34:50] 📊 [tick] миссий: 21 (return:10 attack:2 transport:1 expedition:2 unknown:6), атаки: 0
[2026-09-08 17:36:16] 🔘 [loop] флаги: farm=ON (Линкор), expedition=OFF (Линкор×300e9, Броненосец×3e9, Эсминец×2e9, Крейсер×7e9), safety=ON; reserveSlots=20
[2026-09-08 17:36:17] 🔒 [loop] safety: включён → запускаем runSafetyCheck
[2026-09-08 17:36:17] 🛡️ [safety] Главная луна 1:363:6: входящие=0
[2026-09-08 17:36:17] 🛡️ [safety] Атак на главную луну нет, эвакуированных флотов нет
[2026-09-08 17:36:17] 🌾 [loop] farm: включён → запускаем runFarmCycle
[2026-09-08 17:36:17] 🌾 [farm] ВХОД: analysis={"total":23,"outgoing":10,"returning":13,"byType":{"return":11,"attack":3,"transport":1,"expedition":2,"unknown":6},"activeSlots":10}
[2026-09-08 17:36:17] 🌾 [farm] Свободных миссий: 10 (занято 10/20)
[2026-09-08 17:36:17] 🌾 [farm] Состояние: queue=2, pendingReport=null, scanSystem=379, attacked=240, failed=11
[2026-09-08 17:36:17] 🌾 [farm] current_goal = [1:379:11] Страж — отправляем шпионов (зондов: 5000)
[2026-09-08 17:36:18] 📍 [mission] Цель: 1:379:11 (mission=6), корабли источника: {"203":"523740130933","207":"244710553605","210":"5065819257"}
[2026-09-08 17:36:19] 🎯 [mission] Цель (стадия 2): {"galaxy":"1","system":"379","planet":"11","planet_type":"1"}
[2026-09-08 17:36:19] 🕵️ [spy] Шпионаж → 1:379:11 (Страж) [sent]
[2026-09-08 17:36:21] 🌾 [farm] spyTargets: sent=[{"coords":"1:379:11","player":"Страж","dryRun":false}], skipped=[], failed=[]
[2026-09-08 17:36:21] 🌾 [farm] Шпионы на [1:379:11] отправлены — ждём отчёт 60000мс
[2026-09-08 17:36:21] 🌾 [loop] farm результат: {"spied":"1:379:11","waitingReport":true}
[2026-09-08 17:36:21] 🚀 [loop] expedition: выключен → пропускаем launchExpeditions
[2026-09-08 17:36:21] 📊 [tick] миссий: 23 (return:11 attack:3 transport:1 expedition:2 unknown:6), атаки: 0
[2026-09-08 17:37:50] 🔘 [loop] флаги: farm=ON (Линкор), expedition=OFF (Линкор×300e9, Броненосец×3e9, Эсминец×2e9, Крейсер×7e9), safety=ON; reserveSlots=20
[2026-09-08 17:37:52] 🔒 [loop] safety: включён → запускаем runSafetyCheck
[2026-09-08 17:37:52] 🛡️ [safety] Главная луна 1:363:6: входящие=0
[2026-09-08 17:37:52] 🛡️ [safety] Атак на главную луну нет, эвакуированных флотов нет
[2026-09-08 17:37:52] 🌾 [loop] farm: включён → запускаем runFarmCycle
[2026-09-08 17:37:52] 🌾 [farm] ВХОД: analysis={"total":22,"outgoing":10,"returning":12,"byType":{"attack":3,"return":10,"transport":1,"expedition":2,"unknown":6},"activeSlots":10}
[2026-09-08 17:37:52] 🌾 [farm] Свободных миссий: 10 (занято 10/20)
[2026-09-08 17:37:52] 🌾 [farm] Состояние: queue=2, pendingReport={"coords":"1:379:11","player":"Страж","spiedAt":1788878181373}, scanSystem=379, attacked=240, failed=11
[2026-09-08 17:37:52] 🌾 [farm] Ждём отчёт по 1:379:11: прошло 91с из 60с
[2026-09-08 17:37:52] 🌾 [farm] Время вышло — ищем отчёт по 1:379:11
[2026-09-08 17:37:55] 🌾 [farm] Список сообщений (попытка 1): байт=730347, title="(нет title)", строк=0
[2026-09-08 17:37:55] 🌾 [farm] строк=0 → снэпшот: /home/slabak/Documents/serverXG/debug/messages/empty-2026-09-08T14-37-55-655Z.html. Кусок: document.getElementById('massage-container').innerHTML = ' Сообщения \', LEFT, OFFSETY, -20);" onmouseout="return nd();"> 0 ' #modal_header_left{ background-position: -234px -52px; } #modal_header_left:hover{ background-position: -234px -78px; } Сообщения 10 20 30 40 50 60 70 80 90 100 Удалить отмеченные сообщения Удалить неотмеченные сообщения Удалить сообщения выше отмеченного Удалить сообщения 
[2026-09-08 17:38:00] 🌾 [farm] Список сообщений (попытка 2): байт=731835, title="(нет title)", строк=100
[2026-09-08 17:38:00] 🌾 [farm] Сообщений: всего=100, шпионских по 1:379:11=1 — #85123693(08.09 - 17:36:33|11 [1:379:11]|Шпионский доклад)
[2026-09-08 17:38:00] 🌾 [farm] #85123693 (inline): М=134618693799442, А=41992119926304, У=23002332516653, игрок= В момент шпионажа Место: 549 Очков: 28 830 374 957 525 Альянс: СТРАЖИ Специальность: Шахтер ');
[2026-09-08 17:38:00] 🌾 [farm] Доклад « В момент шпионажа Место: 549 Очков: 28 830 374 957 525 Альянс: СТРАЖИ Специальность: Шахтер ');» [1:379:11] (msg#85123693, src=inline): Металл 134618693799442, Алмаз 41992119926304, Уран 23002332516653 → Итого 199613146242399 → 133075430829 × Линкор (вместимость 1500)
[2026-09-08 17:38:00] 🌾 [farm] Атака: target=1:379:11, mission=1, ships={207: 133075430829} (Линкор), fromCp=31694, dryRun=false
[2026-09-08 17:38:01] 📍 [mission] Цель: 1:379:11 (mission=1), корабли источника: {"203":"523740130933","207":"351051472301","210":"5065819257"}
[2026-09-08 17:38:02] 🎯 [mission] Цель (стадия 2): {"galaxy":"1","system":"379","planet":"11","planet_type":"1"}
[2026-09-08 17:38:03] 🌾 [farm] Результат sendMission: ok=true, stage=4, confirmed=true, error=-
[2026-09-08 17:38:03] 🌾 [farm] ✅ ФЛОТ ОТПРАВЛЕН: [1:379:11] (Страж), 133075430829 × Линкор, источник: главная луна cp=31694
[2026-09-08 17:38:03] 🌾 [farm] finishTarget [1:379:11]: queue 2→1, info={"ok":true,"count":133075430829,"ship":"Линкор","atk":{"ok":true,"stage":4,"confirmed":true,"resources":null}}
[2026-09-08 17:38:03] 🌾 [farm] [1:379:11] помечено как атакованное (кулдаун 1ч)
[2026-09-08 17:38:03] 🌾 [loop] farm результат: {"target":"1:379:11","ok":true,"count":133075430829,"ship":"Линкор","atk":{"ok":true,"stage":4,"confirmed":true,"resources":null}}
[2026-09-08 17:38:03] 🚀 [loop] expedition: выключен → пропускаем launchExpeditions
[2026-09-08 17:38:03] 📊 [tick] миссий: 22 (attack:3 return:10 transport:1 expedition:2 unknown:6), атаки: 0
[2026-09-08 17:39:22] 🔘 [loop] флаги: farm=ON (Линкор), expedition=OFF (Линкор×300e9, Броненосец×3e9, Эсминец×2e9, Крейсер×7e9), safety=ON; reserveSlots=20
[2026-09-08 17:39:23] 🔒 [loop] safety: включён → запускаем runSafetyCheck
[2026-09-08 17:39:23] 🛡️ [safety] Главная луна 1:363:6: входящие=0
[2026-09-08 17:39:23] 🛡️ [safety] Атак на главную луну нет, эвакуированных флотов нет
[2026-09-08 17:39:23] 🌾 [loop] farm: включён → запускаем runFarmCycle
[2026-09-08 17:39:23] 🌾 [farm] ВХОД: analysis={"total":24,"outgoing":11,"returning":13,"byType":{"attack":4,"return":11,"transport":1,"expedition":2,"unknown":6},"activeSlots":11}
[2026-09-08 17:39:23] 🌾 [farm] Свободных миссий: 9 (занято 11/20)
[2026-09-08 17:39:23] 🌾 [farm] Состояние: queue=1, pendingReport=null, scanSystem=379, attacked=240, failed=11
[2026-09-08 17:39:23] 🌾 [farm] current_goal = [1:379:13] Nemo — отправляем шпионов (зондов: 5000)
[2026-09-08 17:39:24] 📍 [mission] Цель: 1:379:13 (mission=6), корабли источника: {"203":"523740130933","207":"217976041472","210":"5065819257"}
[2026-09-08 17:39:25] 🎯 [mission] Цель (стадия 2): {"galaxy":"1","system":"379","planet":"13","planet_type":"1"}
[2026-09-08 17:39:26] 🕵️ [spy] Шпионаж → 1:379:13 (Nemo) [sent]
[2026-09-08 17:39:27] 🌾 [farm] spyTargets: sent=[{"coords":"1:379:13","player":"Nemo","dryRun":false}], skipped=[], failed=[]
[2026-09-08 17:39:27] 🌾 [farm] Шпионы на [1:379:13] отправлены — ждём отчёт 60000мс
[2026-09-08 17:39:27] 🌾 [loop] farm результат: {"spied":"1:379:13","waitingReport":true}
[2026-09-08 17:39:27] 🚀 [loop] expedition: выключен → пропускаем launchExpeditions
[2026-09-08 17:39:27] 📊 [tick] миссий: 24 (attack:4 return:11 transport:1 expedition:2 unknown:6), атаки: 0
[2026-09-08 17:40:59] 🔘 [loop] флаги: farm=ON (Линкор), expedition=OFF (Линкор×300e9, Броненосец×3e9, Эсминец×2e9, Крейсер×7e9), safety=ON; reserveSlots=20
[2026-09-08 17:41:00] 🔒 [loop] safety: включён → запускаем runSafetyCheck
[2026-09-08 17:41:00] 🛡️ [safety] Главная луна 1:363:6: входящие=0
[2026-09-08 17:41:00] 🛡️ [safety] Атак на главную луну нет, эвакуированных флотов нет
[2026-09-08 17:41:00] 🌾 [loop] farm: включён → запускаем runFarmCycle
[2026-09-08 17:41:00] 🌾 [farm] ВХОД: analysis={"total":23,"outgoing":10,"returning":13,"byType":{"return":11,"attack":3,"transport":1,"expedition":2,"unknown":6},"activeSlots":10}
[2026-09-08 17:41:00] 🌾 [farm] Свободных миссий: 10 (занято 10/20)
[2026-09-08 17:41:00] 🌾 [farm] Состояние: queue=1, pendingReport={"coords":"1:379:13","player":"Nemo","spiedAt":1788878367725}, scanSystem=379, attacked=240, failed=11
[2026-09-08 17:41:00] 🌾 [farm] Ждём отчёт по 1:379:13: прошло 93с из 60с
[2026-09-08 17:41:00] 🌾 [farm] Время вышло — ищем отчёт по 1:379:13
[2026-09-08 17:41:04] 🌾 [farm] Список сообщений (попытка 1): байт=746918, title="(нет title)", строк=100
[2026-09-08 17:41:04] 🌾 [farm] Сообщений: всего=100, шпионских по 1:379:13=1 — #85123835(08.09 - 17:39:40|Колония [1:379:13]|Шпионский доклад)
[2026-09-08 17:41:04] 🌾 [farm] #85123835 (inline): М=75950836352038, А=28081616166934, У=14804787301249, игрок= В момент шпионажа Место: 989 Очков: 3 083 242 869 838 Специальность: Ученый ');
[2026-09-08 17:41:04] 🌾 [farm] Доклад « В момент шпионажа Место: 989 Очков: 3 083 242 869 838 Специальность: Ученый ');» [1:379:13] (msg#85123835, src=inline): Металл 75950836352038, Алмаз 28081616166934, Уран 14804787301249 → Итого 118837239820221 → 79224826547 × Линкор (вместимость 1500)
[2026-09-08 17:41:04] 🌾 [farm] Атака: target=1:379:13, mission=1, ships={207: 79224826547} (Линкор), fromCp=31694, dryRun=false
[2026-09-08 17:41:05] 📍 [mission] Цель: 1:379:13 (mission=1), корабли источника: {"203":"523740130933","207":"217976041472","210":"5065819257"}
[2026-09-08 17:41:05] 🎯 [mission] Цель (стадия 2): {"galaxy":"1","system":"379","planet":"13","planet_type":"1"}
[2026-09-08 17:41:06] 🌾 [farm] Результат sendMission: ok=true, stage=4, confirmed=true, error=-
[2026-09-08 17:41:06] 🌾 [farm] ✅ ФЛОТ ОТПРАВЛЕН: [1:379:13] (Nemo), 79224826547 × Линкор, источник: главная луна cp=31694
[2026-09-08 17:41:06] 🌾 [farm] finishTarget [1:379:13]: queue 1→0, info={"ok":true,"count":79224826547,"ship":"Линкор","atk":{"ok":true,"stage":4,"confirmed":true,"resources":null}}
[2026-09-08 17:41:06] 🌾 [farm] [1:379:13] помечено как атакованное (кулдаун 1ч)
[2026-09-08 17:41:06] 🌾 [loop] farm результат: {"target":"1:379:13","ok":true,"count":79224826547,"ship":"Линкор","atk":{"ok":true,"stage":4,"confirmed":true,"resources":null}}
[2026-09-08 17:41:06] 🚀 [loop] expedition: выключен → пропускаем launchExpeditions
[2026-09-08 17:41:06] 📊 [tick] миссий: 23 (return:11 attack:3 transport:1 expedition:2 unknown:6), атаки: 0
[2026-09-08 17:42:30] 🔘 [loop] флаги: farm=ON (Линкор), expedition=OFF (Линкор×300e9, Броненосец×3e9, Эсминец×2e9, Крейсер×7e9), safety=ON; reserveSlots=20
[2026-09-08 17:42:31] 🔒 [loop] safety: включён → запускаем runSafetyCheck
[2026-09-08 17:42:31] 🛡️ [safety] Главная луна 1:363:6: входящие=0
[2026-09-08 17:42:31] 🛡️ [safety] Атак на главную луну нет, эвакуированных флотов нет
[2026-09-08 17:42:31] 🌾 [loop] farm: включён → запускаем runFarmCycle
[2026-09-08 17:42:31] 🌾 [farm] ВХОД: analysis={"total":25,"outgoing":11,"returning":14,"byType":{"return":12,"attack":4,"transport":1,"expedition":2,"unknown":6},"activeSlots":11}
[2026-09-08 17:42:31] 🌾 [farm] Свободных миссий: 9 (занято 11/20)
[2026-09-08 17:42:31] 🌾 [farm] Состояние: queue=0, pendingReport=null, scanSystem=379, attacked=240, failed=11
[2026-09-08 17:42:31] 🌾 [farm] Переход к системе 1:380 (range=30, было 379)
[2026-09-08 17:42:31] 🌾 [farm] Система 1:380 получена: планет в таблице=12
[2026-09-08 17:42:31] 🌾 [farm] Фильтры: ourCoords=1:363:6,1:257:13,1:260:9,1:318:1,1:331:12,1:364:9,1:364:14,1:369:4,1:378:12,1:521:15,1:610:11,1:611:5,1:907:15,1:918:1, busyCoords=22
[2026-09-08 17:42:31] 🌾 [farm] Неактивных после базовых фильтров: 11 — kasper3[1](lolonginactive), Parfenon45[2](lolonginactive), arhangel1[3](lolonginactive), Fizruk[4](inactive), general SALO[6](lolonginactive), Алексанр_Матросов[7](lolonginactive), промышленный[9](lolonginactive), ЧИТЕР39[11](lolonginactive), Чудо Травка48[13](lolonginactive), Никто[14](lolonginactive), ЛысыйВТапках[15](lolonginactive)
[2026-09-08 17:42:31] 🌾 [farm] Система 1:380: в очередь 11 — kasper3[1], Parfenon45[2], arhangel1[3], Fizruk[4], general SALO[6], Алексанр_Матросов[7], промышленный[9], ЧИТЕР39[11], Чудо Травка48[13], Никто[14], ЛысыйВТапках[15]
[2026-09-08 17:42:31] 🌾 [farm] current_goal = [1:380:1] kasper3 — отправляем шпионов (зондов: 5000)
[2026-09-08 17:42:33] 📍 [mission] Цель: 1:380:1 (mission=6), корабли источника: {"203":"523740130933","207":"138751214925","210":"5065819257"}
[2026-09-08 17:42:33] 🎯 [mission] Цель (стадия 2): {"galaxy":"1","system":"380","planet":"1","planet_type":"1"}
[2026-09-08 17:42:34] 🕵️ [spy] Шпионаж → 1:380:1 (kasper3) [sent]
[2026-09-08 17:42:35] 🌾 [farm] spyTargets: sent=[{"coords":"1:380:1","player":"kasper3","dryRun":false}], skipped=[], failed=[]
[2026-09-08 17:42:35] 🌾 [farm] Шпионы на [1:380:1] отправлены — ждём отчёт 60000мс
[2026-09-08 17:42:35] 🌾 [loop] farm результат: {"spied":"1:380:1","waitingReport":true}
[2026-09-08 17:42:35] 🚀 [loop] expedition: выключен → пропускаем launchExpeditions
[2026-09-08 17:42:35] 📊 [tick] миссий: 25 (return:12 attack:4 transport:1 expedition:2 unknown:6), атаки: 0
[2026-09-08 17:43:06] 👋 [server] Остановка...
[2026-09-08 17:43:59] 👋 [server] Завершено
